contract_id,brand,model,year,fuel_type,current_value,color,usage,previous_claims,power_hp
CTR_000003,BMW,Serie1,2022,Gasoline,29567.77,Gray,Mixed,0,128
CTR_000005,Renault,Megane,2024,Hybrid,14873.92,Black,Personal,0,150
CTR_000012,Peugeot,208,2020,Hybrid,8362.3,White,Professional,2,175
CTR_000015,Renault,Captur,2024,Electric,14849.3,Unknown,Mixed,1,135
CTR_000016,Renault,Megane,2020,Gasoline,14522.08,Blue,Personal,1,176
CTR_000018,Renault,Megane,2018,Diesel,5563.73,Blue,Personal,0,122
CTR_000019,Mercedes,ClasseA,2022,Electric,8418.145,Black,Professional,3,106
CTR_000022,Renault,Captur,2012,Hybrid,5771.16,Black,Personal,1,183
CTR_000023,Renault,Clio,2016,Hybrid,5183.74,White,Mixed,2,120
CTR_000024,Renault,Megane,2024,Electric,15717.85,White,Personal,1,135
CTR_000026,Peugeot,308,2024,Hybrid,14083.82,Gray,Personal,0,85
CTR_000029,Peugeot,3008,2021,Hybrid,9184.95,White,Mixed,0,99
CTR_000031,Renault,Captur,2010,Diesel,5874.58,Gray,Mixed,1,135
CTR_000032,Renault,Megane,2023,Hybrid,12920.99,Blue,Professional,1,135
CTR_000035,Peugeot,3008,2012,Electric,4635.47,Black,Professional,0,183
CTR_000040,BMW,Serie1,2022,Gasoline,22154.16,White,Professional,0,135
CTR_000041,Volkswagen,Polo,2011,Gasoline,4868.71,Red,Mixed,0,192
CTR_000043,Peugeot,308,2021,Diesel,10940.48,Black,Mixed,0,118
CTR_000045,Renault,Megane,2024,Gasoline,12608.02,White,Professional,1,139
CTR_000046,Volkswagen,Golf,2022,Gasoline,17390.55,White,Professional,2,160
CTR_000047,Renault,Captur,2018,Hybrid,4323.29,Blue,Mixed,2,135
CTR_000048,Peugeot,3008,2020,Gasoline,6645.39,Black,Professional,3,138
CTR_000054,Renault,Megane,2019,Electric,5836.75,Red,Personal,1,97
CTR_000056,BMW,Serie1,2024,Gasoline,39264.93,Red,Personal,0,130
CTR_000057,Peugeot,308,2018,Gasoline,5560.11,Unknown,Mixed,1,98
CTR_000060,Volkswagen,Polo,2019,Diesel,8139.55,Red,Mixed,0,135
CTR_000061,Peugeot,208,2024,Electric,15832.15,Blue,Personal,0,80
CTR_000064,Volkswagen,Golf,2022,Diesel,13729.85,Red,Mixed,1,200
CTR_000066,Renault,Clio,2020,Electric,8418.145,White,Mixed,2,128
CTR_000070,Renault,Captur,2024,Gasoline,12363.13,Black,Professional,1,108
CTR_000074,Volkswagen,Polo,2023,Electric,20615.64,Red,Mixed,0,142
CTR_000078,Renault,Captur,2018,Diesel,5356.11,Gray,Professional,0,117
CTR_000080,Mercedes,ClasseA,2024,Gasoline,41034.3,Blue,Personal,0,173
CTR_000087,Renault,Clio,2012,Hybrid,8418.145,Black,Professional,2,135
CTR_000103,Volkswagen,Polo,2015,Gasoline,4817.96,Blue,Professional,1,159
CTR_000107,Volkswagen,Golf,2019,Hybrid,8896.69,Black,Mixed,3,163
CTR_000111,Peugeot,308,2018,Gasoline,4926.7,Red,Mixed,0,100
CTR_000113,BMW,Serie1,2020,Electric,11921.6,Red,Mixed,0,133
CTR_000115,Renault,Captur,2021,Diesel,8269.56,Blue,Professional,3,116
CTR_000117,Peugeot,208,2021,Hybrid,10730.77,Red,Personal,3,119
CTR_000118,Volkswagen,Polo,2020,Hybrid,11993.76,White,Professional,0,99
CTR_000120,Peugeot,308,2020,Gasoline,7532.81,White,Mixed,0,189
CTR_000122,Renault,Megane,2020,Electric,8099.02,Red,Personal,1,110
CTR_000127,Volkswagen,Polo,2017,Diesel,4664.45,Blue,Professional,0,141
CTR_000129,Peugeot,208,2024,Electric,15052.74,Blue,Personal,1,199
CTR_000131,Renault,Megane,2020,Diesel,5882.78,White,Personal,0,73
CTR_000137,Renault,Megane,2020,Diesel,7897.33,White,Personal,0,192
CTR_000138,Volkswagen,Tiguan,2020,Hybrid,11309.84,White,Professional,2,162
CTR_000141,Peugeot,308,2022,Gasoline,9576.93,Blue,Personal,2,115
CTR_000142,Volkswagen,Polo,2021,Electric,12077.08,Red,Mixed,0,135
CTR_000143,Volkswagen,Polo,2021,Diesel,8418.145,Unknown,Personal,1,197
CTR_000147,Volkswagen,Tiguan,2010,Hybrid,5548.21,Unknown,Personal,0,179
CTR_000154,Volkswagen,Polo,2023,Hybrid,21866.01,Blue,Mixed,0,135
CTR_000158,Renault,Clio,2022,Gasoline,11572.0,Red,Professional,2,135
CTR_000162,Renault,Clio,2013,Hybrid,4431.69,Red,Mixed,1,135
CTR_000163,Peugeot,308,2014,Diesel,4712.68,Blue,Personal,2,116
CTR_000168,Renault,Captur,2022,Hybrid,9564.52,Unknown,Personal,3,90
CTR_000173,Peugeot,3008,2017,Gasoline,5274.37,Unknown,Professional,3,140
CTR_000175,Peugeot,3008,2017,Gasoline,5294.7,Blue,Professional,1,135
CTR_000176,Peugeot,308,2023,Gasoline,10645.37,Red,Professional,0,152
CTR_000177,Peugeot,3008,2010,Electric,5463.42,Black,Personal,2,110
CTR_000179,Peugeot,3008,2024,Diesel,13377.06,Blue,Mixed,1,135
CTR_000180,Peugeot,308,2015,Diesel,5602.75,White,Mixed,1,124
CTR_000181,Peugeot,308,2021,Diesel,8418.145,White,Mixed,3,189
CTR_000184,Peugeot,208,2021,Gasoline,10740.39,White,Professional,3,183
CTR_000185,Peugeot,308,2021,Electric,9247.15,Unknown,Personal,1,168
CTR_000186,Renault,Captur,2020,Hybrid,6838.26,Gray,Professional,1,135
CTR_000187,Peugeot,208,2010,Electric,4870.24,Unknown,Personal,3,105
CTR_000188,Peugeot,208,2012,Hybrid,5054.47,Blue,Professional,1,195
CTR_000190,Volkswagen,Golf,2020,Electric,9359.67,Unknown,Professional,0,71
CTR_000191,Volkswagen,Golf,2018,Hybrid,6566.87,Blue,Personal,2,141
CTR_000192,Peugeot,308,2020,Hybrid,7812.68,Blue,Personal,2,137
CTR_000193,Peugeot,308,2018,Diesel,4146.39,Blue,Mixed,3,135
CTR_000195,Renault,Megane,2023,Electric,16247.23,Blue,Personal,1,186
CTR_000197,Renault,Captur,2020,Gasoline,8418.145,Blue,Mixed,2,76
CTR_000200,Renault,Clio,2011,Diesel,5893.98,White,Professional,2,135
CTR_000201,Renault,Megane,2019,Gasoline,5354.24,Unknown,Professional,0,180
CTR_000202,Peugeot,3008,2013,Gasoline,4449.52,Unknown,Personal,0,135
CTR_000203,Volkswagen,Polo,2012,Hybrid,5473.0,Black,Professional,0,142
CTR_000205,Peugeot,3008,2019,Gasoline,5837.99,Unknown,Personal,2,96
CTR_000209,Volkswagen,Golf,2011,Electric,5762.92,Red,Professional,1,88
CTR_000213,Renault,Clio,2018,Gasoline,4928.98,Black,Professional,0,113
CTR_000215,BMW,Serie1,2017,Hybrid,5237.88,White,Professional,2,175
CTR_000219,Renault,Megane,2019,Hybrid,6645.36,Unknown,Professional,1,127
CTR_000220,Volkswagen,Polo,2015,Electric,5660.75,White,Professional,1,135
CTR_000222,Peugeot,208,2020,Electric,6881.47,Unknown,Mixed,2,94
CTR_000225,Volkswagen,Golf,2019,Diesel,7964.34,Red,Professional,3,178
CTR_000226,Renault,Clio,2020,Gasoline,4733.83,White,Mixed,3,150
CTR_000227,BMW,X1,2019,Gasoline,11803.37,White,Mixed,1,100
CTR_000231,Volkswagen,Tiguan,2019,Gasoline,9130.88,Gray,Mixed,3,135
CTR_000232,Renault,Megane,2016,Diesel,6450.02,Unknown,Personal,0,133
CTR_000234,BMW,X1,2024,Electric,38343.66,Red,Professional,0,102
CTR_000236,Renault,Megane,2021,Diesel,10713.42,Red,Personal,0,108
CTR_000238,Peugeot,308,2018,Hybrid,4090.0,Blue,Personal,2,178
CTR_000239,Mercedes,GLA,2018,Gasoline,10445.16,Unknown,Professional,1,95
CTR_000240,Peugeot,208,2022,Electric,9722.49,Gray,Personal,2,156
CTR_000241,Mercedes,ClasseA,2020,Diesel,23146.0,Black,Mixed,1,135
CTR_000248,Renault,Captur,2022,Electric,12301.6,White,Professional,2,135
CTR_000250,Peugeot,208,2012,Hybrid,4894.24,Blue,Personal,0,135
CTR_000251,Peugeot,308,2023,Electric,14938.2,Gray,Mixed,0,157
CTR_000252,Peugeot,308,2011,Gasoline,5695.24,Black,Personal,3,137
CTR_000255,Mercedes,ClasseA,2021,Hybrid,21910.43,White,Personal,1,142
CTR_000257,Volkswagen,Golf,2023,Electric,16733.98,Black,Professional,2,179
CTR_000258,Peugeot,208,2020,Gasoline,6826.65,Black,Personal,0,99
CTR_000261,Renault,Megane,2014,Hybrid,5340.1,Gray,Mixed,2,163
CTR_000264,Peugeot,3008,2024,Hybrid,8418.145,Gray,Professional,2,129
CTR_000265,Renault,Megane,2021,Electric,9561.3,White,Personal,2,150
CTR_000271,Renault,Captur,2019,Gasoline,6441.96,Blue,Professional,0,182
CTR_000272,Peugeot,208,2020,Diesel,4825.5,White,Professional,3,132
CTR_000277,Mercedes,GLA,2018,Hybrid,13314.22,Red,Mixed,2,166
CTR_000282,Peugeot,308,2020,Hybrid,5298.95,Black,Mixed,2,78
CTR_000283,Volkswagen,Polo,2023,Diesel,15584.69,Unknown,Mixed,1,199
CTR_000285,Renault,Megane,2018,Diesel,5058.55,Gray,Personal,1,108
CTR_000288,Mercedes,ClasseA,2020,Gasoline,19960.0,White,Mixed,2,113
CTR_000289,Renault,Captur,2018,Hybrid,4250.0,White,Personal,3,135
CTR_000290,Volkswagen,Tiguan,2015,Gasoline,4046.38,Unknown,Mixed,2,156
CTR_000291,Volkswagen,Polo,2018,Diesel,6761.23,Unknown,Professional,0,142
CTR_000292,Peugeot,308,2020,Electric,9150.52,Gray,Personal,3,138
CTR_000295,Volkswagen,Tiguan,2015,Hybrid,4880.95,Unknown,Mixed,2,135
CTR_000297,Volkswagen,Polo,2019,Electric,6609.3,White,Mixed,0,161
CTR_000298,Peugeot,3008,2020,Diesel,8550.81,White,Professional,2,139
CTR_000300,BMW,X1,2022,Electric,33556.21,White,Professional,1,95
CTR_000301,Peugeot,208,2024,Gasoline,15336.11,Blue,Personal,0,193
CTR_000302,Renault,Captur,2022,Diesel,9456.9,Black,Personal,2,109
CTR_000303,Volkswagen,Polo,2019,Hybrid,7478.58,Black,Professional,0,91
CTR_000306,Renault,Captur,2011,Diesel,5816.63,Unknown,Personal,3,172
CTR_000307,Peugeot,308,2020,Hybrid,7544.04,Red,Personal,3,148
CTR_000311,Renault,Captur,2020,Diesel,7728.91,Blue,Mixed,0,135
CTR_000312,Peugeot,308,2018,Gasoline,4148.71,Black,Personal,0,141
CTR_000313,Renault,Clio,2024,Diesel,12776.0,Gray,Personal,1,135
CTR_000314,Renault,Captur,2019,Electric,4990.78,Red,Professional,3,135
CTR_000316,Volkswagen,Tiguan,2022,Hybrid,12540.76,Gray,Mixed,3,112
CTR_000317,Volkswagen,Golf,2012,Hybrid,4241.22,Black,Professional,1,135
CTR_000325,Volkswagen,Golf,2017,Diesel,4833.21,Unknown,Mixed,0,158
CTR_000327,Peugeot,208,2024,Gasoline,15348.03,Unknown,Professional,1,135
CTR_000328,Volkswagen,Golf,2021,Electric,11837.02,Unknown,Professional,3,179
CTR_000338,Volkswagen,Tiguan,2020,Gasoline,4839.0,Unknown,Personal,3,166
CTR_000341,Peugeot,3008,2019,Gasoline,6622.78,Unknown,Personal,0,165
CTR_000342,Renault,Clio,2023,Hybrid,11074.14,Gray,Professional,3,170
CTR_000343,Volkswagen,Polo,2018,Gasoline,4556.43,Black,Personal,3,97
CTR_000347,Peugeot,208,2021,Diesel,8666.84,Blue,Personal,1,93
CTR_000351,Renault,Clio,2019,Hybrid,6543.94,Black,Professional,2,126
CTR_000352,Renault,Megane,2024,Hybrid,11300.0,Red,Mixed,0,163
CTR_000353,Renault,Clio,2020,Hybrid,6199.47,Unknown,Professional,0,135
CTR_000359,Volkswagen,Tiguan,2018,Hybrid,4625.78,White,Professional,1,135
CTR_000361,Renault,Megane,2020,Gasoline,6921.61,White,Mixed,2,97
CTR_000364,Peugeot,308,2018,Electric,5295.5,Black,Personal,0,70
CTR_000366,Peugeot,208,2023,Gasoline,15366.62,Unknown,Professional,3,135
CTR_000367,Peugeot,208,2018,Diesel,5588.13,Blue,Professional,1,197
CTR_000372,Volkswagen,Polo,2018,Hybrid,5041.58,Black,Mixed,2,149
CTR_000380,Volkswagen,Golf,2016,Hybrid,8418.145,Blue,Personal,0,134
CTR_000381,Peugeot,208,2021,Gasoline,10229.16,Blue,Professional,0,71
CTR_000382,Peugeot,3008,2022,Gasoline,9532.74,Gray,Mixed,2,91
CTR_000383,Peugeot,308,2019,Hybrid,5825.12,Unknown,Personal,1,171
CTR_000384,Volkswagen,Polo,2022,Gasoline,14052.0,Red,Professional,0,153
CTR_000387,Renault,Clio,2023,Gasoline,8418.145,Black,Mixed,0,176
CTR_000388,Renault,Clio,2022,Electric,9637.88,White,Personal,1,135
CTR_000390,Mercedes,ClasseA,2020,Gasoline,16865.77,Red,Professional,0,149
CTR_000391,Peugeot,208,2018,Gasoline,5717.0,Gray,Professional,1,135
CTR_000392,Peugeot,308,2024,Hybrid,13983.0,Blue,Mixed,1,87
CTR_000394,Volkswagen,Tiguan,2024,Electric,19944.59,Black,Mixed,0,158
CTR_000395,Peugeot,3008,2020,Electric,7149.89,Red,Professional,0,146
CTR_000396,Peugeot,308,2023,Hybrid,11435.72,Black,Personal,0,136
CTR_000398,Volkswagen,Golf,2024,Diesel,18090.4,Gray,Personal,1,110
CTR_000405,Volkswagen,Tiguan,2019,Electric,6943.96,Unknown,Personal,2,102
CTR_000406,Volkswagen,Tiguan,2021,Gasoline,14120.33,Black,Mixed,3,185
CTR_000416,Peugeot,208,2024,Diesel,19189.59,Blue,Mixed,2,155
CTR_000417,Peugeot,308,2023,Diesel,12854.17,White,Mixed,2,135
CTR_000423,Peugeot,208,2019,Electric,6775.02,Black,Mixed,0,94
CTR_000425,Peugeot,3008,2024,Diesel,14554.72,Black,Professional,0,95
CTR_000426,Peugeot,208,2019,Hybrid,5872.28,Blue,Mixed,1,149
CTR_000429,Volkswagen,Tiguan,2011,Gasoline,4970.23,Unknown,Professional,1,168
CTR_000431,Mercedes,GLA,2020,Electric,39708.93,Red,Professional,3,107
CTR_000432,Renault,Megane,2022,Hybrid,12497.0,Blue,Mixed,3,135
CTR_000435,Volkswagen,Polo,2020,Gasoline,5488.89,Black,Mixed,1,162
CTR_000442,Peugeot,208,2021,Diesel,11091.62,Black,Professional,2,200
CTR_000451,Peugeot,3008,2018,Hybrid,5285.45,Unknown,Personal,2,135
CTR_000452,Renault,Captur,2022,Gasoline,12083.88,Blue,Professional,0,101
CTR_000454,Mercedes,ClasseC,2019,Gasoline,16363.67,Red,Mixed,0,135
CTR_000455,Volkswagen,Golf,2013,Gasoline,5545.0,Black,Personal,2,122
CTR_000456,Renault,Captur,2018,Electric,5410.5,Red,Personal,3,151
CTR_000459,Mercedes,ClasseA,2021,Diesel,28152.44,Blue,Professional,1,126
CTR_000460,Mercedes,ClasseA,2021,Gasoline,22880.02,Unknown,Personal,1,158
CTR_000462,Peugeot,208,2023,Hybrid,11371.81,Gray,Mixed,2,165
CTR_000463,Renault,Captur,2020,Diesel,7725.62,White,Mixed,3,114
CTR_000465,Volkswagen,Tiguan,2019,Hybrid,7945.24,Black,Personal,1,142
CTR_000466,Peugeot,208,2018,Electric,5529.32,Red,Personal,0,135
CTR_000469,Volkswagen,Polo,2015,Electric,4293.01,Blue,Personal,0,90
CTR_000471,Peugeot,308,2019,Hybrid,7074.46,Red,Professional,3,130
CTR_000477,Volkswagen,Tiguan,2020,Diesel,11248.79,Red,Professional,0,135
CTR_000478,Renault,Megane,2022,Diesel,8609.84,Red,Professional,0,188
CTR_000479,Peugeot,208,2023,Electric,13604.1,White,Personal,3,135
CTR_000483,Renault,Clio,2011,Gasoline,4625.24,Unknown,Mixed,0,160
CTR_000484,Renault,Clio,2018,Hybrid,4549.35,Red,Professional,0,167
CTR_000485,Renault,Captur,2015,Gasoline,8418.145,Blue,Mixed,0,76
CTR_000486,Volkswagen,Tiguan,2024,Gasoline,22687.59,Blue,Personal,0,106
CTR_000488,Volkswagen,Polo,2023,Electric,14147.26,Blue,Professional,3,182
CTR_000493,Peugeot,3008,2018,Diesel,4363.34,Red,Professional,2,135
CTR_000496,Volkswagen,Golf,2014,Electric,5439.06,Unknown,Professional,0,138
CTR_000498,Peugeot,308,2018,Hybrid,5696.38,Gray,Mixed,1,162
CTR_000502,Volkswagen,Polo,2012,Diesel,5978.73,Black,Professional,2,137
CTR_000505,Peugeot,208,2024,Hybrid,8418.145,White,Professional,1,175
CTR_000507,Volkswagen,Golf,2024,Gasoline,23876.62,Black,Professional,1,194
CTR_000508,Renault,Megane,2019,Gasoline,6265.91,Unknown,Professional,1,137
CTR_000510,Renault,Captur,2018,Hybrid,4935.86,White,Mixed,1,121
CTR_000513,Peugeot,3008,2021,Electric,9920.55,Gray,Professional,0,198
CTR_000514,Peugeot,208,2022,Electric,9324.37,Unknown,Personal,2,135
CTR_000519,Renault,Megane,2019,Electric,6641.01,Red,Personal,1,160
CTR_000520,BMW,Serie3,2022,Electric,25139.54,Gray,Personal,3,135
CTR_000523,Mercedes,ClasseA,2020,Hybrid,8418.145,Unknown,Mixed,1,169
CTR_000525,Peugeot,308,2017,Hybrid,5333.9,Blue,Personal,3,158
CTR_000527,Renault,Megane,2023,Hybrid,11150.27,White,Mixed,2,135
CTR_000531,Volkswagen,Golf,2016,Electric,8418.145,Black,Professional,0,114
CTR_000538,Peugeot,308,2019,Diesel,6374.86,Unknown,Professional,1,135
CTR_000541,Renault,Captur,2019,Hybrid,6523.23,Blue,Personal,2,114
CTR_000543,Renault,Captur,2021,Hybrid,9958.62,Red,Professional,0,135
CTR_000545,Peugeot,3008,2011,Hybrid,5160.28,White,Mixed,1,66
CTR_000547,Peugeot,208,2019,Hybrid,5357.96,Blue,Mixed,0,134
CTR_000548,Volkswagen,Tiguan,2022,Hybrid,17928.96,Gray,Personal,0,105
CTR_000550,Renault,Captur,2022,Diesel,10230.01,White,Professional,3,146
CTR_000552,Volkswagen,Polo,2023,Hybrid,15135.33,Red,Professional,0,93
CTR_000555,Renault,Megane,2022,Diesel,8604.1,Gray,Personal,0,135
CTR_000560,Volkswagen,Golf,2020,Hybrid,12272.63,Blue,Mixed,0,195
CTR_000563,Volkswagen,Polo,2023,Electric,19556.52,White,Personal,0,135
CTR_000568,Renault,Captur,2018,Gasoline,4432.77,Red,Professional,1,101
CTR_000570,Peugeot,3008,2023,Hybrid,11308.58,Red,Mixed,0,135
CTR_000573,Volkswagen,Polo,2018,Electric,6629.23,Black,Professional,2,147
CTR_000576,Volkswagen,Golf,2023,Gasoline,15775.17,Black,Mixed,0,94
CTR_000579,Peugeot,308,2018,Gasoline,4923.87,Blue,Personal,1,109
CTR_000585,Renault,Captur,2020,Diesel,7602.81,White,Personal,0,117
CTR_000589,Volkswagen,Tiguan,2023,Gasoline,14519.16,Gray,Professional,3,123
CTR_000590,Volkswagen,Golf,2021,Gasoline,8418.145,Black,Mixed,3,178
CTR_000595,Renault,Captur,2021,Diesel,10550.01,White,Mixed,3,135
CTR_000596,Volkswagen,Polo,2020,Gasoline,11233.45,Gray,Personal,1,135
CTR_000597,Mercedes,GLA,2019,Gasoline,15153.83,White,Personal,0,185
CTR_000598,Mercedes,GLA,2016,Gasoline,5583.46,Unknown,Mixed,1,113
CTR_000600,Volkswagen,Polo,2014,Hybrid,5674.37,Blue,Personal,0,134
CTR_000608,Renault,Megane,2021,Gasoline,7711.98,Gray,Personal,0,181
CTR_000610,Mercedes,ClasseC,2022,Electric,31452.99,White,Personal,1,192
CTR_000613,Mercedes,ClasseC,2023,Electric,33323.9,Red,Professional,2,122
CTR_000614,Peugeot,308,2018,Electric,5013.73,Blue,Professional,1,107
CTR_000615,Renault,Clio,2013,Electric,5431.94,Black,Mixed,3,94
CTR_000616,Volkswagen,Golf,2019,Electric,8012.24,Unknown,Mixed,1,193
CTR_000624,Volkswagen,Polo,2023,Diesel,17754.51,White,Professional,0,169
CTR_000625,BMW,X1,2020,Electric,15064.19,Gray,Mixed,0,191
CTR_000630,Peugeot,208,2020,Diesel,8362.35,White,Professional,1,115
CTR_000632,Renault,Megane,2021,Electric,9197.25,Red,Personal,1,131
CTR_000635,Volkswagen,Polo,2022,Electric,17851.09,Gray,Personal,0,199
CTR_000637,Renault,Captur,2021,Gasoline,9843.51,Black,Personal,2,89
CTR_000639,Renault,Megane,2022,Electric,9527.67,White,Professional,2,135
CTR_000643,Volkswagen,Golf,2018,Diesel,5290.0,Black,Professional,0,135
CTR_000645,Renault,Clio,2022,Electric,9939.38,White,Professional,1,102
CTR_000646,Volkswagen,Polo,2020,Hybrid,11521.19,White,Professional,2,127
CTR_000649,Volkswagen,Tiguan,2014,Electric,5944.39,Red,Professional,0,102
CTR_000650,Peugeot,308,2017,Hybrid,4710.81,Red,Personal,1,181
CTR_000651,Peugeot,308,2018,Hybrid,4029.52,Blue,Professional,1,115
CTR_000652,Peugeot,208,2022,Electric,13392.18,Gray,Professional,3,111
CTR_000654,Peugeot,308,2022,Hybrid,12554.72,Gray,Personal,1,135
CTR_000657,BMW,Serie3,2021,Hybrid,25395.83,White,Professional,2,131
CTR_000658,Peugeot,208,2019,Gasoline,5300.83,Unknown,Mixed,3,184
CTR_000664,Renault,Captur,2011,Hybrid,5291.0,Unknown,Mixed,3,130
CTR_000670,Renault,Captur,2020,Electric,6501.65,Black,Personal,3,171
CTR_000673,Volkswagen,Tiguan,2023,Hybrid,14161.0,Red,Professional,2,135
CTR_000674,Volkswagen,Polo,2021,Gasoline,11044.18,Gray,Mixed,3,135
CTR_000678,Renault,Captur,2013,Diesel,8418.145,Blue,Personal,0,82
CTR_000679,Volkswagen,Golf,2020,Electric,9215.73,Unknown,Professional,0,143
CTR_000686,Volkswagen,Tiguan,2024,Gasoline,20681.14,Black,Mixed,0,92
CTR_000690,Peugeot,308,2022,Gasoline,13534.14,Gray,Personal,1,73
CTR_000694,Peugeot,308,2024,Hybrid,12454.12,Gray,Mixed,1,179
CTR_000697,Renault,Captur,2021,Hybrid,10063.65,Red,Professional,0,161
CTR_000698,Renault,Megane,2018,Gasoline,5195.11,Red,Personal,0,189
CTR_000705,Renault,Clio,2021,Gasoline,8327.06,Gray,Personal,2,135
CTR_000708,Volkswagen,Tiguan,2020,Gasoline,5295.93,White,Professional,2,135
CTR_000709,Peugeot,308,2021,Diesel,8562.82,White,Personal,1,188
CTR_000715,Volkswagen,Polo,2020,Hybrid,9384.27,Blue,Mixed,1,135
CTR_000716,Volkswagen,Golf,2021,Diesel,12407.81,White,Mixed,3,105
CTR_000717,Mercedes,ClasseA,2022,Hybrid,33037.0,Unknown,Mixed,0,155
CTR_000718,Renault,Clio,2020,Diesel,6624.15,Gray,Professional,3,78
CTR_000723,Volkswagen,Polo,2020,Hybrid,5160.62,White,Personal,1,92
CTR_000724,Renault,Clio,2022,Electric,11626.06,Black,Professional,0,135
CTR_000725,Renault,Clio,2018,Hybrid,5397.06,Unknown,Professional,0,189
CTR_000727,Volkswagen,Polo,2022,Diesel,17323.87,Red,Personal,2,173
CTR_000734,Peugeot,308,2018,Diesel,8418.145,Black,Personal,2,116
CTR_000737,Volkswagen,Tiguan,2019,Gasoline,8707.87,White,Personal,1,175
CTR_000738,Volkswagen,Tiguan,2020,Electric,9715.73,Red,Professional,2,111
CTR_000741,Renault,Megane,2013,Gasoline,4900.43,White,Mixed,1,79
CTR_000744,Volkswagen,Golf,2020,Diesel,12339.25,White,Mixed,2,163
CTR_000745,Mercedes,GLA,2019,Diesel,17079.05,Red,Professional,3,108
CTR_000750,Volkswagen,Golf,2012,Electric,5039.78,Blue,Professional,0,102
CTR_000751,Volkswagen,Tiguan,2024,Gasoline,20626.5,Gray,Mixed,3,98
CTR_000753,Volkswagen,Tiguan,2018,Gasoline,4713.92,Black,Professional,0,115
CTR_000754,Peugeot,308,2018,Electric,8418.145,Blue,Professional,2,116
CTR_000758,Volkswagen,Tiguan,2019,Diesel,9984.48,White,Mixed,2,119
CTR_000768,Peugeot,208,2018,Hybrid,5047.23,White,Mixed,3,136
CTR_000770,BMW,Serie3,2022,Hybrid,23162.19,White,Professional,1,199
CTR_000771,Peugeot,3008,2010,Electric,4896.42,Red,Personal,2,124
CTR_000775,Peugeot,3008,2021,Electric,8747.61,Black,Personal,1,135
CTR_000776,Peugeot,208,2023,Diesel,12459.0,Blue,Mixed,0,135
CTR_000777,Peugeot,3008,2015,Diesel,4450.02,Gray,Personal,2,166
CTR_000781,Renault,Megane,2012,Hybrid,4667.82,Gray,Personal,1,152
CTR_000785,Volkswagen,Golf,2021,Gasoline,14447.0,Red,Personal,3,111
CTR_000786,Peugeot,208,2022,Hybrid,12575.14,Gray,Professional,1,181
CTR_000787,BMW,X1,2020,Hybrid,4981.08,Unknown,Personal,0,171
CTR_000788,Renault,Megane,2022,Electric,11842.33,Blue,Mixed,3,127
CTR_000791,Peugeot,208,2022,Electric,13568.58,Unknown,Mixed,0,97
CTR_000792,Renault,Captur,2021,Gasoline,8623.62,Black,Professional,0,90
CTR_000797,Renault,Clio,2014,Hybrid,5959.97,Gray,Personal,3,172
CTR_000800,Renault,Megane,2018,Hybrid,4940.99,Black,Mixed,1,144
CTR_000808,Peugeot,208,2019,Hybrid,7090.89,White,Personal,1,90
CTR_000812,BMW,X1,2019,Gasoline,16040.83,White,Personal,0,135
CTR_000813,Renault,Clio,2014,Gasoline,4398.26,Gray,Personal,1,160
CTR_000817,Peugeot,208,2010,Electric,4699.69,White,Mixed,2,67
CTR_000818,Peugeot,208,2023,Diesel,14297.82,Blue,Professional,1,120
CTR_000825,Renault,Captur,2020,Diesel,4383.24,Gray,Mixed,1,79
CTR_000826,Renault,Captur,2016,Hybrid,5181.41,Blue,Professional,3,193
CTR_000827,Renault,Captur,2013,Gasoline,5069.61,Black,Professional,2,142
CTR_000828,Peugeot,3008,2020,Gasoline,7150.65,Unknown,Mixed,0,139
CTR_000831,Volkswagen,Polo,2023,Hybrid,16195.76,Red,Professional,0,89
CTR_000832,Renault,Captur,2022,Diesel,10709.41,Black,Personal,1,135
CTR_000834,Volkswagen,Polo,2010,Diesel,4599.7,Blue,Mixed,0,85
CTR_000836,Renault,Clio,2020,Diesel,6348.9,Red,Professional,0,136
CTR_000843,Renault,Megane,2020,Hybrid,8418.145,Blue,Professional,0,106
CTR_000845,Peugeot,308,2018,Diesel,5163.52,Gray,Mixed,1,90
CTR_000847,Peugeot,308,2017,Hybrid,4875.27,Red,Personal,0,135
CTR_000851,Volkswagen,Polo,2011,Gasoline,4362.5,Red,Personal,0,135
CTR_000856,Peugeot,308,2014,Gasoline,5188.73,Unknown,Professional,3,102
CTR_000859,BMW,X1,2012,Diesel,5257.21,Blue,Professional,0,169
CTR_000862,Renault,Captur,2020,Diesel,7221.05,Gray,Professional,0,130
CTR_000869,Peugeot,3008,2015,Hybrid,4745.48,Blue,Personal,1,163
CTR_000870,Peugeot,208,2019,Diesel,6881.39,Red,Mixed,0,153
CTR_000877,Peugeot,308,2011,Diesel,5409.62,Black,Mixed,3,135
CTR_000878,Renault,Captur,2021,Diesel,8444.52,Gray,Professional,0,187
CTR_000880,Renault,Megane,2020,Electric,7551.08,Black,Mixed,0,109
CTR_000881,Peugeot,3008,2019,Diesel,5360.95,Gray,Professional,0,150
CTR_000883,Peugeot,3008,2020,Gasoline,6275.79,Unknown,Personal,3,186
CTR_000884,Renault,Captur,2021,Hybrid,10281.95,Gray,Personal,1,184
CTR_000886,Peugeot,3008,2020,Gasoline,9674.43,Gray,Mixed,3,171
CTR_000890,Renault,Captur,2023,Diesel,13006.0,Red,Professional,1,96
CTR_000892,Renault,Clio,2021,Diesel,10075.75,White,Personal,1,124
CTR_000895,BMW,X1,2024,Gasoline,38931.52,Red,Personal,1,181
CTR_000897,Volkswagen,Polo,2018,Hybrid,8418.145,Blue,Mixed,3,119
CTR_000901,Peugeot,308,2012,Gasoline,5783.73,Gray,Mixed,0,122
CTR_000906,Peugeot,3008,2013,Electric,5637.61,Red,Personal,0,86
CTR_000910,Renault,Megane,2021,Electric,11242.73,Red,Personal,3,120
CTR_000911,Volkswagen,Polo,2015,Electric,5003.39,Unknown,Mixed,0,123
CTR_000917,Mercedes,ClasseC,2014,Gasoline,5416.01,Blue,Professional,1,160
CTR_000919,Volkswagen,Polo,2020,Diesel,8418.145,Gray,Personal,3,100
CTR_000920,Renault,Megane,2024,Hybrid,16022.34,Unknown,Mixed,2,116
CTR_000921,Renault,Clio,2020,Diesel,8324.22,Blue,Personal,3,129
CTR_000923,Renault,Captur,2021,Electric,7405.05,Red,Professional,2,102
CTR_000926,Volkswagen,Tiguan,2023,Gasoline,16523.02,Unknown,Personal,3,149
CTR_000929,Peugeot,208,2015,Diesel,4342.89,Gray,Professional,1,164
CTR_000930,Renault,Megane,2023,Electric,10525.22,White,Professional,2,103
CTR_000932,Peugeot,3008,2020,Diesel,14489.36,Unknown,Professional,3,149
CTR_000936,Volkswagen,Tiguan,2013,Gasoline,5251.32,Red,Mixed,3,170
CTR_000939,Renault,Clio,2018,Gasoline,4687.45,Blue,Mixed,3,135
CTR_000945,Mercedes,GLA,2018,Hybrid,10345.28,Black,Professional,2,132
CTR_000948,Mercedes,GLA,2011,Gasoline,4188.92,Gray,Mixed,0,126
CTR_000950,Volkswagen,Polo,2024,Gasoline,19063.36,Blue,Personal,2,181
CTR_000951,Renault,Captur,2024,Hybrid,13837.48,White,Mixed,3,147
CTR_000952,Peugeot,308,2014,Gasoline,4797.41,Blue,Mixed,0,129
CTR_000956,Peugeot,308,2012,Hybrid,5360.17,Gray,Personal,0,184
CTR_000958,Peugeot,308,2021,Electric,8786.53,Black,Professional,0,135
CTR_000959,Peugeot,208,2023,Diesel,14340.0,Unknown,Mixed,2,76
CTR_000965,Peugeot,208,2019,Hybrid,6918.65,Black,Personal,1,117
CTR_000968,Volkswagen,Polo,2011,Diesel,5182.48,Unknown,Professional,2,166
CTR_000970,Peugeot,3008,2010,Hybrid,4777.36,Black,Personal,3,110
CTR_000972,Renault,Captur,2024,Hybrid,12206.28,Black,Mixed,0,196
CTR_000973,BMW,X1,2023,Diesel,36127.46,White,Personal,2,185
CTR_000976,Peugeot,3008,2018,Electric,8418.145,White,Mixed,1,135
CTR_000977,Peugeot,3008,2020,Gasoline,7008.9,Black,Personal,2,193
CTR_000980,Renault,Clio,2017,Hybrid,4301.27,Gray,Professional,0,94
CTR_000982,Peugeot,3008,2017,Diesel,4098.62,Black,Personal,1,198
CTR_000984,Peugeot,308,2022,Electric,9988.92,Red,Personal,3,135
CTR_000985,Renault,Clio,2010,Diesel,5464.75,Red,Personal,0,111
CTR_000986,Renault,Captur,2013,Diesel,5259.07,Black,Personal,3,143
CTR_000987,Volkswagen,Golf,2011,Diesel,5934.87,Black,Mixed,1,88
CTR_000989,BMW,X1,2023,Hybrid,28606.68,Red,Personal,0,135
CTR_000993,Renault,Megane,2023,Electric,8418.145,Black,Mixed,0,119
CTR_000995,Renault,Clio,2022,Diesel,9024.67,White,Professional,1,113
CTR_000998,Volkswagen,Polo,2013,Electric,5125.17,Red,Professional,1,125
CTR_001003,Volkswagen,Tiguan,2018,Hybrid,5525.61,Blue,Personal,1,136
CTR_001009,Peugeot,308,2018,Hybrid,5676.4,Black,Mixed,0,179
CTR_001010,Volkswagen,Golf,2023,Diesel,19019.29,Gray,Mixed,3,116
CTR_001012,Peugeot,3008,2013,Diesel,4388.63,Unknown,Professional,1,135
CTR_001025,Renault,Megane,2020,Gasoline,5967.77,Black,Mixed,3,98
CTR_001029,Renault,Clio,2016,Gasoline,5646.29,Red,Personal,0,174
CTR_001030,Peugeot,308,2018,Electric,4709.26,White,Mixed,3,194
CTR_001031,Volkswagen,Golf,2020,Diesel,11756.29,Black,Personal,1,135
CTR_001033,Peugeot,308,2020,Hybrid,9225.56,Unknown,Mixed,0,167
CTR_001034,Volkswagen,Tiguan,2020,Electric,12023.57,Blue,Personal,0,118
CTR_001036,Renault,Clio,2011,Diesel,5112.0,Blue,Personal,3,171
CTR_001039,Renault,Captur,2012,Electric,5669.73,Black,Professional,0,130
CTR_001042,Peugeot,308,2020,Hybrid,6572.59,Blue,Professional,1,178
CTR_001045,Peugeot,3008,2019,Hybrid,5195.3,Blue,Mixed,0,163
CTR_001052,Renault,Megane,2014,Gasoline,5965.22,Red,Professional,3,171
CTR_001063,Volkswagen,Golf,2018,Diesel,8418.145,Red,Mixed,3,135
CTR_001064,Renault,Megane,2022,Hybrid,8620.56,White,Professional,1,168
CTR_001065,Peugeot,308,2011,Electric,5095.09,White,Personal,1,155
CTR_001066,BMW,Serie3,2022,Gasoline,24953.96,Gray,Personal,3,113
CTR_001075,Peugeot,208,2018,Diesel,4623.03,Blue,Mixed,1,128
CTR_001076,Peugeot,208,2020,Hybrid,11658.11,Blue,Personal,3,130
CTR_001077,Renault,Megane,2016,Diesel,4640.3,Red,Personal,0,185
CTR_001079,Peugeot,308,2024,Hybrid,13509.33,Unknown,Professional,0,104
CTR_001080,Volkswagen,Tiguan,2011,Gasoline,5875.63,White,Professional,1,175
CTR_001081,Peugeot,208,2023,Diesel,10770.45,Unknown,Personal,1,127
CTR_001083,Volkswagen,Polo,2014,Diesel,8418.145,Gray,Personal,2,131
CTR_001087,Renault,Clio,2017,Electric,5022.37,Unknown,Personal,1,135
CTR_001088,Peugeot,308,2011,Diesel,4879.9,Unknown,Mixed,0,173
CTR_001089,BMW,Serie1,2022,Electric,28273.15,Blue,Professional,0,177
CTR_001090,Volkswagen,Polo,2020,Hybrid,14260.76,Gray,Professional,0,191
CTR_001101,BMW,Serie3,2021,Hybrid,25849.59,Blue,Personal,2,68
CTR_001102,Peugeot,3008,2020,Gasoline,7800.0,Red,Professional,2,174
CTR_001103,Renault,Clio,2018,Electric,5107.35,Gray,Personal,2,158
CTR_001104,Peugeot,208,2014,Diesel,4925.54,Black,Personal,3,200
CTR_001107,Peugeot,3008,2012,Diesel,4889.02,Black,Personal,2,127
CTR_001110,Renault,Clio,2019,Gasoline,4898.21,Gray,Personal,1,124
CTR_001111,BMW,Serie1,2018,Electric,9817.0,Blue,Mixed,1,135
CTR_001114,Renault,Clio,2022,Gasoline,10305.25,Red,Personal,1,181
CTR_001115,Peugeot,3008,2024,Electric,16289.59,Blue,Mixed,3,137
CTR_001120,Volkswagen,Polo,2024,Electric,16110.65,White,Professional,2,135
CTR_001122,BMW,Serie1,2016,Diesel,8418.145,White,Personal,1,154
CTR_001124,Renault,Captur,2016,Electric,5526.34,Blue,Mixed,2,183
CTR_001126,Renault,Captur,2021,Gasoline,8670.07,Unknown,Personal,0,185
CTR_001130,Peugeot,308,2024,Electric,16457.0,Gray,Mixed,1,119
CTR_001132,Volkswagen,Polo,2018,Gasoline,4863.29,White,Mixed,3,186
CTR_001138,Peugeot,3008,2011,Gasoline,8418.145,Blue,Professional,3,175
CTR_001139,Renault,Megane,2013,Electric,4578.22,Blue,Personal,2,135
CTR_001141,Peugeot,208,2019,Hybrid,6492.29,Black,Mixed,0,135
CTR_001142,Mercedes,ClasseA,2021,Diesel,21368.67,Black,Professional,3,135
CTR_001149,Renault,Clio,2023,Hybrid,11500.19,Gray,Mixed,3,200
CTR_001150,Volkswagen,Golf,2019,Electric,6781.94,Gray,Personal,2,135
CTR_001151,Volkswagen,Tiguan,2019,Hybrid,8414.86,White,Personal,0,73
CTR_001153,Volkswagen,Golf,2016,Diesel,4785.0,Black,Professional,3,194
CTR_001154,Renault,Captur,2019,Hybrid,4646.38,Black,Personal,0,133
CTR_001155,Mercedes,ClasseA,2021,Diesel,8418.145,Black,Professional,1,167
CTR_001158,Peugeot,208,2011,Hybrid,4049.0,Red,Professional,1,192
CTR_001160,Mercedes,ClasseC,2020,Gasoline,23449.73,Red,Mixed,0,135
CTR_001161,Peugeot,208,2020,Hybrid,9167.64,Black,Professional,1,122
CTR_001163,Mercedes,GLA,2021,Diesel,28775.12,Gray,Mixed,1,133
CTR_001165,Renault,Captur,2011,Hybrid,8418.145,White,Professional,3,78
CTR_001167,Renault,Megane,2024,Diesel,16223.83,Unknown,Mixed,1,166
CTR_001168,Mercedes,ClasseA,2017,Hybrid,8418.145,Blue,Professional,0,112
CTR_001169,Volkswagen,Polo,2022,Hybrid,13652.28,Black,Mixed,2,123
CTR_001172,Renault,Megane,2014,Electric,4462.34,Red,Personal,2,135
CTR_001183,Peugeot,308,2017,Hybrid,5618.85,White,Professional,2,157
CTR_001185,Renault,Megane,2011,Diesel,5481.05,Black,Personal,3,135
CTR_001186,Volkswagen,Golf,2020,Gasoline,13464.02,Blue,Mixed,3,135
CTR_001187,Renault,Megane,2019,Diesel,6489.86,Blue,Personal,0,135
CTR_001194,BMW,Serie1,2021,Gasoline,25922.88,Gray,Professional,2,84
CTR_001205,Volkswagen,Polo,2018,Hybrid,5210.51,White,Personal,3,98
CTR_001208,Volkswagen,Tiguan,2023,Diesel,15015.63,Unknown,Personal,0,184
CTR_001209,Volkswagen,Polo,2022,Gasoline,16281.9,Gray,Personal,3,143
CTR_001210,Peugeot,308,2022,Electric,12241.93,Unknown,Personal,0,113
CTR_001212,Peugeot,308,2022,Diesel,13378.78,Black,Professional,1,135
CTR_001213,BMW,X1,2015,Diesel,8418.145,Gray,Professional,1,118
CTR_001214,BMW,X1,2020,Electric,21321.88,Blue,Mixed,3,143
CTR_001217,Peugeot,3008,2022,Electric,11709.47,Red,Mixed,0,135
CTR_001218,Renault,Clio,2024,Gasoline,14146.88,Black,Professional,3,135
CTR_001221,Volkswagen,Golf,2024,Hybrid,22776.67,Black,Personal,0,74
CTR_001222,Renault,Megane,2019,Diesel,5626.63,Gray,Mixed,2,110
CTR_001226,Renault,Clio,2011,Diesel,5800.06,Red,Mixed,1,135
CTR_001228,Peugeot,208,2012,Electric,4068.86,Blue,Personal,2,102
CTR_001233,Peugeot,308,2018,Hybrid,4717.58,Red,Mixed,3,135
CTR_001235,Renault,Megane,2022,Gasoline,13271.56,Unknown,Professional,3,129
CTR_001236,Peugeot,3008,2022,Diesel,10077.37,Black,Professional,0,145
CTR_001239,Peugeot,3008,2015,Gasoline,4797.93,Red,Professional,1,127
CTR_001245,Volkswagen,Tiguan,2010,Electric,4020.09,Blue,Mixed,2,135
CTR_001250,Renault,Clio,2016,Electric,4603.44,Unknown,Personal,2,69
CTR_001253,Renault,Captur,2021,Electric,8309.0,Black,Professional,0,98
CTR_001254,Peugeot,3008,2023,Hybrid,14427.84,Black,Personal,3,108
CTR_001256,Mercedes,GLA,2020,Diesel,22275.41,Gray,Personal,1,99
CTR_001258,Renault,Clio,2020,Diesel,5476.7,Unknown,Mixed,0,96
CTR_001260,BMW,Serie3,2019,Gasoline,15279.62,Gray,Mixed,3,132
CTR_001263,Renault,Clio,2022,Electric,10334.99,White,Personal,3,119
CTR_001264,Peugeot,3008,2023,Hybrid,12854.74,Blue,Mixed,0,135
CTR_001267,Peugeot,208,2018,Gasoline,5820.22,Unknown,Mixed,1,135
CTR_001268,BMW,X1,2021,Gasoline,24397.03,Blue,Mixed,1,135
CTR_001269,Renault,Captur,2024,Hybrid,15942.66,White,Personal,2,135
CTR_001271,Renault,Clio,2018,Hybrid,5502.0,Gray,Personal,3,78
CTR_001275,Volkswagen,Golf,2020,Hybrid,5340.63,Red,Professional,2,135
CTR_001276,Peugeot,3008,2021,Diesel,9836.07,Unknown,Mixed,2,187
CTR_001278,Renault,Captur,2012,Hybrid,4616.22,Red,Mixed,2,117
CTR_001286,BMW,X1,2024,Gasoline,31655.17,Unknown,Personal,2,125
CTR_001288,Volkswagen,Golf,2016,Gasoline,5686.5,Red,Professional,2,175
CTR_001293,Peugeot,308,2018,Electric,5434.69,Unknown,Professional,1,172
CTR_001295,Renault,Clio,2024,Hybrid,16418.94,Red,Professional,1,168
CTR_001296,Volkswagen,Golf,2022,Gasoline,13733.73,Red,Mixed,1,85
CTR_001299,Peugeot,3008,2023,Gasoline,15680.53,Red,Professional,1,144
CTR_001301,Volkswagen,Polo,2023,Diesel,14652.44,Unknown,Professional,3,132
CTR_001302,BMW,Serie1,2020,Gasoline,20662.0,Red,Mixed,2,135
CTR_001303,Volkswagen,Golf,2021,Gasoline,11319.19,Unknown,Mixed,2,199
CTR_001304,Volkswagen,Polo,2013,Electric,4784.53,Red,Professional,2,135
CTR_001307,Volkswagen,Tiguan,2023,Hybrid,17092.27,Unknown,Personal,0,135
CTR_001309,Renault,Captur,2015,Diesel,5325.4,Unknown,Personal,0,191
CTR_001312,Peugeot,208,2024,Hybrid,15279.97,Gray,Mixed,3,135
CTR_001314,Volkswagen,Tiguan,2020,Electric,9094.11,Gray,Personal,0,143
CTR_001316,Renault,Clio,2018,Electric,4060.03,Black,Professional,0,163
CTR_001319,Renault,Megane,2023,Electric,13390.43,Red,Professional,2,142
CTR_001320,BMW,X1,2020,Hybrid,30860.65,Red,Personal,1,154
CTR_001325,Renault,Clio,2016,Gasoline,4723.57,Unknown,Mixed,1,93
CTR_001331,Peugeot,208,2023,Diesel,12062.37,Gray,Personal,0,135
CTR_001334,Peugeot,208,2019,Electric,6775.31,Blue,Mixed,2,160
CTR_001335,Volkswagen,Polo,2020,Diesel,8418.145,Black,Personal,2,135
CTR_001336,Volkswagen,Polo,2024,Hybrid,22608.4,Black,Professional,0,82
CTR_001339,Renault,Clio,2016,Diesel,4882.03,Unknown,Personal,1,195
CTR_001345,Volkswagen,Polo,2013,Hybrid,5703.92,Unknown,Mixed,0,123
CTR_001346,BMW,X1,2023,Diesel,36781.85,White,Personal,1,89
CTR_001349,Peugeot,3008,2020,Electric,8109.36,Unknown,Mixed,2,98
CTR_001352,Volkswagen,Tiguan,2011,Diesel,4094.34,Red,Professional,2,93
CTR_001353,Renault,Captur,2018,Diesel,5404.0,Red,Personal,3,193
CTR_001354,Renault,Megane,2020,Gasoline,7390.97,Unknown,Mixed,0,135
CTR_001359,Peugeot,3008,2019,Diesel,6508.91,Unknown,Personal,3,102
CTR_001361,BMW,Serie3,2022,Hybrid,23282.82,Blue,Personal,2,157
CTR_001367,Peugeot,208,2016,Gasoline,5211.6,White,Personal,0,188
CTR_001371,Peugeot,308,2019,Hybrid,6094.07,Blue,Personal,1,86
CTR_001377,BMW,X1,2022,Gasoline,27690.5,Black,Personal,3,99
CTR_001381,Volkswagen,Polo,2023,Diesel,19203.34,Red,Mixed,0,80
CTR_001382,Volkswagen,Golf,2010,Diesel,5088.43,White,Professional,2,188
CTR_001383,Volkswagen,Golf,2021,Gasoline,11887.67,Blue,Professional,2,130
CTR_001387,Peugeot,208,2016,Electric,4618.01,Gray,Personal,1,91
CTR_001388,Peugeot,308,2020,Gasoline,12289.44,Red,Professional,1,189
CTR_001390,Renault,Clio,2024,Electric,14917.0,White,Personal,2,99
CTR_001392,Volkswagen,Golf,2012,Gasoline,8418.145,Blue,Personal,0,142
CTR_001398,Peugeot,3008,2022,Diesel,10732.14,White,Personal,2,109
CTR_001399,BMW,Serie1,2023,Gasoline,32279.97,Blue,Mixed,0,117
CTR_001407,BMW,Serie1,2010,Electric,4624.32,White,Professional,0,135
CTR_001409,Peugeot,3008,2010,Hybrid,5926.53,White,Personal,0,165
CTR_001414,Volkswagen,Polo,2020,Diesel,20771.0,Unknown,Personal,2,135
CTR_001415,Peugeot,208,2023,Electric,13685.46,Blue,Professional,1,135
CTR_001418,Renault,Megane,2020,Gasoline,6221.0,Black,Mixed,2,190
CTR_001419,Volkswagen,Golf,2020,Diesel,10856.14,Black,Personal,0,137
CTR_001426,Peugeot,208,2021,Electric,8812.51,Gray,Mixed,1,119
CTR_001427,Peugeot,208,2020,Diesel,14710.98,Gray,Professional,0,104
CTR_001430,Volkswagen,Golf,2024,Hybrid,20305.6,Unknown,Personal,1,150
CTR_001431,Peugeot,308,2023,Diesel,13083.58,White,Mixed,3,76
CTR_001433,Volkswagen,Tiguan,2018,Electric,6293.04,Blue,Personal,2,139
CTR_001437,Renault,Clio,2024,Diesel,11756.99,Black,Personal,0,100
CTR_001438,Peugeot,208,2020,Gasoline,6762.07,Red,Mixed,0,82
CTR_001440,Volkswagen,Polo,2020,Gasoline,8973.08,Red,Personal,0,135
CTR_001448,Renault,Captur,2015,Electric,5633.0,Black,Professional,2,156
CTR_001449,Peugeot,3008,2018,Gasoline,4236.45,Unknown,Personal,1,124
CTR_001453,Peugeot,208,2020,Hybrid,9270.9,Unknown,Personal,1,188
CTR_001454,Renault,Captur,2017,Diesel,5938.33,Red,Professional,0,163
CTR_001455,Renault,Clio,2019,Gasoline,6701.67,Red,Mixed,2,127
CTR_001461,Volkswagen,Tiguan,2019,Electric,9535.01,Gray,Mixed,2,96
CTR_001462,Volkswagen,Polo,2018,Hybrid,5295.18,Gray,Professional,2,96
CTR_001463,Peugeot,308,2013,Gasoline,5314.83,Unknown,Professional,2,123
CTR_001468,Volkswagen,Polo,2020,Hybrid,16893.82,Unknown,Mixed,0,115
CTR_001469,Peugeot,208,2020,Diesel,8523.29,White,Professional,0,122
CTR_001473,Renault,Megane,2023,Gasoline,11856.36,Unknown,Professional,0,158
CTR_001475,Renault,Clio,2021,Electric,8541.53,Blue,Personal,1,144
CTR_001476,Volkswagen,Polo,2018,Hybrid,6504.85,Unknown,Personal,1,97
CTR_001478,BMW,X1,2023,Gasoline,30732.82,Unknown,Mixed,0,135
CTR_001481,Volkswagen,Polo,2016,Diesel,5479.52,Gray,Mixed,1,180
CTR_001483,Renault,Captur,2023,Diesel,13058.79,Blue,Personal,2,190
CTR_001490,Renault,Clio,2023,Hybrid,13097.19,White,Personal,3,167
CTR_001493,Renault,Clio,2019,Electric,5262.02,Red,Personal,3,179
CTR_001495,Renault,Captur,2024,Hybrid,12613.71,Red,Personal,0,135
CTR_001497,Peugeot,208,2024,Hybrid,17312.59,Black,Mixed,0,68
CTR_001498,Renault,Clio,2019,Gasoline,4535.08,Unknown,Professional,3,107
CTR_001499,Renault,Captur,2015,Hybrid,4345.85,Red,Personal,2,122
CTR_001500,Volkswagen,Polo,2020,Diesel,15014.0,Red,Mixed,0,135
CTR_001501,Volkswagen,Polo,2014,Gasoline,5898.77,Red,Mixed,3,135
CTR_001507,Peugeot,208,2024,Hybrid,12030.16,Unknown,Professional,2,135
CTR_001516,Renault,Clio,2017,Diesel,4016.04,Black,Professional,0,95
CTR_001518,BMW,Serie3,2021,Electric,19951.49,Black,Professional,1,135
CTR_001520,BMW,Serie3,2018,Hybrid,8934.02,Gray,Professional,3,103
CTR_001524,Renault,Clio,2023,Gasoline,12614.82,Blue,Mixed,0,186
CTR_001525,Volkswagen,Golf,2021,Gasoline,15161.0,Gray,Personal,0,145
CTR_001530,Peugeot,308,2018,Diesel,4930.0,Red,Personal,1,107
CTR_001532,Renault,Captur,2018,Electric,4577.56,White,Professional,0,157
CTR_001535,Peugeot,208,2019,Gasoline,6760.8,Gray,Personal,2,161
CTR_001536,Peugeot,308,2011,Hybrid,4771.56,White,Personal,1,171
CTR_001537,Renault,Megane,2023,Hybrid,10554.53,White,Mixed,3,140
CTR_001541,Renault,Clio,2020,Electric,13771.69,Gray,Mixed,0,135
CTR_001545,Renault,Megane,2019,Hybrid,4485.41,Unknown,Personal,2,118
CTR_001548,Renault,Megane,2018,Diesel,4410.23,Gray,Personal,1,125
CTR_001555,Volkswagen,Tiguan,2011,Electric,5270.27,White,Mixed,0,178
CTR_001556,Volkswagen,Polo,2021,Electric,10764.61,Unknown,Personal,3,149
CTR_001559,Renault,Megane,2024,Electric,12632.58,Unknown,Professional,2,102
CTR_001564,Peugeot,308,2020,Hybrid,4786.61,Blue,Mixed,2,135
CTR_001567,Renault,Captur,2012,Gasoline,4792.84,Red,Mixed,1,113
CTR_001569,Mercedes,GLA,2019,Electric,19025.94,Black,Personal,0,93
CTR_001570,Peugeot,3008,2023,Electric,14126.88,Gray,Professional,2,147
CTR_001572,Renault,Captur,2019,Diesel,4562.93,Unknown,Personal,0,120
CTR_001579,Peugeot,308,2020,Diesel,6930.61,Unknown,Personal,1,135
CTR_001581,Mercedes,GLA,2024,Electric,41862.0,Red,Personal,1,180
CTR_001583,Renault,Megane,2019,Diesel,6078.07,Blue,Professional,0,92
CTR_001584,Peugeot,308,2022,Electric,10855.52,White,Mixed,1,199
CTR_001585,Peugeot,208,2018,Electric,5713.14,Black,Mixed,0,97
CTR_001589,BMW,Serie3,2021,Diesel,8418.145,Gray,Professional,3,135
CTR_001592,Volkswagen,Tiguan,2022,Diesel,15893.5,Blue,Professional,2,90
CTR_001594,Peugeot,208,2018,Gasoline,5124.78,White,Professional,0,186
CTR_001598,Volkswagen,Golf,2020,Electric,8418.145,White,Professional,0,92
CTR_001600,Volkswagen,Tiguan,2015,Electric,5564.09,Unknown,Professional,0,135
CTR_001601,Volkswagen,Tiguan,2020,Gasoline,9216.21,Blue,Professional,0,120
CTR_001602,Peugeot,3008,2014,Electric,4967.14,White,Professional,3,175
CTR_001603,Renault,Clio,2019,Hybrid,5482.0,White,Personal,1,107
CTR_001614,Volkswagen,Tiguan,2019,Diesel,9412.69,Gray,Professional,0,103
CTR_001616,Renault,Clio,2018,Diesel,4223.53,White,Personal,1,176
CTR_001617,Peugeot,208,2018,Diesel,5886.94,Unknown,Mixed,2,130
CTR_001618,Volkswagen,Polo,2024,Hybrid,20580.76,Gray,Mixed,2,129
CTR_001619,Peugeot,208,2010,Hybrid,4576.11,White,Professional,2,135
CTR_001621,Volkswagen,Golf,2019,Gasoline,9181.9,Blue,Professional,3,91
CTR_001623,Volkswagen,Tiguan,2022,Electric,12466.58,Blue,Personal,3,160
CTR_001630,Renault,Megane,2020,Diesel,4637.88,Black,Professional,0,107
CTR_001631,Volkswagen,Tiguan,2023,Electric,19377.86,Blue,Mixed,0,95
CTR_001633,Renault,Clio,2017,Electric,5655.38,White,Personal,2,114
CTR_001635,Renault,Clio,2023,Electric,10681.43,Gray,Mixed,2,179
CTR_001639,Peugeot,308,2020,Gasoline,5883.54,White,Personal,1,196
CTR_001642,Volkswagen,Polo,2020,Diesel,4107.45,Unknown,Mixed,1,95
CTR_001647,Volkswagen,Polo,2014,Diesel,4867.11,White,Professional,1,147
CTR_001650,Peugeot,3008,2020,Hybrid,6544.04,Black,Mixed,2,127
CTR_001655,Volkswagen,Polo,2018,Hybrid,4698.84,Black,Mixed,2,106
CTR_001656,Mercedes,ClasseA,2019,Diesel,20513.85,White,Mixed,0,168
CTR_001658,Renault,Megane,2019,Electric,6504.88,Gray,Personal,2,185
CTR_001660,Renault,Clio,2023,Gasoline,12887.99,Black,Professional,2,71
CTR_001661,Volkswagen,Golf,2018,Diesel,6644.49,Gray,Mixed,0,151
CTR_001662,Renault,Clio,2018,Diesel,4982.11,Red,Mixed,0,144
CTR_001667,BMW,Serie3,2021,Electric,24934.39,Red,Professional,2,158
CTR_001668,Volkswagen,Tiguan,2020,Diesel,8724.64,Black,Mixed,2,95
CTR_001669,Volkswagen,Polo,2014,Gasoline,4791.23,White,Personal,0,196
CTR_001670,Renault,Clio,2021,Hybrid,9014.09,Blue,Mixed,0,167
CTR_001672,Renault,Clio,2015,Hybrid,6111.93,Red,Mixed,0,94
CTR_001674,Volkswagen,Golf,2013,Electric,4668.0,Red,Professional,1,159
CTR_001675,Peugeot,3008,2023,Gasoline,15736.18,Blue,Mixed,3,110
CTR_001676,Peugeot,3008,2021,Gasoline,10501.75,Unknown,Personal,1,178
CTR_001680,Renault,Captur,2022,Electric,10780.31,Red,Personal,3,113
CTR_001684,Volkswagen,Golf,2020,Electric,9695.98,White,Mixed,1,175
CTR_001685,Peugeot,3008,2010,Hybrid,5284.1,Gray,Mixed,2,167
CTR_001688,Volkswagen,Tiguan,2021,Gasoline,8418.145,Blue,Professional,0,184
CTR_001690,Renault,Captur,2020,Electric,7801.78,Red,Personal,0,191
CTR_001691,Peugeot,208,2018,Gasoline,5172.4,Black,Personal,0,92
CTR_001698,Volkswagen,Polo,2021,Hybrid,12290.48,Black,Mixed,1,101
CTR_001699,Mercedes,GLA,2014,Diesel,5633.31,Red,Mixed,0,119
CTR_001701,Peugeot,308,2011,Gasoline,4516.55,Blue,Mixed,1,131
CTR_001702,Peugeot,208,2021,Electric,10081.48,Unknown,Professional,0,151
CTR_001705,Mercedes,GLA,2020,Electric,34801.14,Unknown,Professional,1,181
CTR_001706,Peugeot,208,2019,Diesel,6942.81,Black,Personal,1,131
CTR_001711,Peugeot,208,2018,Hybrid,5181.11,Black,Mixed,0,135
CTR_001715,Volkswagen,Polo,2021,Gasoline,14621.04,Gray,Professional,0,135
CTR_001716,BMW,X1,2020,Electric,5906.63,Unknown,Professional,0,169
CTR_001718,Renault,Captur,2020,Electric,6813.28,Red,Professional,0,121
CTR_001719,Renault,Captur,2019,Hybrid,5723.63,Black,Mixed,0,135
CTR_001721,BMW,X1,2013,Electric,5767.95,Black,Personal,2,140
CTR_001725,BMW,X1,2022,Hybrid,30558.86,Gray,Professional,3,188
CTR_001728,Renault,Captur,2013,Gasoline,8418.145,Gray,Mixed,3,103
CTR_001729,Peugeot,308,2018,Gasoline,4962.73,Gray,Mixed,3,139
CTR_001732,Volkswagen,Golf,2017,Gasoline,4446.19,Blue,Mixed,0,78
CTR_001734,Volkswagen,Tiguan,2021,Hybrid,14831.71,Black,Mixed,2,181
CTR_001736,Volkswagen,Polo,2024,Diesel,8418.145,Red,Mixed,2,130
CTR_001742,Renault,Captur,2022,Diesel,9441.51,Blue,Personal,0,108
CTR_001744,Renault,Megane,2024,Electric,13490.59,Unknown,Mixed,0,115
CTR_001748,Peugeot,208,2020,Hybrid,6929.95,Black,Personal,1,95
CTR_001751,Renault,Megane,2019,Diesel,6660.0,Black,Mixed,2,168
CTR_001753,Renault,Captur,2015,Electric,4488.05,Red,Personal,1,135
CTR_001756,BMW,X1,2018,Electric,9260.27,Gray,Personal,2,105
CTR_001763,BMW,X1,2024,Hybrid,30437.0,Gray,Professional,1,92
CTR_001767,Peugeot,3008,2019,Diesel,7024.01,Gray,Mixed,1,137
CTR_001768,Renault,Clio,2021,Gasoline,8642.02,Blue,Mixed,2,146
CTR_001769,Volkswagen,Tiguan,2022,Electric,13752.04,Red,Professional,0,181
CTR_001770,Volkswagen,Polo,2010,Hybrid,4492.24,Black,Mixed,3,190
CTR_001773,Renault,Captur,2022,Diesel,11004.38,Black,Mixed,3,170
CTR_001774,Peugeot,208,2018,Electric,5955.29,Red,Personal,2,136
CTR_001777,Renault,Megane,2019,Gasoline,8418.145,Gray,Mixed,1,93
CTR_001779,Peugeot,308,2024,Electric,17890.08,Red,Professional,2,135
CTR_001783,Volkswagen,Golf,2021,Diesel,13441.57,Blue,Personal,3,199
CTR_001791,Renault,Captur,2023,Gasoline,14362.26,Red,Mixed,2,99
CTR_001792,Mercedes,ClasseA,2021,Gasoline,25030.56,Red,Mixed,0,122
CTR_001793,Renault,Clio,2019,Diesel,5623.67,Gray,Mixed,2,135
CTR_001794,Renault,Captur,2018,Gasoline,5039.8,Unknown,Personal,1,181
CTR_001795,Renault,Megane,2024,Diesel,11556.11,Blue,Personal,0,198
CTR_001798,Renault,Captur,2021,Diesel,7802.61,Gray,Personal,1,135
CTR_001801,Volkswagen,Polo,2019,Hybrid,9235.5,White,Personal,3,174
CTR_001802,Renault,Megane,2018,Hybrid,6371.98,Red,Professional,1,146
CTR_001803,BMW,X1,2018,Hybrid,8418.145,White,Mixed,0,123
CTR_001809,Peugeot,308,2018,Diesel,8418.145,Unknown,Personal,0,156
CTR_001814,Volkswagen,Golf,2024,Diesel,22638.47,Black,Personal,1,171
CTR_001815,Renault,Captur,2019,Gasoline,4937.34,White,Mixed,1,173
CTR_001817,Peugeot,208,2020,Electric,5761.65,Gray,Mixed,1,125
CTR_001823,Peugeot,208,2019,Hybrid,6775.66,Blue,Mixed,3,165
CTR_001825,Volkswagen,Golf,2018,Gasoline,6288.91,Red,Personal,1,188
CTR_001830,Volkswagen,Golf,2018,Hybrid,6477.51,White,Personal,1,123
CTR_001834,BMW,X1,2022,Electric,30716.0,Gray,Personal,1,136
CTR_001835,Volkswagen,Golf,2022,Diesel,17736.62,White,Personal,2,179
CTR_001836,Peugeot,308,2014,Diesel,8418.145,Unknown,Mixed,3,96
CTR_001842,BMW,Serie3,2022,Hybrid,27737.65,Unknown,Professional,0,186
CTR_001849,Mercedes,GLA,2022,Electric,26237.94,White,Personal,0,103
CTR_001852,Renault,Captur,2021,Diesel,9351.16,Gray,Personal,3,164
CTR_001856,Renault,Clio,2018,Gasoline,5884.42,Black,Mixed,0,135
CTR_001857,Mercedes,ClasseA,2024,Hybrid,47482.8,Blue,Professional,2,174
CTR_001860,Renault,Clio,2019,Electric,6722.93,White,Professional,0,175
CTR_001862,Renault,Clio,2019,Hybrid,6034.19,Unknown,Professional,2,171
CTR_001863,Renault,Clio,2018,Electric,5876.87,White,Mixed,0,88
CTR_001865,Peugeot,308,2020,Hybrid,7148.79,Blue,Mixed,0,195
CTR_001866,Renault,Captur,2021,Hybrid,8480.03,Black,Mixed,0,135
CTR_001867,Peugeot,308,2018,Hybrid,4580.0,White,Personal,0,199
CTR_001870,Renault,Megane,2022,Diesel,8418.145,Red,Mixed,1,135
CTR_001872,Volkswagen,Tiguan,2019,Hybrid,7079.38,Red,Professional,3,142
CTR_001873,Peugeot,308,2021,Gasoline,8418.145,Red,Personal,3,107
CTR_001874,Mercedes,ClasseA,2024,Gasoline,35087.19,Red,Mixed,2,103
CTR_001876,Volkswagen,Golf,2016,Diesel,4969.6,Unknown,Mixed,0,151
CTR_001878,Renault,Megane,2020,Hybrid,8143.08,Unknown,Professional,3,91
CTR_001883,Renault,Clio,2023,Electric,12911.54,Gray,Personal,0,179
CTR_001884,Volkswagen,Tiguan,2024,Hybrid,16800.97,Unknown,Personal,3,90
CTR_001885,Peugeot,308,2020,Electric,8549.43,Unknown,Professional,0,135
CTR_001886,Volkswagen,Polo,2018,Hybrid,5846.02,White,Professional,0,112
CTR_001887,Renault,Captur,2020,Electric,7219.28,Gray,Mixed,3,120
CTR_001888,Renault,Megane,2017,Gasoline,5928.2,Red,Professional,3,137
CTR_001889,Peugeot,208,2024,Electric,14822.55,Unknown,Professional,2,135
CTR_001891,Peugeot,3008,2021,Gasoline,10492.91,Black,Mixed,1,108
CTR_001893,Peugeot,208,2023,Diesel,11396.88,Gray,Mixed,2,135
CTR_001896,Volkswagen,Golf,2012,Gasoline,4833.07,Unknown,Personal,0,172
CTR_001898,Renault,Clio,2020,Hybrid,7086.33,Red,Personal,2,161
CTR_001904,Peugeot,308,2022,Hybrid,10707.51,Gray,Mixed,1,175
CTR_001905,Mercedes,GLA,2021,Electric,25392.3,Black,Mixed,2,170
CTR_001912,Mercedes,GLA,2021,Electric,22266.85,Gray,Mixed,1,70
CTR_001914,Renault,Clio,2018,Hybrid,8418.145,Gray,Professional,3,178
CTR_001918,Renault,Megane,2018,Gasoline,4752.02,Red,Personal,0,149
CTR_001919,Renault,Captur,2011,Gasoline,5793.17,Black,Mixed,2,93
CTR_001923,Peugeot,308,2019,Electric,6419.18,Gray,Professional,2,135
CTR_001925,Volkswagen,Golf,2023,Hybrid,15323.31,Unknown,Mixed,2,127
CTR_001929,Renault,Megane,2012,Gasoline,5283.94,Gray,Professional,3,94
CTR_001930,Volkswagen,Tiguan,2018,Electric,4985.28,Black,Professional,2,135
CTR_001931,Peugeot,208,2019,Hybrid,6737.7,White,Professional,1,145
CTR_001936,Renault,Captur,2024,Hybrid,16655.66,Blue,Professional,1,140
CTR_001938,Peugeot,3008,2019,Diesel,6426.62,Gray,Professional,3,107
CTR_001939,Renault,Megane,2022,Diesel,12455.16,Blue,Professional,1,137
CTR_001940,Volkswagen,Golf,2011,Diesel,4589.6,Unknown,Personal,3,117
CTR_001941,Renault,Megane,2012,Gasoline,4847.18,Red,Professional,3,132
CTR_001943,Volkswagen,Tiguan,2019,Electric,7758.71,Blue,Professional,2,117
CTR_001945,Renault,Captur,2021,Electric,7569.51,Unknown,Professional,3,140
CTR_001950,Volkswagen,Golf,2015,Hybrid,5592.0,Red,Professional,2,104
CTR_001956,Renault,Clio,2024,Electric,13972.37,Black,Professional,3,135
CTR_001959,Renault,Megane,2016,Diesel,4980.86,White,Professional,2,136
CTR_001961,Peugeot,3008,2024,Gasoline,16010.81,White,Professional,0,110
CTR_001965,BMW,Serie1,2020,Diesel,15804.79,Gray,Professional,1,186
CTR_001967,Renault,Megane,2015,Diesel,5620.31,Red,Mixed,3,148
CTR_001974,Renault,Megane,2024,Diesel,13248.88,Red,Professional,3,126
CTR_001977,Peugeot,208,2022,Gasoline,9483.16,Red,Personal,0,158
CTR_001986,Renault,Megane,2018,Hybrid,4380.65,Black,Mixed,0,147
CTR_001987,Renault,Clio,2012,Gasoline,4956.28,White,Personal,3,176
CTR_001989,Peugeot,208,2024,Hybrid,13067.67,White,Mixed,0,135
CTR_001990,Volkswagen,Polo,2021,Hybrid,11480.2,Red,Mixed,0,132
CTR_001991,Volkswagen,Tiguan,2020,Diesel,12462.74,Red,Personal,2,134
CTR_001993,Peugeot,308,2021,Gasoline,9744.87,White,Personal,0,134
CTR_002005,Volkswagen,Polo,2019,Diesel,8329.36,White,Personal,0,96
CTR_002006,Renault,Megane,2020,Electric,6938.22,Black,Personal,0,176
CTR_002008,Renault,Megane,2023,Electric,10072.93,Red,Mixed,1,96
CTR_002009,Renault,Megane,2021,Diesel,9108.33,Unknown,Personal,1,163
CTR_002010,Volkswagen,Polo,2022,Gasoline,8418.145,Black,Mixed,3,92
CTR_002014,Volkswagen,Tiguan,2023,Diesel,18013.82,Blue,Professional,1,125
CTR_002019,Peugeot,3008,2023,Diesel,10616.94,Blue,Mixed,1,149
CTR_002025,Renault,Clio,2020,Gasoline,11869.0,White,Professional,2,94
CTR_002037,Volkswagen,Tiguan,2024,Electric,16832.0,White,Professional,0,104
CTR_002038,Peugeot,308,2018,Hybrid,4880.76,Red,Mixed,1,160
CTR_002040,Volkswagen,Tiguan,2019,Hybrid,9598.32,Red,Personal,2,135
CTR_002042,Renault,Captur,2018,Gasoline,4242.73,Unknown,Personal,3,71
CTR_002043,Peugeot,208,2020,Electric,8782.88,Black,Personal,0,146
CTR_002044,Renault,Megane,2018,Gasoline,5598.42,Unknown,Professional,0,192
CTR_002045,Volkswagen,Golf,2010,Diesel,4890.08,Blue,Personal,1,148
CTR_002048,Peugeot,308,2020,Diesel,9323.39,Gray,Professional,3,90
CTR_002053,Volkswagen,Tiguan,2019,Electric,7385.5,Red,Mixed,2,172
CTR_002056,Peugeot,208,2018,Hybrid,4631.56,White,Professional,3,194
CTR_002058,Peugeot,208,2020,Diesel,6715.47,White,Mixed,1,96
CTR_002061,Renault,Clio,2014,Hybrid,4739.51,Black,Mixed,2,114
CTR_002064,Volkswagen,Tiguan,2022,Gasoline,13962.2,Blue,Personal,0,136
CTR_002067,Volkswagen,Tiguan,2020,Electric,10834.67,Unknown,Mixed,0,199
CTR_002068,Volkswagen,Polo,2015,Gasoline,4081.47,Red,Professional,3,115
CTR_002070,Peugeot,3008,2012,Electric,4620.52,Unknown,Professional,3,153
CTR_002073,Peugeot,3008,2021,Diesel,7698.07,Red,Mixed,0,192
CTR_002080,Volkswagen,Golf,2021,Hybrid,10272.31,Black,Mixed,2,101
CTR_002082,Volkswagen,Polo,2023,Diesel,19854.91,Blue,Professional,0,108
CTR_002086,Mercedes,GLA,2023,Hybrid,38717.41,Unknown,Professional,3,114
CTR_002087,BMW,Serie1,2024,Electric,38417.97,Black,Mixed,1,102
CTR_002090,Renault,Megane,2014,Hybrid,4707.27,White,Personal,1,107
CTR_002094,Volkswagen,Golf,2016,Diesel,5398.49,Gray,Professional,0,171
CTR_002095,Volkswagen,Golf,2016,Gasoline,4513.07,Unknown,Mixed,0,109
CTR_002096,Peugeot,208,2015,Hybrid,4618.8,Gray,Professional,1,184
CTR_002097,Renault,Megane,2022,Hybrid,10905.93,Gray,Personal,1,135
CTR_002099,Renault,Megane,2021,Diesel,9675.44,White,Mixed,1,144
CTR_002101,Renault,Clio,2020,Hybrid,4531.45,White,Personal,2,151
CTR_002108,Renault,Clio,2017,Hybrid,5358.57,White,Mixed,3,157
CTR_002112,Peugeot,3008,2020,Electric,9242.98,Black,Mixed,3,117
CTR_002113,Peugeot,3008,2022,Electric,11371.89,Black,Personal,1,165
CTR_002114,Volkswagen,Golf,2019,Diesel,7702.74,Black,Mixed,2,105
CTR_002117,Renault,Megane,2020,Gasoline,4465.0,Blue,Mixed,2,151
CTR_002118,Mercedes,ClasseC,2020,Gasoline,19603.16,Red,Professional,3,92
CTR_002120,Renault,Captur,2023,Hybrid,12462.03,Black,Personal,2,163
CTR_002128,Peugeot,208,2018,Gasoline,5888.21,White,Personal,0,199
CTR_002135,Mercedes,GLA,2023,Hybrid,8418.145,White,Mixed,2,112
CTR_002136,Volkswagen,Golf,2010,Gasoline,4462.93,Gray,Personal,0,103
CTR_002141,Peugeot,3008,2016,Electric,5921.17,Unknown,Professional,0,135
CTR_002148,Peugeot,308,2010,Hybrid,5211.69,Gray,Personal,0,89
CTR_002149,Renault,Megane,2024,Electric,15317.51,White,Professional,3,111
CTR_002151,Volkswagen,Tiguan,2019,Gasoline,9055.03,Black,Personal,0,143
CTR_002153,Renault,Clio,2019,Gasoline,4663.21,Gray,Mixed,3,96
CTR_002154,Volkswagen,Tiguan,2020,Gasoline,10336.82,White,Mixed,0,135
CTR_002166,Volkswagen,Polo,2023,Electric,15066.32,White,Mixed,2,99
CTR_002167,Volkswagen,Golf,2018,Electric,5878.46,Black,Professional,2,169
CTR_002171,Peugeot,3008,2021,Diesel,11342.33,Black,Professional,2,135
CTR_002173,Renault,Captur,2019,Hybrid,4606.01,Red,Professional,1,135
CTR_002174,Peugeot,308,2021,Gasoline,8732.0,Black,Mixed,1,135
CTR_002175,Peugeot,308,2018,Hybrid,5999.36,Blue,Professional,1,132
CTR_002177,Peugeot,3008,2013,Diesel,4010.97,White,Mixed,0,123
CTR_002179,Peugeot,308,2024,Gasoline,12837.34,Gray,Personal,2,114
CTR_002185,Peugeot,208,2021,Diesel,7990.16,Gray,Personal,2,185
CTR_002186,Mercedes,ClasseC,2012,Diesel,5528.13,Red,Personal,3,122
CTR_002188,Mercedes,GLA,2011,Gasoline,6052.04,Black,Mixed,1,166
CTR_002199,Renault,Clio,2020,Diesel,8088.33,Blue,Personal,0,122
CTR_002201,Volkswagen,Golf,2018,Hybrid,6215.68,Red,Professional,0,99
CTR_002203,Renault,Clio,2022,Diesel,12066.7,White,Mixed,0,143
CTR_002208,Mercedes,ClasseC,2023,Gasoline,39042.14,White,Professional,2,128
CTR_002211,Peugeot,3008,2019,Electric,5960.51,White,Mixed,3,184
CTR_002212,Renault,Clio,2018,Diesel,5490.97,Gray,Professional,3,90
CTR_002213,Peugeot,3008,2018,Electric,5195.23,Black,Personal,1,141
CTR_002214,BMW,Serie3,2015,Electric,4733.05,Red,Personal,0,146
CTR_002217,Volkswagen,Golf,2020,Diesel,11800.15,Red,Professional,1,95
CTR_002221,Renault,Megane,2024,Electric,15613.02,Black,Personal,0,90
CTR_002224,Mercedes,GLA,2023,Diesel,30602.76,Red,Professional,2,125
CTR_002225,Volkswagen,Golf,2022,Electric,12308.0,Blue,Professional,2,160
CTR_002230,Peugeot,208,2022,Electric,8418.145,Gray,Mixed,1,151
CTR_002232,Peugeot,208,2019,Diesel,5769.0,Gray,Mixed,2,130
CTR_002234,Volkswagen,Golf,2020,Hybrid,9045.33,Blue,Professional,3,172
CTR_002237,Peugeot,308,2021,Gasoline,10963.68,Blue,Personal,2,135
CTR_002238,Volkswagen,Golf,2024,Hybrid,16268.64,Unknown,Professional,0,102
CTR_002239,Volkswagen,Polo,2023,Gasoline,17484.68,Gray,Mixed,1,117
CTR_002240,Volkswagen,Golf,2020,Electric,16443.82,White,Professional,1,172
CTR_002241,Peugeot,3008,2018,Gasoline,5073.27,Black,Professional,2,90
CTR_002243,Peugeot,3008,2021,Diesel,9460.41,Blue,Professional,3,144
CTR_002244,Volkswagen,Polo,2022,Hybrid,8418.145,Blue,Personal,0,197
CTR_002246,BMW,X1,2018,Gasoline,10543.53,Gray,Mixed,0,110
CTR_002247,Volkswagen,Golf,2012,Diesel,5687.91,White,Mixed,1,122
CTR_002248,Renault,Megane,2020,Electric,5088.69,White,Mixed,1,129
CTR_002249,Peugeot,208,2018,Electric,5644.87,White,Professional,0,92
CTR_002251,Volkswagen,Polo,2021,Diesel,8418.145,Red,Personal,3,135
CTR_002256,Volkswagen,Polo,2017,Hybrid,5559.0,Gray,Personal,3,123
CTR_002257,Peugeot,308,2021,Diesel,9986.6,Unknown,Mixed,3,157
CTR_002262,BMW,X1,2020,Diesel,19798.51,Blue,Personal,0,100
CTR_002263,Peugeot,208,2020,Diesel,8418.145,White,Mixed,1,140
CTR_002264,Volkswagen,Tiguan,2016,Diesel,4169.96,Gray,Mixed,1,117
CTR_002265,Volkswagen,Tiguan,2016,Diesel,4833.17,Blue,Mixed,0,112
CTR_002268,Volkswagen,Tiguan,2018,Diesel,4868.42,Black,Professional,1,135
CTR_002276,Renault,Clio,2024,Hybrid,14724.52,White,Mixed,3,135
CTR_002277,Renault,Clio,2019,Gasoline,5069.66,Blue,Professional,1,135
CTR_002278,Peugeot,3008,2023,Hybrid,15618.99,Blue,Professional,2,190
CTR_002279,Peugeot,208,2020,Hybrid,7086.12,Gray,Professional,3,114
CTR_002282,Renault,Megane,2022,Gasoline,8929.65,Gray,Mixed,1,74
CTR_002283,Volkswagen,Golf,2021,Gasoline,14748.79,Blue,Personal,2,150
CTR_002284,Volkswagen,Tiguan,2023,Diesel,16997.46,Unknown,Professional,3,135
CTR_002286,Peugeot,208,2013,Electric,4711.57,Blue,Personal,1,147
CTR_002289,Peugeot,308,2015,Gasoline,5770.78,White,Professional,2,109
CTR_002293,Renault,Megane,2021,Hybrid,9509.98,Black,Personal,3,138
CTR_002302,Renault,Megane,2018,Electric,5064.34,Gray,Mixed,2,114
CTR_002304,BMW,X1,2018,Gasoline,9122.34,Black,Mixed,2,197
CTR_002309,Volkswagen,Tiguan,2019,Gasoline,7335.98,Black,Mixed,2,93
CTR_002314,Peugeot,3008,2015,Diesel,5159.02,Red,Personal,3,110
CTR_002318,Mercedes,ClasseA,2015,Diesel,5002.79,Blue,Professional,2,139
CTR_002322,Mercedes,ClasseC,2020,Gasoline,10196.49,Blue,Professional,3,198
CTR_002324,Peugeot,208,2021,Electric,8386.74,Red,Personal,0,105
CTR_002327,Volkswagen,Polo,2024,Gasoline,22544.08,Black,Mixed,3,138
CTR_002328,Volkswagen,Polo,2013,Electric,5375.49,Red,Professional,1,196
CTR_002334,Mercedes,ClasseC,2019,Diesel,19157.08,Blue,Professional,1,160
CTR_002336,BMW,Serie1,2023,Electric,30994.66,Red,Professional,0,86
CTR_002337,Peugeot,208,2023,Gasoline,17391.41,Red,Mixed,0,167
CTR_002338,Peugeot,3008,2023,Diesel,12993.16,White,Professional,1,144
CTR_002339,Volkswagen,Tiguan,2014,Gasoline,5069.91,White,Professional,1,198
CTR_002340,Renault,Captur,2022,Gasoline,9401.96,Unknown,Personal,0,110
CTR_002342,Mercedes,GLA,2020,Hybrid,17883.92,Red,Mixed,3,120
CTR_002345,Renault,Captur,2020,Hybrid,8561.92,Black,Professional,3,127
CTR_002347,Renault,Captur,2021,Diesel,10684.68,Unknown,Professional,3,158
CTR_002348,Renault,Clio,2017,Hybrid,5095.12,White,Mixed,1,122
CTR_002352,Mercedes,GLA,2020,Gasoline,18905.15,Unknown,Personal,0,148
CTR_002356,Renault,Clio,2021,Hybrid,10577.83,Gray,Mixed,1,95
CTR_002363,Renault,Captur,2020,Gasoline,11902.96,Unknown,Personal,0,175
CTR_002364,Renault,Megane,2021,Hybrid,7812.43,Blue,Personal,3,137
CTR_002366,Peugeot,308,2012,Gasoline,4596.68,Black,Personal,3,88
CTR_002370,Volkswagen,Tiguan,2024,Diesel,16033.65,Unknown,Personal,3,156
CTR_002371,Volkswagen,Polo,2024,Electric,20656.02,Black,Professional,2,103
CTR_002374,Mercedes,ClasseC,2024,Gasoline,40422.34,Blue,Personal,3,161
CTR_002382,Renault,Captur,2018,Gasoline,4327.78,White,Mixed,1,195
CTR_002383,Peugeot,3008,2020,Hybrid,7298.7,Unknown,Personal,1,195
CTR_002386,Volkswagen,Tiguan,2024,Electric,23513.76,Gray,Mixed,2,167
CTR_002387,Peugeot,3008,2017,Diesel,5297.99,White,Professional,3,74
CTR_002388,Peugeot,208,2019,Electric,6871.2,White,Mixed,1,99
CTR_002389,Renault,Captur,2024,Electric,15894.54,Red,Mixed,0,109
CTR_002390,Peugeot,208,2022,Hybrid,13318.21,Blue,Mixed,0,173
CTR_002393,Mercedes,ClasseA,2021,Electric,20905.38,Gray,Mixed,0,171
CTR_002394,Volkswagen,Polo,2015,Diesel,4524.94,Red,Personal,2,149
CTR_002395,Peugeot,208,2011,Hybrid,4831.0,Gray,Mixed,0,180
CTR_002397,Volkswagen,Tiguan,2018,Gasoline,5913.82,White,Mixed,3,133
CTR_002400,Peugeot,308,2014,Hybrid,5216.25,Gray,Professional,1,160
CTR_002401,Peugeot,3008,2024,Gasoline,13476.64,White,Mixed,2,164
CTR_002402,Volkswagen,Tiguan,2022,Electric,13332.25,Red,Mixed,0,194
CTR_002403,Renault,Megane,2022,Gasoline,10373.62,Gray,Personal,2,135
CTR_002407,Renault,Clio,2021,Hybrid,8066.22,Unknown,Mixed,1,149
CTR_002408,Renault,Clio,2018,Hybrid,5930.22,White,Personal,0,200
CTR_002409,Mercedes,ClasseC,2024,Gasoline,47447.35,Gray,Professional,1,120
CTR_002415,Volkswagen,Tiguan,2018,Gasoline,4733.91,Blue,Personal,2,136
CTR_002416,Volkswagen,Tiguan,2020,Electric,11253.19,Blue,Personal,2,142
CTR_002424,Peugeot,308,2012,Gasoline,4456.46,Blue,Professional,1,99
CTR_002428,Volkswagen,Tiguan,2024,Hybrid,21739.46,White,Personal,0,99
CTR_002429,Peugeot,208,2018,Gasoline,5534.21,Red,Personal,0,107
CTR_002431,Volkswagen,Golf,2020,Gasoline,8520.37,Black,Personal,0,116
CTR_002434,Volkswagen,Polo,2020,Electric,16387.72,Gray,Personal,0,135
CTR_002440,Renault,Clio,2018,Diesel,5793.59,Gray,Personal,3,135
CTR_002448,Mercedes,ClasseC,2020,Hybrid,10921.94,Gray,Professional,3,155
CTR_002455,Volkswagen,Polo,2023,Diesel,14893.6,Black,Personal,1,110
CTR_002456,Volkswagen,Polo,2013,Gasoline,5133.65,Black,Professional,2,87
CTR_002466,Peugeot,208,2010,Gasoline,5034.92,Unknown,Personal,2,97
CTR_002467,Volkswagen,Tiguan,2022,Gasoline,17545.48,Gray,Personal,3,105
CTR_002469,Volkswagen,Polo,2019,Diesel,8627.82,Black,Personal,3,125
CTR_002477,Volkswagen,Tiguan,2010,Diesel,4827.1,Gray,Personal,0,135
CTR_002481,Volkswagen,Polo,2017,Gasoline,5427.94,Blue,Personal,2,98
CTR_002482,Renault,Captur,2016,Hybrid,4154.86,Blue,Personal,0,146
CTR_002489,Volkswagen,Tiguan,2024,Hybrid,16456.35,White,Mixed,0,135
CTR_002493,Mercedes,ClasseC,2021,Hybrid,25650.36,Unknown,Personal,2,120
CTR_002494,Volkswagen,Tiguan,2022,Diesel,12701.31,Gray,Professional,0,141
CTR_002496,Volkswagen,Golf,2019,Hybrid,9405.22,Blue,Mixed,1,184
CTR_002499,Renault,Megane,2019,Hybrid,5945.5,Red,Mixed,3,135
CTR_002503,Volkswagen,Golf,2017,Gasoline,5507.3,Gray,Personal,3,141
CTR_002507,Volkswagen,Golf,2021,Gasoline,11411.83,Red,Personal,1,106
CTR_002508,Renault,Clio,2011,Diesel,4988.05,White,Mixed,1,129
CTR_002511,Renault,Clio,2017,Diesel,4267.0,Blue,Mixed,1,120
CTR_002512,Renault,Captur,2014,Electric,4406.0,Red,Professional,1,131
CTR_002513,BMW,X1,2021,Gasoline,23011.15,Black,Professional,0,135
CTR_002515,Volkswagen,Tiguan,2019,Hybrid,7295.0,White,Professional,0,186
CTR_002516,Peugeot,3008,2020,Hybrid,9101.44,White,Mixed,0,128
CTR_002520,Renault,Captur,2019,Diesel,6709.34,Blue,Personal,0,116
CTR_002521,Mercedes,ClasseC,2021,Hybrid,20520.21,Gray,Personal,1,117
CTR_002522,Peugeot,3008,2024,Diesel,16554.59,Blue,Personal,1,145
CTR_002524,Peugeot,3008,2016,Diesel,4230.67,Red,Mixed,0,115
CTR_002525,Renault,Captur,2022,Diesel,10957.6,Blue,Mixed,0,180
CTR_002526,Peugeot,308,2021,Hybrid,8557.38,White,Professional,0,135
CTR_002528,Volkswagen,Tiguan,2020,Diesel,12333.88,White,Mixed,2,175
CTR_002529,Volkswagen,Polo,2022,Diesel,17484.91,Blue,Mixed,2,112
CTR_002532,Renault,Clio,2021,Gasoline,9301.91,Black,Professional,2,169
CTR_002533,Peugeot,308,2020,Diesel,6789.17,Unknown,Mixed,2,98
CTR_002535,Volkswagen,Golf,2018,Hybrid,6856.53,Gray,Mixed,2,169
CTR_002541,Peugeot,208,2023,Gasoline,13307.17,Blue,Professional,2,200
CTR_002544,Volkswagen,Golf,2018,Hybrid,5849.9,Blue,Mixed,0,119
CTR_002546,Peugeot,3008,2022,Hybrid,12393.82,Gray,Professional,0,199
CTR_002551,Peugeot,308,2024,Diesel,14497.99,Blue,Mixed,2,140
CTR_002553,Mercedes,ClasseA,2020,Electric,16704.0,Gray,Mixed,3,191
CTR_002554,Renault,Clio,2016,Hybrid,4728.34,Red,Professional,0,121
CTR_002563,Renault,Megane,2024,Diesel,13516.31,Unknown,Professional,1,186
CTR_002565,Volkswagen,Polo,2021,Electric,12118.66,Blue,Personal,0,197
CTR_002568,Peugeot,308,2022,Hybrid,12909.61,White,Personal,2,160
CTR_002570,Peugeot,208,2020,Gasoline,5597.65,Gray,Mixed,3,184
CTR_002571,BMW,Serie3,2011,Electric,4832.67,Black,Professional,0,69
CTR_002580,Volkswagen,Golf,2011,Hybrid,4123.21,Unknown,Personal,1,95
CTR_002581,Volkswagen,Polo,2014,Hybrid,5433.72,Unknown,Professional,3,149
CTR_002585,Renault,Clio,2022,Hybrid,9428.82,Blue,Professional,3,158
CTR_002586,Peugeot,3008,2011,Hybrid,4470.02,Gray,Personal,1,130
CTR_002587,Peugeot,308,2020,Diesel,8070.98,Unknown,Personal,1,104
CTR_002591,BMW,X1,2019,Diesel,16707.9,Black,Personal,0,141
CTR_002602,Renault,Clio,2016,Electric,8418.145,Gray,Mixed,0,135
CTR_002603,Peugeot,3008,2011,Electric,4654.0,Black,Mixed,0,76
CTR_002606,Peugeot,308,2020,Hybrid,6352.96,White,Professional,3,199
CTR_002607,Renault,Captur,2015,Hybrid,5574.75,Gray,Professional,2,102
CTR_002609,Volkswagen,Polo,2018,Gasoline,5065.28,Gray,Mixed,2,127
CTR_002614,Peugeot,208,2020,Diesel,8638.78,Unknown,Professional,0,135
CTR_002618,Volkswagen,Tiguan,2019,Electric,7303.25,Gray,Professional,0,178
CTR_002622,Volkswagen,Tiguan,2017,Electric,4059.78,Black,Mixed,3,75
CTR_002624,Renault,Captur,2011,Gasoline,4996.42,Gray,Personal,1,139
CTR_002625,Renault,Megane,2021,Electric,10415.0,Red,Mixed,0,94
CTR_002629,Peugeot,3008,2012,Electric,4421.18,Unknown,Mixed,0,135
CTR_002631,Peugeot,208,2019,Electric,5169.41,Red,Professional,2,141
CTR_002632,Volkswagen,Tiguan,2019,Hybrid,6991.31,Black,Personal,0,123
CTR_002643,Volkswagen,Tiguan,2023,Electric,8418.145,Black,Professional,2,195
CTR_002646,Peugeot,3008,2012,Gasoline,4734.79,Blue,Mixed,0,187
CTR_002649,Peugeot,308,2013,Gasoline,4512.12,White,Professional,0,143
CTR_002652,Volkswagen,Tiguan,2019,Hybrid,7480.63,Unknown,Mixed,0,162
CTR_002653,Volkswagen,Polo,2012,Hybrid,4618.19,Blue,Personal,2,104
CTR_002654,Peugeot,208,2013,Gasoline,5087.55,White,Professional,1,110
CTR_002655,Peugeot,3008,2017,Electric,4266.67,White,Mixed,3,135
CTR_002656,Renault,Clio,2024,Diesel,14048.84,Black,Mixed,0,134
CTR_002657,Renault,Captur,2024,Diesel,12945.79,Gray,Professional,2,196
CTR_002659,Volkswagen,Tiguan,2015,Hybrid,5865.26,Red,Professional,0,195
CTR_002660,Volkswagen,Golf,2020,Diesel,10074.76,White,Mixed,0,135
CTR_002662,Peugeot,208,2024,Diesel,12600.06,Unknown,Personal,0,74
CTR_002663,Peugeot,3008,2018,Diesel,5867.22,Blue,Personal,0,101
CTR_002664,Renault,Megane,2023,Gasoline,14476.0,White,Personal,2,196
CTR_002665,Peugeot,308,2018,Gasoline,8418.145,Gray,Personal,0,135
CTR_002669,Peugeot,308,2018,Electric,5632.85,Gray,Professional,3,154
CTR_002674,Renault,Megane,2022,Electric,12180.42,Black,Professional,0,98
CTR_002678,Renault,Clio,2022,Electric,10025.0,Unknown,Personal,0,168
CTR_002679,Peugeot,3008,2011,Diesel,4319.0,Black,Professional,1,135
CTR_002680,Volkswagen,Golf,2022,Gasoline,17014.57,Unknown,Mixed,2,196
CTR_002681,Renault,Captur,2015,Electric,4056.0,White,Personal,1,68
CTR_002683,Renault,Megane,2022,Diesel,11148.2,Gray,Personal,1,194
CTR_002685,Volkswagen,Tiguan,2013,Electric,4683.95,Unknown,Mixed,0,130
CTR_002686,Peugeot,308,2022,Electric,13021.67,Black,Personal,3,116
CTR_002687,Peugeot,3008,2018,Gasoline,8418.145,Blue,Personal,0,148
CTR_002689,Renault,Megane,2011,Electric,5657.48,Unknown,Mixed,0,190
CTR_002691,Mercedes,ClasseA,2019,Electric,19190.19,Gray,Mixed,1,194
CTR_002692,Peugeot,3008,2024,Diesel,15841.35,Red,Professional,0,140
CTR_002694,Peugeot,3008,2024,Diesel,13340.78,White,Mixed,3,107
CTR_002696,Renault,Megane,2019,Diesel,5098.47,Gray,Professional,0,135
CTR_002700,Peugeot,208,2012,Electric,8418.145,White,Professional,3,174
CTR_002703,Volkswagen,Golf,2014,Hybrid,5696.94,Red,Professional,0,80
CTR_002704,Renault,Megane,2022,Electric,10073.33,White,Mixed,1,101
CTR_002706,Volkswagen,Tiguan,2020,Hybrid,11183.2,Unknown,Professional,0,100
CTR_002711,Mercedes,ClasseC,2018,Hybrid,9161.99,Blue,Mixed,0,118
CTR_002714,Renault,Megane,2023,Diesel,11975.33,Red,Mixed,2,135
CTR_002715,Peugeot,208,2020,Electric,4334.05,Unknown,Professional,0,135
CTR_002718,Volkswagen,Tiguan,2023,Electric,20686.64,White,Mixed,0,128
CTR_002721,Peugeot,208,2020,Electric,8709.28,White,Personal,3,91
CTR_002725,Peugeot,208,2019,Electric,5132.98,Blue,Mixed,0,132
CTR_002727,Volkswagen,Golf,2023,Electric,16909.03,Blue,Mixed,0,167
CTR_002736,Volkswagen,Polo,2024,Electric,16644.73,Blue,Personal,2,112
CTR_002737,Mercedes,ClasseA,2023,Hybrid,38671.55,Blue,Professional,0,120
CTR_002738,Peugeot,3008,2019,Gasoline,5259.28,Red,Professional,2,136
CTR_002740,Volkswagen,Tiguan,2020,Electric,8418.145,Blue,Personal,1,135
CTR_002741,Volkswagen,Golf,2018,Gasoline,4645.81,Black,Professional,0,135
CTR_002744,BMW,X1,2020,Electric,18731.13,Red,Professional,2,135
CTR_002748,Peugeot,308,2020,Diesel,8137.59,Blue,Personal,0,135
CTR_002752,Volkswagen,Tiguan,2023,Hybrid,16433.72,Unknown,Professional,0,97
CTR_002753,Renault,Megane,2019,Gasoline,8418.145,Unknown,Personal,3,99
CTR_002758,Volkswagen,Polo,2023,Electric,16359.76,Unknown,Professional,0,139
CTR_002759,Renault,Megane,2018,Hybrid,4991.02,Unknown,Professional,2,108
CTR_002760,Mercedes,ClasseA,2016,Hybrid,5938.22,Gray,Mixed,3,103
CTR_002764,BMW,Serie1,2012,Electric,4893.88,White,Mixed,3,119
CTR_002765,Volkswagen,Tiguan,2018,Gasoline,4904.22,Black,Mixed,2,96
CTR_002766,BMW,Serie3,2021,Gasoline,18151.94,Unknown,Mixed,1,106
CTR_002770,Volkswagen,Golf,2022,Diesel,12210.03,White,Personal,2,176
CTR_002775,Peugeot,308,2024,Electric,14500.43,Unknown,Personal,3,172
CTR_002777,Volkswagen,Tiguan,2023,Gasoline,16166.02,White,Mixed,3,148
CTR_002782,BMW,Serie1,2024,Hybrid,29611.15,Red,Personal,2,120
CTR_002784,Peugeot,308,2019,Electric,5213.22,Gray,Personal,3,79
CTR_002787,Volkswagen,Polo,2021,Electric,12031.52,Black,Personal,3,152
CTR_002788,Peugeot,208,2023,Electric,14185.41,White,Professional,0,181
CTR_002790,Peugeot,3008,2015,Diesel,5219.18,Blue,Personal,2,143
CTR_002791,Volkswagen,Tiguan,2023,Gasoline,8418.145,Unknown,Professional,2,83
CTR_002793,Peugeot,308,2023,Diesel,11315.18,Gray,Professional,1,125
CTR_002794,Peugeot,308,2012,Hybrid,5816.81,Unknown,Professional,1,135
CTR_002795,Renault,Clio,2023,Gasoline,10206.29,Blue,Personal,0,181
CTR_002797,BMW,Serie3,2017,Diesel,5418.02,Gray,Mixed,2,135
CTR_002800,Volkswagen,Polo,2023,Electric,16318.31,Blue,Personal,3,171
CTR_002802,Peugeot,3008,2018,Gasoline,4460.24,Gray,Personal,0,135
CTR_002807,Peugeot,208,2020,Diesel,7147.42,White,Personal,0,86
CTR_002809,Volkswagen,Polo,2020,Gasoline,11347.4,Black,Professional,1,99
CTR_002810,Volkswagen,Tiguan,2020,Electric,8715.25,Gray,Mixed,2,144
CTR_002815,Mercedes,GLA,2022,Hybrid,28603.16,White,Mixed,1,119
CTR_002816,Renault,Clio,2017,Hybrid,5223.46,Unknown,Personal,0,131
CTR_002817,Volkswagen,Polo,2020,Hybrid,8523.18,Gray,Personal,3,135
CTR_002825,Renault,Captur,2020,Diesel,11448.05,White,Mixed,1,137
CTR_002829,Peugeot,3008,2021,Hybrid,9594.5,Black,Personal,1,110
CTR_002832,Peugeot,3008,2018,Diesel,5799.65,Unknown,Mixed,0,196
CTR_002833,Renault,Captur,2024,Electric,13690.7,Blue,Mixed,1,196
CTR_002836,Volkswagen,Polo,2016,Electric,4813.29,Red,Professional,2,135
CTR_002837,Volkswagen,Tiguan,2018,Diesel,4502.75,Black,Personal,1,142
CTR_002842,Renault,Captur,2024,Diesel,15303.18,Gray,Professional,1,186
CTR_002843,BMW,Serie3,2024,Hybrid,30297.19,Unknown,Professional,2,121
CTR_002846,Peugeot,208,2024,Diesel,16190.96,Blue,Professional,1,135
CTR_002856,Volkswagen,Golf,2020,Diesel,9769.79,White,Professional,2,132
CTR_002859,BMW,X1,2019,Hybrid,12597.13,Black,Professional,1,180
CTR_002861,Peugeot,208,2020,Hybrid,7263.0,Gray,Professional,3,132
CTR_002863,Renault,Megane,2015,Diesel,5319.12,Blue,Personal,1,187
CTR_002868,Volkswagen,Polo,2010,Diesel,5536.68,Red,Mixed,0,118
CTR_002869,Volkswagen,Golf,2018,Hybrid,5903.62,White,Personal,0,112
CTR_002875,Renault,Clio,2024,Diesel,15181.94,White,Professional,2,104
CTR_002876,Renault,Clio,2013,Diesel,4471.83,Unknown,Mixed,2,112
CTR_002878,Renault,Clio,2018,Gasoline,5930.5,Unknown,Professional,3,142
CTR_002879,Volkswagen,Polo,2016,Gasoline,4899.2,Unknown,Professional,3,145
CTR_002882,Renault,Clio,2022,Gasoline,9235.94,White,Mixed,0,92
CTR_002886,Volkswagen,Polo,2021,Diesel,11519.04,Gray,Mixed,0,151
CTR_002895,Volkswagen,Polo,2023,Gasoline,20923.27,Black,Personal,1,100
CTR_002905,BMW,Serie1,2017,Gasoline,4625.0,Blue,Professional,2,114
CTR_002907,Volkswagen,Tiguan,2022,Diesel,16862.55,Gray,Personal,3,107
CTR_002910,Volkswagen,Golf,2022,Gasoline,12800.0,White,Professional,2,130
CTR_002911,Peugeot,308,2015,Electric,5546.58,White,Personal,2,135
CTR_002915,Renault,Megane,2022,Gasoline,9691.01,Gray,Personal,3,96
CTR_002916,Renault,Captur,2023,Hybrid,13436.0,Black,Personal,0,172
CTR_002918,Peugeot,208,2021,Electric,7868.0,Unknown,Professional,2,134
CTR_002922,Volkswagen,Tiguan,2014,Gasoline,4669.19,Red,Professional,3,189
CTR_002925,Volkswagen,Tiguan,2022,Electric,14984.92,Unknown,Professional,0,107
CTR_002930,Renault,Megane,2019,Gasoline,4526.31,Black,Personal,0,193
CTR_002937,Renault,Captur,2012,Hybrid,4361.7,Gray,Mixed,1,90
CTR_002938,Renault,Clio,2023,Diesel,10687.84,Unknown,Mixed,1,118
CTR_002939,Volkswagen,Golf,2023,Hybrid,17469.07,Blue,Mixed,0,135
CTR_002941,Peugeot,308,2023,Diesel,11263.15,Gray,Mixed,3,183
CTR_002943,BMW,X1,2018,Electric,8418.145,Unknown,Professional,0,66
CTR_002944,Peugeot,3008,2010,Gasoline,5773.86,Unknown,Personal,0,100
CTR_002953,Renault,Clio,2018,Diesel,4448.67,Blue,Professional,2,184
CTR_002954,BMW,X1,2019,Hybrid,12511.58,Black,Professional,3,102
CTR_002957,Renault,Captur,2019,Gasoline,6602.24,Gray,Personal,3,103
CTR_002958,Volkswagen,Golf,2010,Gasoline,4599.09,White,Mixed,0,138
CTR_002960,Peugeot,3008,2017,Gasoline,4846.58,White,Personal,3,124
CTR_002964,Peugeot,3008,2012,Electric,5402.96,Blue,Personal,0,116
CTR_002965,Peugeot,3008,2023,Electric,12376.51,Gray,Mixed,3,103
CTR_002967,Renault,Megane,2021,Gasoline,10402.41,Red,Mixed,1,185
CTR_002968,Renault,Megane,2020,Hybrid,5178.07,Black,Personal,1,164
CTR_002969,Volkswagen,Golf,2011,Gasoline,5134.47,White,Mixed,0,135
CTR_002970,Volkswagen,Polo,2023,Electric,17982.24,Unknown,Professional,1,135
CTR_002977,Renault,Megane,2023,Electric,10408.17,Unknown,Professional,1,198
CTR_002978,Peugeot,208,2018,Diesel,5580.88,Gray,Mixed,2,135
CTR_002979,Renault,Megane,2024,Hybrid,14403.84,Red,Personal,1,197
CTR_002980,Mercedes,ClasseA,2012,Gasoline,4107.0,White,Professional,1,156
CTR_002981,Renault,Clio,2019,Gasoline,6384.0,Blue,Personal,1,156
CTR_002982,BMW,Serie1,2014,Electric,5458.92,Red,Mixed,1,109
CTR_002984,BMW,X1,2019,Gasoline,12817.0,Gray,Mixed,2,165
CTR_002985,Volkswagen,Polo,2020,Hybrid,7315.33,White,Professional,1,113
CTR_002986,Peugeot,208,2023,Hybrid,13224.9,White,Personal,2,167
CTR_002989,Volkswagen,Tiguan,2012,Diesel,8418.145,Gray,Mixed,3,137
CTR_002992,Renault,Megane,2019,Hybrid,6293.55,Blue,Mixed,0,158
CTR_002994,Peugeot,3008,2023,Hybrid,15534.0,Unknown,Professional,0,94
CTR_002999,Volkswagen,Golf,2018,Hybrid,5480.39,Red,Mixed,1,116
CTR_003001,Volkswagen,Golf,2021,Hybrid,12987.26,Blue,Professional,3,135
CTR_003002,Peugeot,208,2023,Diesel,14835.66,Red,Professional,2,135
CTR_003004,Peugeot,3008,2022,Electric,10385.85,Red,Professional,1,81
CTR_003005,Volkswagen,Golf,2018,Electric,5581.48,Blue,Mixed,0,142
CTR_003006,Peugeot,208,2018,Hybrid,4221.99,Blue,Mixed,1,134
CTR_003009,Renault,Clio,2014,Electric,5403.82,Blue,Mixed,0,141
CTR_003012,Peugeot,308,2022,Diesel,12735.0,White,Professional,3,171
CTR_003019,Peugeot,3008,2019,Diesel,5456.63,Black,Professional,1,97
CTR_003023,Volkswagen,Polo,2020,Gasoline,11990.87,Black,Professional,2,135
CTR_003027,Peugeot,3008,2023,Gasoline,12537.46,White,Personal,3,191
CTR_003028,Volkswagen,Golf,2016,Diesel,5844.41,Red,Personal,3,94
CTR_003032,BMW,X1,2018,Hybrid,11368.68,Unknown,Professional,1,200
CTR_003034,Peugeot,208,2020,Electric,8707.61,White,Professional,2,135
CTR_003036,Volkswagen,Tiguan,2022,Diesel,17207.31,Blue,Mixed,2,158
CTR_003038,Renault,Captur,2014,Electric,4578.75,Red,Professional,3,66
CTR_003042,Volkswagen,Tiguan,2019,Gasoline,7575.32,Blue,Professional,3,153
CTR_003045,Volkswagen,Tiguan,2020,Electric,9318.66,Red,Professional,1,96
CTR_003047,Renault,Clio,2024,Electric,13185.0,Red,Professional,3,95
CTR_003048,Volkswagen,Polo,2023,Gasoline,18035.81,Unknown,Professional,1,133
CTR_003053,Peugeot,308,2022,Diesel,13059.98,Black,Professional,1,117
CTR_003055,Peugeot,208,2024,Hybrid,15283.1,Blue,Mixed,3,194
CTR_003056,Volkswagen,Tiguan,2022,Electric,16395.85,Black,Mixed,3,117
CTR_003063,Mercedes,GLA,2015,Electric,4271.58,Unknown,Mixed,2,135
CTR_003065,BMW,Serie1,2022,Diesel,31277.0,Black,Professional,0,135
CTR_003067,Renault,Clio,2021,Gasoline,10183.92,Blue,Mixed,3,135
CTR_003069,Peugeot,3008,2018,Electric,8418.145,Gray,Professional,0,135
CTR_003071,Renault,Clio,2018,Hybrid,5997.13,White,Professional,3,124
CTR_003072,Peugeot,3008,2024,Diesel,17158.35,Red,Professional,2,85
CTR_003077,Volkswagen,Golf,2020,Electric,5008.74,White,Professional,2,72
CTR_003084,Volkswagen,Tiguan,2013,Gasoline,5736.08,Black,Mixed,3,120
CTR_003088,Renault,Megane,2023,Gasoline,13103.19,Red,Professional,3,91
CTR_003089,Mercedes,GLA,2010,Electric,5460.04,Blue,Professional,3,104
CTR_003093,BMW,X1,2021,Diesel,23630.16,White,Mixed,0,182
CTR_003094,Volkswagen,Golf,2018,Hybrid,5124.3,Black,Professional,3,135
CTR_003095,Peugeot,308,2018,Diesel,8418.145,White,Professional,3,139
CTR_003097,Renault,Megane,2011,Gasoline,8418.145,Black,Personal,2,162
CTR_003098,Renault,Megane,2019,Gasoline,6437.93,White,Mixed,0,99
CTR_003103,Volkswagen,Tiguan,2019,Gasoline,7848.14,Black,Personal,1,97
CTR_003104,Peugeot,3008,2011,Hybrid,5081.13,White,Mixed,1,99
CTR_003105,Volkswagen,Golf,2011,Diesel,4738.19,Red,Professional,3,198
CTR_003107,Volkswagen,Tiguan,2021,Electric,10332.85,Blue,Mixed,2,92
CTR_003111,Peugeot,3008,2011,Gasoline,8418.145,Blue,Mixed,3,186
CTR_003112,Renault,Megane,2010,Hybrid,5131.87,Unknown,Personal,0,135
CTR_003113,Volkswagen,Tiguan,2020,Gasoline,8418.145,Gray,Professional,1,135
CTR_003117,Peugeot,208,2022,Diesel,11436.33,Red,Mixed,3,138
CTR_003123,Peugeot,3008,2012,Diesel,5069.9,Black,Mixed,0,135
CTR_003131,Peugeot,208,2020,Diesel,7120.66,White,Professional,3,200
CTR_003133,Volkswagen,Tiguan,2023,Gasoline,14781.18,Blue,Mixed,0,116
CTR_003140,Peugeot,208,2024,Diesel,8418.145,Blue,Mixed,1,70
CTR_003141,Peugeot,208,2018,Hybrid,5616.83,Unknown,Personal,2,99
CTR_003153,Peugeot,208,2012,Electric,5739.4,Black,Personal,3,135
CTR_003154,Renault,Captur,2022,Diesel,10232.58,Unknown,Mixed,3,150
CTR_003156,Mercedes,ClasseC,2018,Diesel,12111.97,Black,Personal,0,176
CTR_003158,Volkswagen,Golf,2017,Gasoline,4525.38,Unknown,Personal,1,107
CTR_003168,Volkswagen,Tiguan,2019,Hybrid,7208.93,Red,Professional,3,198
CTR_003171,Peugeot,208,2024,Gasoline,17974.35,White,Professional,1,124
CTR_003172,Peugeot,3008,2022,Hybrid,12993.44,Black,Personal,2,135
CTR_003173,Renault,Megane,2020,Electric,6570.09,Black,Professional,1,158
CTR_003174,Peugeot,208,2024,Diesel,14600.0,Gray,Professional,3,179
CTR_003179,Renault,Captur,2021,Hybrid,9192.85,White,Mixed,0,139
CTR_003182,Renault,Clio,2020,Electric,5861.0,Gray,Mixed,1,175
CTR_003184,Renault,Clio,2020,Diesel,8617.4,Blue,Professional,1,82
CTR_003186,Peugeot,208,2021,Gasoline,8097.68,Blue,Mixed,0,122
CTR_003187,Renault,Clio,2022,Hybrid,11990.17,Black,Mixed,0,116
CTR_003190,Volkswagen,Golf,2024,Electric,23807.44,Blue,Professional,3,96
CTR_003192,Volkswagen,Polo,2020,Hybrid,8418.145,Black,Personal,1,108
CTR_003194,Volkswagen,Golf,2021,Hybrid,15189.45,Red,Personal,1,199
CTR_003196,Renault,Captur,2023,Gasoline,9953.03,Unknown,Personal,3,176
CTR_003198,Peugeot,3008,2022,Electric,10736.0,Gray,Professional,3,97
CTR_003200,Volkswagen,Golf,2023,Electric,17434.22,Blue,Personal,0,96
CTR_003202,Volkswagen,Tiguan,2023,Electric,19591.9,Black,Professional,2,193
CTR_003205,Peugeot,308,2016,Electric,5309.06,Black,Personal,1,167
CTR_003207,Renault,Captur,2010,Diesel,5472.02,White,Mixed,2,135
CTR_003208,Volkswagen,Tiguan,2024,Hybrid,17157.0,Unknown,Mixed,2,124
CTR_003210,Peugeot,308,2024,Gasoline,17068.59,White,Personal,3,135
CTR_003214,Peugeot,208,2017,Hybrid,5644.45,Black,Personal,1,119
CTR_003215,BMW,Serie1,2011,Diesel,5537.82,Unknown,Professional,1,140
CTR_003218,Renault,Captur,2012,Electric,5635.9,Blue,Professional,1,162
CTR_003220,Volkswagen,Golf,2011,Diesel,4427.19,Gray,Mixed,2,119
CTR_003223,Peugeot,3008,2020,Hybrid,6677.63,Gray,Personal,3,189
CTR_003224,Peugeot,208,2021,Electric,11117.04,White,Professional,0,173
CTR_003231,Volkswagen,Polo,2015,Gasoline,5914.02,Red,Mixed,2,135
CTR_003237,BMW,X1,2019,Electric,13575.89,Unknown,Mixed,3,139
CTR_003238,Volkswagen,Polo,2020,Hybrid,10179.52,White,Personal,0,195
CTR_003239,Peugeot,208,2021,Electric,10525.35,Black,Personal,3,181
CTR_003242,Peugeot,208,2021,Electric,9580.8,White,Professional,3,98
CTR_003245,Mercedes,ClasseC,2011,Electric,4627.11,Blue,Professional,3,123
CTR_003250,Renault,Megane,2020,Electric,4380.0,White,Mixed,1,106
CTR_003254,Renault,Clio,2018,Hybrid,4045.3,White,Professional,1,111
CTR_003256,Renault,Captur,2012,Gasoline,5175.4,Gray,Personal,1,163
CTR_003259,BMW,X1,2023,Hybrid,26391.34,Red,Professional,1,135
CTR_003261,BMW,Serie1,2018,Hybrid,11204.74,Blue,Mixed,0,135
CTR_003262,Peugeot,308,2018,Diesel,5965.74,White,Professional,0,101
CTR_003265,Renault,Megane,2021,Diesel,8808.0,Red,Professional,0,157
CTR_003269,Volkswagen,Golf,2021,Electric,10831.72,White,Professional,3,191
CTR_003271,Renault,Captur,2023,Diesel,12729.11,Black,Mixed,3,128
CTR_003272,Mercedes,ClasseC,2024,Hybrid,41182.06,Gray,Mixed,0,112
CTR_003273,Volkswagen,Tiguan,2019,Electric,6826.73,Black,Mixed,0,112
CTR_003281,BMW,Serie1,2022,Electric,28163.34,Red,Professional,3,131
CTR_003282,Volkswagen,Tiguan,2015,Diesel,4632.13,Unknown,Personal,1,158
CTR_003285,Volkswagen,Golf,2023,Diesel,8418.145,Blue,Mixed,2,153
CTR_003288,Volkswagen,Golf,2020,Hybrid,10765.0,Blue,Mixed,3,137
CTR_003289,Volkswagen,Golf,2024,Diesel,19463.61,Unknown,Professional,2,105
CTR_003292,Renault,Captur,2024,Diesel,16594.58,Gray,Personal,3,99
CTR_003293,Peugeot,308,2010,Hybrid,4982.45,Unknown,Personal,2,149
CTR_003297,Renault,Clio,2023,Hybrid,14228.0,Black,Professional,1,126
CTR_003298,Renault,Captur,2024,Electric,12680.14,Blue,Mixed,3,88
CTR_003304,Peugeot,208,2020,Hybrid,7618.34,Black,Personal,1,119
CTR_003310,Renault,Captur,2014,Hybrid,4167.0,Gray,Professional,2,137
CTR_003312,Peugeot,308,2021,Hybrid,9303.39,Red,Professional,3,135
CTR_003319,Volkswagen,Tiguan,2011,Gasoline,5788.99,Gray,Professional,3,125
CTR_003320,Renault,Megane,2018,Gasoline,5658.0,Blue,Personal,2,92
CTR_003324,Volkswagen,Golf,2020,Gasoline,12378.0,Red,Personal,3,133
CTR_003327,Renault,Captur,2011,Gasoline,8418.145,Gray,Mixed,2,95
CTR_003330,Volkswagen,Polo,2012,Gasoline,4542.98,Gray,Professional,3,166
CTR_003331,Mercedes,ClasseA,2014,Diesel,4321.66,White,Mixed,3,150
CTR_003334,Peugeot,3008,2021,Gasoline,8369.34,Red,Personal,1,135
CTR_003335,Peugeot,3008,2018,Hybrid,5322.77,Blue,Mixed,0,135
CTR_003340,Volkswagen,Polo,2024,Diesel,19057.98,White,Mixed,0,113
CTR_003343,Renault,Clio,2014,Diesel,4828.07,Unknown,Professional,1,172
CTR_003346,Renault,Megane,2018,Hybrid,5721.15,White,Professional,0,135
CTR_003348,Renault,Clio,2018,Electric,5453.33,Blue,Personal,0,135
CTR_003351,Peugeot,308,2018,Hybrid,4418.55,Red,Mixed,1,126
CTR_003353,Renault,Clio,2018,Hybrid,4342.2,White,Mixed,3,91
CTR_003354,Renault,Captur,2023,Electric,13906.48,Gray,Mixed,1,184
CTR_003355,Peugeot,3008,2010,Hybrid,5907.22,Unknown,Personal,0,74
CTR_003360,Volkswagen,Polo,2024,Electric,17481.14,Gray,Personal,0,97
CTR_003362,Renault,Megane,2018,Diesel,5903.52,White,Professional,3,190
CTR_003366,Volkswagen,Polo,2023,Electric,17105.35,Blue,Professional,2,95
CTR_003370,BMW,X1,2020,Gasoline,30916.21,White,Professional,1,96
CTR_003372,Renault,Captur,2023,Electric,13556.22,Unknown,Mixed,1,98
CTR_003375,Renault,Clio,2019,Hybrid,6507.45,Blue,Personal,2,188
CTR_003382,Renault,Captur,2024,Electric,14812.83,Blue,Mixed,3,135
CTR_003384,Volkswagen,Golf,2013,Gasoline,4314.02,Black,Professional,0,112
CTR_003390,Renault,Megane,2021,Electric,7384.0,Black,Professional,3,140
CTR_003394,Renault,Captur,2019,Electric,5884.73,Gray,Mixed,2,192
CTR_003401,Peugeot,3008,2024,Gasoline,8418.145,Black,Personal,2,90
CTR_003406,Renault,Clio,2020,Electric,5008.61,Black,Professional,0,105
CTR_003410,BMW,Serie1,2021,Diesel,19767.82,Gray,Personal,2,120
CTR_003411,Volkswagen,Golf,2022,Electric,14756.79,Blue,Personal,2,183
CTR_003413,Peugeot,308,2014,Diesel,5194.76,Gray,Mixed,0,154
CTR_003418,Peugeot,308,2013,Electric,6404.56,Blue,Personal,0,197
CTR_003424,BMW,X1,2021,Electric,26308.28,Black,Professional,0,141
CTR_003426,Volkswagen,Golf,2012,Gasoline,5964.0,Red,Professional,2,135
CTR_003431,Volkswagen,Golf,2020,Electric,11497.51,Gray,Professional,2,181
CTR_003432,Peugeot,308,2018,Hybrid,5842.59,Gray,Professional,3,93
CTR_003435,Peugeot,3008,2015,Gasoline,5581.0,Unknown,Personal,0,109
CTR_003438,BMW,Serie1,2016,Electric,5821.0,White,Professional,1,135
CTR_003439,Peugeot,208,2024,Electric,12625.05,Black,Personal,3,69
CTR_003440,Renault,Clio,2023,Gasoline,14594.64,White,Personal,0,137
CTR_003442,Renault,Megane,2022,Electric,9510.3,Blue,Personal,0,121
CTR_003443,Renault,Megane,2022,Electric,10931.41,Red,Personal,1,134
CTR_003452,Renault,Clio,2023,Diesel,12402.93,Gray,Professional,0,174
CTR_003453,Renault,Megane,2024,Electric,8418.145,White,Mixed,2,129
CTR_003454,BMW,Serie1,2022,Diesel,28749.59,Black,Professional,0,185
CTR_003455,Volkswagen,Golf,2023,Hybrid,17878.77,Black,Professional,2,172
CTR_003459,Mercedes,GLA,2017,Diesel,6883.19,Gray,Mixed,3,185
CTR_003460,Peugeot,3008,2021,Electric,9732.05,Gray,Professional,0,187
CTR_003463,Peugeot,3008,2020,Electric,6277.57,Unknown,Mixed,0,195
CTR_003465,BMW,X1,2019,Diesel,14713.0,Black,Personal,1,135
CTR_003467,Renault,Clio,2023,Diesel,12592.03,Red,Professional,1,152
CTR_003472,Renault,Captur,2024,Hybrid,14480.73,Black,Professional,3,165
CTR_003475,Volkswagen,Golf,2019,Hybrid,6404.0,Unknown,Mixed,2,176
CTR_003479,Volkswagen,Polo,2022,Electric,15009.0,White,Personal,3,127
CTR_003483,BMW,Serie3,2022,Diesel,30589.76,Black,Mixed,1,70
CTR_003489,Mercedes,ClasseA,2018,Electric,10449.85,White,Professional,1,179
CTR_003493,Peugeot,308,2019,Electric,5867.72,Gray,Personal,0,147
CTR_003495,Peugeot,3008,2023,Electric,11206.51,White,Personal,0,135
CTR_003497,Renault,Captur,2020,Gasoline,7848.59,Gray,Personal,2,166
CTR_003502,BMW,Serie1,2022,Gasoline,25491.08,Black,Professional,2,145
CTR_003503,Renault,Clio,2022,Hybrid,12270.22,Black,Professional,0,128
CTR_003507,Peugeot,208,2018,Hybrid,4070.88,Blue,Personal,3,95
CTR_003508,BMW,Serie3,2016,Hybrid,5902.0,Red,Personal,1,137
CTR_003509,Renault,Captur,2020,Diesel,7502.49,Unknown,Mixed,0,135
CTR_003510,Volkswagen,Polo,2024,Gasoline,20237.08,White,Mixed,2,135
CTR_003515,Volkswagen,Tiguan,2018,Electric,6465.09,Gray,Mixed,1,129
CTR_003516,Peugeot,3008,2023,Diesel,8418.145,Gray,Personal,2,103
CTR_003518,Peugeot,308,2023,Electric,11663.59,Blue,Professional,2,183
CTR_003519,Peugeot,308,2020,Diesel,5748.85,White,Mixed,3,94
CTR_003520,Renault,Clio,2023,Electric,8418.145,Black,Professional,2,133
CTR_003524,Renault,Clio,2019,Gasoline,6356.7,Blue,Mixed,0,106
CTR_003529,Peugeot,308,2020,Gasoline,10777.88,Gray,Personal,1,194
CTR_003531,Renault,Captur,2018,Gasoline,5304.14,Blue,Mixed,3,145
CTR_003537,Peugeot,3008,2021,Gasoline,9412.37,White,Professional,3,107
CTR_003540,Renault,Clio,2024,Diesel,15723.82,Unknown,Professional,0,97
CTR_003543,Renault,Captur,2024,Gasoline,8418.145,Black,Personal,3,135
CTR_003544,Renault,Clio,2022,Electric,12428.94,Red,Personal,2,175
CTR_003547,Renault,Clio,2018,Gasoline,4670.8,Black,Mixed,3,154
CTR_003551,Volkswagen,Tiguan,2019,Electric,7434.33,White,Mixed,0,185
CTR_003553,Renault,Captur,2018,Hybrid,4356.85,Gray,Personal,2,134
CTR_003555,Renault,Megane,2019,Electric,4495.57,Unknown,Professional,0,188
CTR_003556,Volkswagen,Tiguan,2018,Diesel,5180.54,White,Personal,0,135
CTR_003557,Volkswagen,Tiguan,2018,Diesel,4812.25,Black,Mixed,1,137
CTR_003558,Renault,Captur,2023,Diesel,13493.55,White,Mixed,3,140
CTR_003563,Volkswagen,Tiguan,2021,Diesel,14113.99,Gray,Mixed,2,116
CTR_003567,Renault,Megane,2015,Gasoline,5655.86,Gray,Mixed,3,145
CTR_003569,Peugeot,308,2024,Diesel,12032.65,Gray,Personal,3,151
CTR_003575,Peugeot,208,2020,Gasoline,7336.63,Black,Mixed,1,192
CTR_003578,Peugeot,3008,2015,Diesel,4011.62,Unknown,Professional,3,123
CTR_003581,Volkswagen,Tiguan,2015,Electric,5015.43,Red,Professional,0,99
CTR_003586,Renault,Megane,2023,Electric,14335.59,Black,Personal,2,158
CTR_003589,Mercedes,ClasseA,2020,Electric,20033.65,Black,Professional,2,119
CTR_003590,Peugeot,3008,2014,Hybrid,5747.33,Red,Personal,1,196
CTR_003596,Peugeot,208,2023,Electric,15563.22,Unknown,Mixed,3,130
CTR_003597,Peugeot,208,2018,Diesel,4475.73,Unknown,Mixed,1,132
CTR_003598,Renault,Megane,2022,Electric,8555.22,Unknown,Professional,3,135
CTR_003600,Renault,Clio,2022,Diesel,11659.61,Gray,Professional,0,162
CTR_003603,Renault,Captur,2010,Hybrid,5158.02,Black,Professional,3,142
CTR_003604,Renault,Clio,2010,Diesel,5163.73,Black,Mixed,0,68
CTR_003606,Peugeot,208,2020,Diesel,10796.27,Blue,Mixed,3,104
CTR_003607,BMW,X1,2018,Hybrid,8157.43,Black,Personal,0,128
CTR_003611,Volkswagen,Polo,2019,Electric,9187.42,White,Mixed,0,177
CTR_003612,Volkswagen,Tiguan,2019,Hybrid,7174.61,Unknown,Professional,0,164
CTR_003613,Peugeot,3008,2024,Diesel,12582.63,Red,Professional,0,127
CTR_003615,Renault,Megane,2020,Electric,13697.54,Black,Mixed,2,188
CTR_003620,Renault,Captur,2023,Gasoline,12246.45,Black,Personal,2,128
CTR_003623,Renault,Captur,2013,Hybrid,5525.79,Unknown,Mixed,1,135
CTR_003624,BMW,X1,2023,Hybrid,35751.1,White,Mixed,0,196
CTR_003631,Peugeot,308,2022,Electric,10862.5,Red,Mixed,2,116
CTR_003633,Peugeot,308,2018,Hybrid,4108.0,Red,Personal,0,161
CTR_003637,Renault,Captur,2023,Electric,11103.96,Red,Professional,3,178
CTR_003640,Renault,Clio,2024,Hybrid,11485.99,Gray,Professional,0,123
CTR_003641,Peugeot,308,2024,Electric,12894.93,White,Mixed,3,135
CTR_003645,Peugeot,3008,2018,Hybrid,5697.89,Unknown,Mixed,1,180
CTR_003648,BMW,Serie3,2021,Diesel,26355.13,White,Professional,3,133
CTR_003649,Peugeot,308,2019,Gasoline,6424.59,Gray,Mixed,2,135
CTR_003652,Renault,Captur,2011,Electric,5463.0,Gray,Personal,2,198
CTR_003654,Peugeot,308,2019,Electric,6555.57,Unknown,Professional,0,114
CTR_003656,Volkswagen,Golf,2020,Electric,8833.16,Black,Professional,0,102
CTR_003658,Renault,Clio,2021,Gasoline,7336.85,White,Professional,3,108
CTR_003663,Peugeot,308,2023,Electric,14247.55,Black,Mixed,1,126
CTR_003664,Peugeot,308,2019,Gasoline,4889.8,Unknown,Personal,3,98
CTR_003667,Peugeot,308,2018,Hybrid,5623.51,Red,Mixed,3,135
CTR_003668,Volkswagen,Golf,2018,Diesel,5804.15,Unknown,Professional,1,136
CTR_003676,Peugeot,208,2022,Diesel,9637.61,Blue,Mixed,2,135
CTR_003678,Renault,Captur,2017,Electric,5318.59,Red,Personal,0,100
CTR_003685,Volkswagen,Tiguan,2021,Hybrid,13344.29,Unknown,Mixed,0,132
CTR_003689,BMW,Serie1,2024,Diesel,33268.33,White,Personal,1,104
CTR_003692,Volkswagen,Golf,2022,Hybrid,17131.74,Red,Mixed,2,135
CTR_003694,Peugeot,308,2019,Gasoline,5531.06,Blue,Personal,1,116
CTR_003696,Peugeot,3008,2022,Electric,10843.0,White,Mixed,0,176
CTR_003697,Volkswagen,Golf,2018,Gasoline,6040.44,Unknown,Personal,0,135
CTR_003698,Volkswagen,Tiguan,2021,Hybrid,14090.4,Unknown,Personal,3,167
CTR_003700,Renault,Captur,2014,Electric,5001.83,Black,Mixed,1,94
CTR_003701,Renault,Clio,2023,Electric,9938.72,White,Professional,1,128
CTR_003704,Peugeot,308,2020,Gasoline,6790.07,White,Professional,3,113
CTR_003709,Renault,Clio,2022,Gasoline,8418.145,Black,Personal,0,170
CTR_003711,Volkswagen,Tiguan,2021,Hybrid,14873.64,Red,Mixed,1,151
CTR_003713,Volkswagen,Polo,2012,Hybrid,5787.22,White,Mixed,0,135
CTR_003715,Mercedes,ClasseA,2022,Hybrid,32354.08,Unknown,Personal,0,107
CTR_003718,Renault,Captur,2012,Electric,5418.64,White,Professional,1,157
CTR_003720,Peugeot,3008,2018,Gasoline,5242.0,Blue,Professional,0,91
CTR_003721,Renault,Captur,2017,Diesel,5558.37,Red,Personal,0,104
CTR_003722,Volkswagen,Golf,2020,Diesel,9780.99,Unknown,Professional,2,68
CTR_003724,Peugeot,208,2014,Diesel,5093.0,Blue,Mixed,2,192
CTR_003726,Peugeot,308,2021,Hybrid,10255.33,Blue,Professional,3,135
CTR_003727,BMW,Serie3,2018,Hybrid,9676.24,Red,Personal,0,102
CTR_003730,Renault,Clio,2020,Diesel,8074.01,Blue,Personal,3,129
CTR_003733,Volkswagen,Golf,2020,Hybrid,12199.56,Red,Mixed,1,117
CTR_003735,Peugeot,3008,2020,Hybrid,8311.06,White,Mixed,0,161
CTR_003736,Peugeot,208,2021,Gasoline,7966.74,Red,Mixed,1,119
CTR_003737,Renault,Megane,2021,Gasoline,9355.09,Blue,Personal,3,112
CTR_003742,Volkswagen,Polo,2012,Gasoline,5392.0,Unknown,Mixed,0,134
CTR_003744,Renault,Captur,2022,Diesel,9717.52,Unknown,Personal,1,92
CTR_003752,Renault,Captur,2024,Diesel,8418.145,Unknown,Mixed,0,186
CTR_003757,Renault,Clio,2022,Hybrid,8418.145,Blue,Mixed,0,135
CTR_003758,Volkswagen,Tiguan,2021,Gasoline,8418.145,Blue,Personal,3,135
CTR_003759,Volkswagen,Golf,2013,Diesel,5742.86,Unknown,Professional,3,135
CTR_003761,Mercedes,ClasseC,2020,Gasoline,22984.18,Black,Mixed,3,134
CTR_003764,Peugeot,3008,2023,Electric,12394.1,Red,Mixed,0,191
CTR_003766,Renault,Clio,2021,Diesel,8415.56,Black,Professional,2,92
CTR_003767,Peugeot,208,2024,Electric,12892.59,White,Personal,2,149
CTR_003769,Mercedes,ClasseC,2019,Electric,17644.42,White,Professional,3,129
CTR_003771,Peugeot,3008,2021,Hybrid,8703.16,Red,Professional,1,127
CTR_003774,Peugeot,308,2017,Diesel,4247.02,Blue,Professional,2,109
CTR_003778,Renault,Megane,2022,Electric,8921.55,Black,Mixed,0,92
CTR_003779,Volkswagen,Polo,2015,Diesel,4228.99,Unknown,Professional,1,136
CTR_003781,Peugeot,308,2019,Electric,5393.08,Blue,Personal,3,156
CTR_003785,Volkswagen,Golf,2020,Diesel,5564.71,Red,Personal,0,172
CTR_003786,Renault,Captur,2019,Gasoline,5012.51,Unknown,Mixed,2,135
CTR_003787,BMW,X1,2022,Hybrid,24273.72,Blue,Personal,2,139
CTR_003797,Volkswagen,Polo,2018,Gasoline,6452.75,Gray,Professional,0,175
CTR_003798,Renault,Clio,2018,Gasoline,8418.145,Gray,Personal,3,105
CTR_003805,Renault,Clio,2010,Hybrid,5017.66,White,Mixed,3,172
CTR_003807,Volkswagen,Polo,2020,Diesel,8331.32,Red,Professional,0,135
CTR_003810,Volkswagen,Tiguan,2022,Electric,12659.21,Unknown,Professional,2,99
CTR_003811,Peugeot,308,2019,Diesel,6577.43,Red,Professional,2,95
CTR_003814,Peugeot,208,2019,Diesel,5600.31,Gray,Mixed,3,129
CTR_003818,Volkswagen,Tiguan,2019,Gasoline,7566.37,Black,Professional,3,101
CTR_003821,Volkswagen,Polo,2023,Gasoline,17098.8,Red,Professional,2,177
CTR_003823,Renault,Megane,2021,Hybrid,8062.59,Unknown,Personal,2,95
CTR_003827,Volkswagen,Golf,2023,Electric,19074.01,Blue,Mixed,0,141
CTR_003829,Peugeot,3008,2019,Hybrid,4992.46,White,Personal,0,129
CTR_003830,Renault,Clio,2020,Hybrid,5983.8,Gray,Mixed,2,131
CTR_003833,Renault,Clio,2018,Electric,5323.34,Gray,Professional,1,93
CTR_003835,BMW,Serie3,2019,Diesel,14487.62,Red,Personal,2,111
CTR_003836,Renault,Clio,2014,Gasoline,5527.8,Blue,Personal,0,135
CTR_003838,Peugeot,3008,2020,Hybrid,8418.145,White,Mixed,2,191
CTR_003840,Renault,Captur,2014,Gasoline,4669.64,White,Professional,3,141
CTR_003850,Renault,Clio,2024,Electric,12703.97,Unknown,Personal,3,148
CTR_003852,Peugeot,208,2024,Gasoline,16462.55,Gray,Mixed,2,135
CTR_003856,Volkswagen,Tiguan,2020,Gasoline,9856.81,Gray,Mixed,2,135
CTR_003860,Peugeot,208,2021,Gasoline,10090.96,Red,Mixed,0,148
CTR_003863,Peugeot,3008,2022,Gasoline,11351.57,Black,Mixed,2,199
CTR_003865,Peugeot,208,2024,Gasoline,15417.95,Black,Mixed,3,157
CTR_003869,Volkswagen,Polo,2019,Hybrid,8418.145,Red,Personal,0,135
CTR_003871,Peugeot,308,2023,Electric,11823.29,White,Professional,0,117
CTR_003872,Volkswagen,Golf,2016,Diesel,4119.48,Black,Personal,2,135
CTR_003873,Peugeot,3008,2022,Diesel,9911.02,White,Personal,2,171
CTR_003876,Peugeot,208,2019,Electric,5214.24,Blue,Professional,2,113
CTR_003877,Volkswagen,Polo,2019,Gasoline,9391.49,Black,Mixed,2,143
CTR_003878,Renault,Megane,2022,Gasoline,12501.49,White,Mixed,1,166
CTR_003880,Peugeot,3008,2019,Gasoline,5413.92,Black,Mixed,3,140
CTR_003887,Mercedes,ClasseA,2019,Hybrid,13476.11,Unknown,Professional,2,137
CTR_003889,Mercedes,ClasseA,2018,Hybrid,10222.1,Gray,Mixed,0,152
CTR_003900,Renault,Megane,2019,Diesel,6264.04,Gray,Mixed,3,196
CTR_003901,Peugeot,208,2017,Gasoline,5741.53,White,Mixed,0,116
CTR_003904,Volkswagen,Polo,2021,Gasoline,12805.64,Gray,Personal,1,134
CTR_003907,Peugeot,308,2021,Electric,9754.06,Black,Mixed,3,198
CTR_003910,Volkswagen,Polo,2021,Hybrid,12588.56,White,Professional,0,154
CTR_003912,Volkswagen,Golf,2013,Gasoline,4365.61,Unknown,Personal,0,134
CTR_003913,Renault,Megane,2023,Hybrid,10101.29,Black,Professional,0,91
CTR_003920,Renault,Megane,2012,Electric,8418.145,Gray,Mixed,0,140
CTR_003921,Renault,Megane,2018,Diesel,5597.46,White,Mixed,1,158
CTR_003922,Volkswagen,Golf,2022,Hybrid,16716.03,White,Professional,3,117
CTR_003923,Volkswagen,Polo,2020,Gasoline,23202.36,Blue,Personal,3,135
CTR_003924,Volkswagen,Golf,2010,Hybrid,5627.3,Gray,Personal,0,118
CTR_003925,Volkswagen,Polo,2020,Gasoline,4575.15,Unknown,Professional,3,185
CTR_003926,Peugeot,308,2024,Electric,12700.88,Gray,Personal,1,148
CTR_003931,Peugeot,208,2010,Gasoline,4861.47,Blue,Professional,0,142
CTR_003947,Renault,Captur,2022,Hybrid,9994.4,Gray,Professional,0,135
CTR_003951,Mercedes,ClasseC,2022,Diesel,33179.57,Blue,Mixed,0,116
CTR_003952,Volkswagen,Golf,2018,Gasoline,4632.0,White,Mixed,2,90
CTR_003956,BMW,Serie3,2010,Electric,5886.02,White,Personal,3,170
CTR_003965,Volkswagen,Tiguan,2024,Electric,23657.35,Unknown,Personal,3,192
CTR_003969,Renault,Captur,2019,Hybrid,5145.68,Red,Mixed,0,173
CTR_003970,BMW,Serie3,2020,Gasoline,17719.26,Black,Personal,2,186
CTR_003973,Peugeot,308,2020,Gasoline,9045.0,Unknown,Professional,2,128
CTR_003974,Renault,Clio,2020,Hybrid,6369.36,Blue,Personal,0,150
CTR_003975,Volkswagen,Tiguan,2020,Hybrid,11199.61,Blue,Mixed,0,135
CTR_003977,Peugeot,3008,2023,Gasoline,14315.21,White,Mixed,3,143
CTR_003985,Renault,Clio,2019,Diesel,5003.26,Gray,Professional,3,74
CTR_003993,Renault,Clio,2022,Electric,8538.24,Black,Mixed,1,135
CTR_003995,Peugeot,308,2022,Hybrid,12149.98,Red,Personal,0,135
CTR_003996,Peugeot,208,2023,Diesel,13819.11,Red,Professional,0,121
CTR_004002,Peugeot,308,2018,Electric,5299.42,Blue,Professional,1,135
CTR_004005,Volkswagen,Polo,2018,Electric,4830.43,White,Professional,0,94
CTR_004006,Renault,Captur,2015,Hybrid,5207.47,Blue,Professional,2,93
CTR_004007,Peugeot,3008,2024,Hybrid,15250.05,Black,Professional,3,110
CTR_004009,Renault,Megane,2023,Gasoline,12086.19,Gray,Personal,0,168
CTR_004013,Volkswagen,Tiguan,2020,Gasoline,11552.0,Blue,Professional,1,88
CTR_004014,Peugeot,308,2023,Gasoline,12610.21,Blue,Professional,3,188
CTR_004017,Peugeot,3008,2020,Hybrid,7342.19,Blue,Mixed,3,110
CTR_004019,Volkswagen,Tiguan,2011,Gasoline,5082.01,White,Professional,1,90
CTR_004020,Peugeot,208,2022,Gasoline,13425.52,Gray,Mixed,0,131
CTR_004023,Peugeot,3008,2022,Diesel,10689.81,Red,Personal,0,159
CTR_004024,Peugeot,308,2023,Hybrid,12911.34,Gray,Personal,2,135
CTR_004026,Volkswagen,Tiguan,2021,Electric,8418.145,White,Personal,1,135
CTR_004028,Volkswagen,Golf,2023,Electric,8418.145,Black,Personal,2,142
CTR_004030,Peugeot,208,2024,Diesel,15602.96,Unknown,Personal,3,137
CTR_004031,Peugeot,308,2021,Hybrid,10339.96,Red,Professional,1,107
CTR_004033,Volkswagen,Tiguan,2018,Gasoline,4806.0,Blue,Personal,1,135
CTR_004034,Renault,Captur,2021,Gasoline,8113.33,Black,Mixed,2,183
CTR_004039,Volkswagen,Polo,2022,Gasoline,13414.35,Gray,Mixed,2,193
CTR_004044,Peugeot,3008,2020,Hybrid,12664.96,Gray,Mixed,2,135
CTR_004045,Volkswagen,Golf,2022,Diesel,12704.57,Unknown,Personal,2,133
CTR_004047,BMW,X1,2024,Gasoline,31527.24,White,Professional,1,135
CTR_004052,Volkswagen,Golf,2018,Hybrid,5616.55,White,Professional,1,135
CTR_004059,BMW,Serie1,2012,Gasoline,4175.65,Unknown,Personal,2,108
CTR_004064,Peugeot,3008,2017,Gasoline,4022.11,Unknown,Personal,3,124
CTR_004065,BMW,Serie1,2012,Hybrid,5382.28,Black,Professional,1,127
CTR_004068,Volkswagen,Golf,2021,Electric,14719.68,White,Personal,2,149
CTR_004070,Mercedes,ClasseC,2018,Diesel,8997.7,White,Mixed,3,82
CTR_004077,Renault,Megane,2023,Diesel,10095.18,Black,Personal,0,101
CTR_004083,Volkswagen,Polo,2024,Hybrid,17754.97,White,Personal,0,135
CTR_004084,Renault,Megane,2020,Electric,8462.79,White,Personal,0,103
CTR_004089,Renault,Clio,2022,Gasoline,11290.01,Blue,Professional,1,161
CTR_004093,Renault,Captur,2019,Diesel,6283.2,Unknown,Personal,2,137
CTR_004094,Renault,Captur,2022,Diesel,12918.77,Red,Personal,3,163
CTR_004095,Renault,Captur,2018,Diesel,5966.05,Blue,Professional,1,108
CTR_004097,Peugeot,308,2021,Gasoline,11328.6,Blue,Personal,3,135
CTR_004100,Renault,Captur,2010,Hybrid,4134.61,Unknown,Personal,3,135
CTR_004101,Mercedes,GLA,2019,Hybrid,12945.21,Blue,Personal,0,125
CTR_004106,Peugeot,308,2012,Electric,4994.14,Gray,Mixed,3,98
CTR_004107,Peugeot,208,2021,Gasoline,8723.43,Unknown,Mixed,2,123
CTR_004110,Peugeot,208,2022,Hybrid,11420.82,Black,Mixed,0,139
CTR_004113,Peugeot,308,2020,Electric,6522.9,Blue,Professional,1,169
CTR_004117,Peugeot,308,2020,Electric,9983.22,Black,Professional,0,93
CTR_004119,Volkswagen,Golf,2020,Electric,8418.145,Gray,Professional,0,135
CTR_004124,Renault,Megane,2018,Diesel,5104.23,Red,Mixed,0,104
CTR_004127,Renault,Captur,2021,Electric,8834.81,Blue,Professional,1,118
CTR_004128,Peugeot,308,2023,Gasoline,13033.65,Gray,Personal,0,180
CTR_004129,BMW,Serie1,2020,Gasoline,19047.89,White,Professional,1,135
CTR_004131,Mercedes,ClasseA,2024,Hybrid,40725.46,Unknown,Personal,3,144
CTR_004134,Renault,Clio,2023,Hybrid,12232.47,Unknown,Professional,0,197
CTR_004137,Peugeot,3008,2018,Hybrid,8418.145,Black,Personal,3,154
CTR_004145,Peugeot,308,2020,Hybrid,8626.0,Red,Professional,0,198
CTR_004146,Peugeot,308,2013,Diesel,5814.5,Unknown,Personal,0,79
CTR_004150,Peugeot,208,2018,Diesel,4782.77,Blue,Professional,3,135
CTR_004151,Volkswagen,Polo,2023,Electric,16996.84,White,Personal,0,111
CTR_004155,Peugeot,308,2016,Electric,4197.06,Black,Mixed,0,112
CTR_004156,Volkswagen,Tiguan,2014,Gasoline,5312.0,Blue,Professional,0,170
CTR_004157,Volkswagen,Polo,2022,Hybrid,16937.62,Unknown,Personal,2,102
CTR_004158,Volkswagen,Golf,2015,Diesel,8418.145,Blue,Professional,1,103
CTR_004161,Volkswagen,Golf,2018,Hybrid,4873.16,White,Mixed,1,135
CTR_004162,Volkswagen,Tiguan,2010,Hybrid,5685.23,White,Mixed,3,135
CTR_004173,Peugeot,3008,2015,Diesel,5135.89,Gray,Professional,0,91
CTR_004175,Renault,Megane,2015,Hybrid,5876.64,Black,Mixed,0,127
CTR_004180,BMW,Serie1,2024,Gasoline,32501.83,Red,Professional,0,145
CTR_004184,BMW,X1,2024,Diesel,34843.19,Blue,Personal,2,130
CTR_004187,Peugeot,208,2020,Diesel,8616.12,White,Mixed,1,98
CTR_004192,Peugeot,3008,2018,Hybrid,5752.09,Blue,Personal,3,146
CTR_004197,Peugeot,3008,2016,Diesel,5948.41,Unknown,Mixed,2,123
CTR_004200,Mercedes,GLA,2022,Gasoline,34668.47,Gray,Personal,3,182
CTR_004202,Peugeot,208,2014,Hybrid,4134.97,Black,Personal,0,121
CTR_004203,Peugeot,308,2021,Diesel,8998.49,Red,Personal,1,127
CTR_004204,Renault,Megane,2021,Hybrid,9852.02,Red,Mixed,0,135
CTR_004205,Volkswagen,Golf,2020,Diesel,10058.69,Black,Professional,2,121
CTR_004206,Peugeot,208,2017,Diesel,4872.74,Black,Professional,1,135
CTR_004207,Peugeot,308,2021,Diesel,10730.16,Black,Personal,2,128
CTR_004222,Peugeot,308,2010,Diesel,5666.84,Unknown,Professional,0,135
CTR_004224,Renault,Megane,2023,Gasoline,13756.06,White,Personal,3,113
CTR_004225,Volkswagen,Polo,2018,Electric,5274.36,White,Personal,3,76
CTR_004229,Volkswagen,Golf,2020,Electric,9268.54,Red,Professional,3,108
CTR_004230,Renault,Clio,2022,Hybrid,10038.81,Black,Mixed,2,162
CTR_004232,Peugeot,308,2013,Diesel,5402.77,Red,Professional,2,135
CTR_004233,Peugeot,208,2016,Hybrid,4729.43,White,Professional,0,113
CTR_004236,Volkswagen,Tiguan,2020,Gasoline,8550.39,Blue,Professional,1,121
CTR_004237,Volkswagen,Tiguan,2018,Diesel,6273.0,Red,Mixed,0,130
CTR_004239,Volkswagen,Tiguan,2018,Electric,4622.08,Red,Personal,1,127
CTR_004249,Volkswagen,Golf,2018,Gasoline,6711.34,Unknown,Mixed,0,184
CTR_004252,Volkswagen,Tiguan,2021,Hybrid,14651.22,Gray,Professional,1,106
CTR_004260,Volkswagen,Polo,2024,Electric,8418.145,Blue,Professional,3,197
CTR_004261,Volkswagen,Golf,2018,Electric,6346.49,Black,Personal,2,135
CTR_004262,Mercedes,GLA,2018,Gasoline,8418.145,Gray,Mixed,1,103
CTR_004265,Peugeot,308,2016,Gasoline,8418.145,Gray,Professional,0,176
CTR_004266,Peugeot,208,2024,Electric,17447.61,Red,Professional,3,155
CTR_004270,Volkswagen,Golf,2018,Hybrid,8418.145,Red,Professional,1,181
CTR_004275,Renault,Captur,2016,Hybrid,4610.49,Black,Professional,0,99
CTR_004276,Volkswagen,Polo,2019,Hybrid,7894.72,White,Personal,1,135
CTR_004278,Renault,Clio,2022,Hybrid,10426.84,Gray,Professional,3,149
CTR_004279,Peugeot,308,2023,Gasoline,15543.8,Gray,Mixed,1,135
CTR_004281,Volkswagen,Tiguan,2022,Gasoline,14562.32,Blue,Personal,3,168
CTR_004282,Renault,Captur,2015,Diesel,4477.92,Unknown,Professional,2,121
CTR_004284,Peugeot,308,2016,Electric,4889.87,Gray,Mixed,3,99
CTR_004286,Renault,Megane,2023,Electric,11807.46,Gray,Personal,0,114
CTR_004289,Peugeot,208,2018,Gasoline,5246.61,Gray,Mixed,1,132
CTR_004294,Peugeot,208,2020,Diesel,5988.29,Black,Personal,3,142
CTR_004295,Peugeot,3008,2022,Hybrid,11634.46,Blue,Personal,0,152
CTR_004296,Peugeot,208,2018,Diesel,4924.0,Unknown,Professional,1,116
CTR_004298,Renault,Megane,2018,Electric,5187.7,Gray,Professional,2,119
CTR_004304,Mercedes,ClasseA,2021,Diesel,30513.14,Unknown,Professional,3,101
CTR_004308,Peugeot,208,2022,Diesel,11969.09,White,Professional,2,78
CTR_004309,Renault,Captur,2018,Hybrid,4245.87,Gray,Professional,2,150
CTR_004314,Renault,Megane,2023,Diesel,14353.73,Blue,Professional,0,135
CTR_004317,Peugeot,208,2022,Gasoline,11814.15,White,Personal,0,171
CTR_004318,Volkswagen,Polo,2020,Diesel,8977.72,Unknown,Mixed,1,147
CTR_004323,Volkswagen,Golf,2011,Diesel,4460.98,Gray,Professional,2,135
CTR_004325,Volkswagen,Polo,2011,Gasoline,4241.07,Gray,Mixed,2,135
CTR_004329,Renault,Clio,2011,Diesel,5921.52,Unknown,Personal,3,153
CTR_004337,Renault,Clio,2019,Hybrid,4638.7,Red,Personal,3,66
CTR_004342,Peugeot,208,2018,Diesel,5528.86,Blue,Professional,0,198
CTR_004347,Renault,Captur,2011,Diesel,4675.32,White,Mixed,0,122
CTR_004348,Volkswagen,Tiguan,2020,Electric,8657.43,Blue,Professional,3,114
CTR_004350,Peugeot,3008,2017,Diesel,4867.69,Gray,Professional,3,165
CTR_004353,Mercedes,ClasseA,2022,Electric,24323.28,White,Personal,3,122
CTR_004358,Peugeot,208,2020,Electric,8789.89,Black,Mixed,1,135
CTR_004360,Mercedes,GLA,2024,Electric,40670.64,Blue,Personal,3,152
CTR_004364,Volkswagen,Tiguan,2019,Diesel,7845.59,Gray,Personal,0,180
CTR_004365,Peugeot,208,2019,Diesel,6790.15,Unknown,Personal,2,125
CTR_004370,Peugeot,308,2018,Hybrid,5038.64,Unknown,Mixed,1,145
CTR_004373,Peugeot,3008,2023,Hybrid,13703.17,Black,Mixed,3,148
CTR_004375,Renault,Clio,2018,Diesel,5629.63,Gray,Mixed,2,196
CTR_004376,Peugeot,308,2018,Electric,5441.14,Black,Mixed,1,146
CTR_004378,Volkswagen,Polo,2021,Hybrid,13614.28,Blue,Mixed,2,188
CTR_004381,Volkswagen,Golf,2019,Diesel,8653.25,Blue,Professional,1,135
CTR_004382,Renault,Captur,2019,Gasoline,5575.96,Black,Mixed,2,136
CTR_004384,Peugeot,208,2023,Diesel,11179.07,Gray,Professional,1,125
CTR_004385,Peugeot,3008,2024,Hybrid,15736.0,Unknown,Professional,0,145
CTR_004386,Volkswagen,Tiguan,2022,Hybrid,13522.02,Blue,Personal,0,99
CTR_004389,Peugeot,208,2021,Gasoline,7862.0,Unknown,Professional,0,113
CTR_004397,Volkswagen,Polo,2014,Hybrid,4508.64,Blue,Personal,3,94
CTR_004398,BMW,Serie1,2023,Gasoline,33513.72,Unknown,Personal,2,135
CTR_004408,Peugeot,3008,2019,Diesel,6500.21,Black,Mixed,1,106
CTR_004410,Peugeot,308,2020,Electric,9058.17,Unknown,Mixed,0,82
CTR_004413,Mercedes,ClasseA,2022,Diesel,32530.77,Gray,Professional,1,103
CTR_004414,Volkswagen,Tiguan,2016,Electric,4879.45,White,Personal,1,135
CTR_004417,Renault,Captur,2020,Hybrid,6582.57,White,Personal,0,135
CTR_004418,Volkswagen,Tiguan,2018,Diesel,6178.82,Gray,Personal,2,96
CTR_004420,Renault,Megane,2016,Diesel,4823.94,Black,Mixed,2,93
CTR_004424,Renault,Captur,2015,Electric,5630.98,Red,Personal,1,196
CTR_004425,Renault,Captur,2024,Electric,17566.01,Black,Professional,2,107
CTR_004426,Renault,Captur,2010,Hybrid,4703.14,Black,Professional,2,189
CTR_004428,Peugeot,308,2019,Gasoline,8418.145,Blue,Professional,3,135
CTR_004430,Renault,Clio,2021,Electric,10442.46,Gray,Personal,2,131
CTR_004431,Peugeot,308,2019,Electric,5753.42,White,Personal,0,83
CTR_004432,Peugeot,308,2024,Hybrid,16240.83,White,Personal,0,112
CTR_004435,Volkswagen,Polo,2024,Gasoline,19022.54,Black,Professional,1,82
CTR_004439,Renault,Clio,2015,Gasoline,5462.56,Red,Professional,3,104
CTR_004441,Renault,Clio,2018,Electric,4347.2,Red,Professional,1,128
CTR_004444,BMW,Serie3,2024,Electric,39702.4,Black,Mixed,3,90
CTR_004447,Renault,Megane,2024,Hybrid,16705.69,Blue,Personal,2,125
CTR_004453,Renault,Clio,2019,Hybrid,6195.33,Black,Mixed,3,149
CTR_004456,Volkswagen,Tiguan,2021,Hybrid,13286.59,Red,Mixed,2,142
CTR_004462,Peugeot,308,2023,Diesel,13491.48,Blue,Mixed,1,135
CTR_004463,Volkswagen,Tiguan,2017,Hybrid,5873.12,Unknown,Professional,3,190
CTR_004466,Volkswagen,Polo,2023,Hybrid,15437.82,Red,Personal,1,114
CTR_004468,Renault,Captur,2019,Gasoline,5113.7,Black,Mixed,0,135
CTR_004470,BMW,Serie3,2024,Hybrid,39224.79,Blue,Personal,1,174
CTR_004471,Peugeot,3008,2020,Electric,9189.29,White,Mixed,2,193
CTR_004476,Renault,Clio,2018,Electric,4544.57,Red,Mixed,0,126
CTR_004479,Peugeot,208,2019,Electric,5154.2,Unknown,Mixed,0,93
CTR_004482,Peugeot,208,2021,Gasoline,11449.43,White,Personal,1,104
CTR_004483,Volkswagen,Tiguan,2021,Electric,11878.24,Red,Professional,3,200
CTR_004484,Volkswagen,Tiguan,2024,Diesel,22227.8,White,Personal,2,135
CTR_004487,Renault,Megane,2019,Gasoline,5328.99,Unknown,Personal,2,110
CTR_004488,Renault,Captur,2019,Electric,6605.93,Black,Personal,3,86
CTR_004495,Renault,Captur,2019,Hybrid,5822.0,Unknown,Professional,3,157
CTR_004518,Mercedes,ClasseA,2015,Gasoline,4830.0,Red,Personal,0,154
CTR_004522,Volkswagen,Tiguan,2022,Gasoline,13244.27,Unknown,Mixed,2,171
CTR_004524,Peugeot,3008,2024,Gasoline,13533.49,Blue,Mixed,2,135
CTR_004527,Volkswagen,Tiguan,2019,Electric,9142.3,Blue,Professional,2,116
CTR_004531,Renault,Megane,2019,Hybrid,4607.56,Blue,Mixed,3,137
CTR_004532,Renault,Captur,2014,Hybrid,4313.69,Blue,Professional,2,138
CTR_004533,Volkswagen,Polo,2020,Diesel,4385.26,Red,Personal,0,149
CTR_004538,Renault,Megane,2018,Electric,4141.36,Gray,Professional,2,141
CTR_004545,Renault,Clio,2022,Hybrid,11430.08,Blue,Mixed,0,86
CTR_004547,Peugeot,208,2020,Gasoline,9301.57,Black,Personal,3,135
CTR_004548,Volkswagen,Tiguan,2019,Gasoline,6845.44,White,Personal,3,71
CTR_004550,Volkswagen,Polo,2018,Hybrid,6269.61,Gray,Personal,2,137
CTR_004556,Peugeot,3008,2023,Gasoline,11491.95,White,Personal,1,147
CTR_004558,Peugeot,308,2021,Electric,11419.32,Blue,Professional,3,165
CTR_004560,Renault,Megane,2015,Gasoline,5014.1,Red,Professional,1,92
CTR_004565,Peugeot,308,2020,Diesel,15034.88,Blue,Mixed,1,132
CTR_004567,Mercedes,GLA,2023,Electric,30561.43,Unknown,Mixed,0,193
CTR_004569,BMW,Serie1,2024,Electric,40393.59,Unknown,Professional,1,169
CTR_004570,Volkswagen,Golf,2019,Hybrid,6661.25,Blue,Professional,1,137
CTR_004571,Renault,Megane,2016,Hybrid,8418.145,Blue,Mixed,0,116
CTR_004576,Renault,Megane,2018,Gasoline,5417.92,Gray,Personal,0,97
CTR_004577,Volkswagen,Polo,2014,Electric,4213.04,Gray,Mixed,1,124
CTR_004579,Peugeot,308,2019,Electric,6877.92,Gray,Mixed,2,68
CTR_004581,Volkswagen,Golf,2024,Diesel,23067.21,Blue,Professional,3,193
CTR_004585,Peugeot,3008,2024,Diesel,13985.89,Red,Professional,3,125
CTR_004589,Volkswagen,Tiguan,2017,Gasoline,4554.55,Unknown,Professional,0,175
CTR_004593,Renault,Clio,2023,Electric,10259.74,Red,Personal,1,172
CTR_004597,Volkswagen,Tiguan,2024,Hybrid,21493.74,Black,Professional,2,147
CTR_004599,Volkswagen,Tiguan,2023,Gasoline,20535.87,White,Professional,2,164
CTR_004601,Volkswagen,Tiguan,2020,Hybrid,11468.17,Red,Professional,0,135
CTR_004603,Peugeot,208,2023,Diesel,8418.145,Gray,Professional,0,161
CTR_004604,Renault,Clio,2021,Diesel,7593.45,Unknown,Professional,3,155
CTR_004606,Peugeot,3008,2012,Diesel,5655.0,Red,Personal,0,135
CTR_004608,Peugeot,3008,2015,Electric,5930.77,Unknown,Professional,3,97
CTR_004610,Peugeot,308,2015,Hybrid,4525.63,Red,Personal,2,87
CTR_004618,Renault,Clio,2019,Electric,5421.61,Black,Professional,0,135
CTR_004622,Volkswagen,Tiguan,2011,Hybrid,4028.1,Blue,Personal,1,96
CTR_004626,Mercedes,ClasseA,2018,Gasoline,12686.93,Gray,Professional,0,135
CTR_004627,Renault,Captur,2020,Diesel,5884.41,Unknown,Personal,0,71
CTR_004628,Volkswagen,Polo,2019,Hybrid,8752.51,Black,Professional,2,165
CTR_004633,Volkswagen,Golf,2019,Diesel,8418.145,Unknown,Mixed,3,167
CTR_004634,Renault,Clio,2013,Diesel,4111.08,Gray,Mixed,3,158
CTR_004635,Peugeot,308,2023,Diesel,11487.53,Blue,Mixed,0,119
CTR_004637,Volkswagen,Golf,2022,Gasoline,16968.27,White,Personal,0,135
CTR_004641,Renault,Clio,2021,Gasoline,8073.08,Blue,Mixed,0,122
CTR_004646,Volkswagen,Polo,2010,Electric,5449.44,Blue,Mixed,3,135
CTR_004649,Renault,Megane,2015,Hybrid,5498.37,White,Personal,0,135
CTR_004652,Volkswagen,Tiguan,2021,Diesel,12325.47,Blue,Professional,0,151
CTR_004654,Mercedes,ClasseA,2023,Hybrid,29057.62,Blue,Mixed,1,110
CTR_004655,Renault,Captur,2019,Hybrid,8418.145,Gray,Professional,2,113
CTR_004656,Renault,Clio,2021,Diesel,9826.49,Black,Mixed,2,173
CTR_004666,Peugeot,3008,2024,Gasoline,12428.73,Blue,Professional,0,139
CTR_004668,BMW,Serie3,2020,Electric,19848.72,Gray,Mixed,0,95
CTR_004670,BMW,Serie1,2014,Electric,4761.65,Blue,Professional,3,118
CTR_004674,Volkswagen,Polo,2020,Electric,11162.49,Blue,Personal,1,181
CTR_004679,Volkswagen,Golf,2021,Diesel,12329.79,Black,Mixed,2,158
CTR_004681,Peugeot,308,2023,Diesel,13877.61,Gray,Professional,0,175
CTR_004682,Renault,Clio,2022,Diesel,12057.0,White,Mixed,2,78
CTR_004684,BMW,X1,2024,Gasoline,40382.34,Blue,Mixed,1,105
CTR_004686,Volkswagen,Golf,2022,Hybrid,12262.65,Black,Professional,0,93
CTR_004688,Renault,Megane,2014,Hybrid,5291.0,Black,Personal,3,106
CTR_004689,Peugeot,308,2023,Hybrid,13538.63,Blue,Professional,0,179
CTR_004690,Peugeot,208,2017,Gasoline,5274.08,Unknown,Professional,2,193
CTR_004692,BMW,X1,2018,Electric,8067.73,Black,Personal,1,151
CTR_004693,Renault,Megane,2012,Diesel,4139.79,Gray,Personal,0,185
CTR_004695,Volkswagen,Polo,2022,Gasoline,15181.64,White,Mixed,1,181
CTR_004696,Volkswagen,Tiguan,2020,Gasoline,8557.0,Blue,Personal,2,122
CTR_004697,Renault,Captur,2022,Electric,11816.4,White,Personal,3,111
CTR_004701,Volkswagen,Polo,2024,Hybrid,22179.81,Gray,Personal,0,182
CTR_004703,Peugeot,3008,2020,Diesel,6606.05,Gray,Professional,1,107
CTR_004713,Peugeot,308,2020,Diesel,7659.78,White,Mixed,3,135
CTR_004723,Renault,Captur,2019,Electric,5812.76,White,Personal,3,105
CTR_004725,Renault,Clio,2018,Diesel,5718.89,Black,Mixed,0,135
CTR_004726,Volkswagen,Tiguan,2018,Hybrid,6694.08,Red,Professional,0,135
CTR_004736,Peugeot,3008,2024,Gasoline,12103.33,White,Professional,1,167
CTR_004737,Peugeot,208,2021,Diesel,9509.14,Unknown,Mixed,0,124
CTR_004742,Peugeot,308,2020,Diesel,8746.0,Black,Professional,0,129
CTR_004743,Renault,Megane,2021,Gasoline,10020.38,Black,Professional,2,135
CTR_004744,Renault,Captur,2019,Diesel,5693.71,Gray,Professional,0,95
CTR_004748,Volkswagen,Polo,2023,Diesel,15363.09,Black,Personal,0,126
CTR_004750,Volkswagen,Polo,2016,Gasoline,5118.19,Gray,Personal,0,91
CTR_004752,Volkswagen,Polo,2022,Gasoline,14540.65,Unknown,Professional,0,135
CTR_004753,Peugeot,208,2010,Hybrid,4818.23,White,Professional,0,147
CTR_004754,Peugeot,308,2021,Gasoline,9836.3,Blue,Mixed,0,195
CTR_004756,Peugeot,3008,2010,Gasoline,4288.97,Black,Professional,1,93
CTR_004762,Peugeot,208,2017,Diesel,5476.48,Black,Personal,0,106
CTR_004763,Volkswagen,Tiguan,2020,Gasoline,11267.31,Blue,Professional,3,102
CTR_004764,Volkswagen,Golf,2017,Hybrid,5085.66,Unknown,Professional,0,150
CTR_004766,Peugeot,208,2010,Hybrid,4709.59,Gray,Personal,2,149
CTR_004767,Volkswagen,Polo,2018,Diesel,6322.81,Blue,Personal,0,135
CTR_004771,Volkswagen,Polo,2021,Hybrid,8418.145,Black,Personal,2,153
CTR_004778,Peugeot,308,2018,Gasoline,4869.0,Red,Personal,0,135
CTR_004781,Peugeot,208,2023,Hybrid,14010.54,White,Mixed,3,185
CTR_004783,Renault,Captur,2023,Diesel,13904.34,Black,Mixed,3,158
CTR_004786,Renault,Clio,2020,Diesel,5299.22,Red,Professional,0,94
CTR_004792,Peugeot,3008,2012,Gasoline,4235.41,Black,Mixed,0,168
CTR_004794,Renault,Clio,2021,Electric,7531.03,Blue,Mixed,0,140
CTR_004798,Volkswagen,Polo,2016,Hybrid,4100.86,Unknown,Mixed,3,138
CTR_004800,Volkswagen,Golf,2010,Hybrid,5119.95,Red,Mixed,2,172
CTR_004801,Renault,Megane,2022,Hybrid,9545.95,Blue,Mixed,0,135
CTR_004803,Renault,Megane,2019,Diesel,4837.35,Black,Personal,0,124
CTR_004804,Mercedes,GLA,2020,Electric,17346.97,White,Mixed,0,180
CTR_004810,BMW,Serie1,2024,Diesel,36985.02,Red,Mixed,3,142
CTR_004815,Peugeot,308,2016,Hybrid,5506.83,Red,Personal,0,90
CTR_004817,Renault,Captur,2018,Hybrid,5715.53,Unknown,Mixed,0,154
CTR_004818,Renault,Clio,2021,Diesel,9301.96,White,Mixed,0,154
CTR_004819,Renault,Clio,2022,Diesel,10019.63,Red,Professional,2,76
CTR_004822,Renault,Clio,2022,Gasoline,10514.08,Black,Personal,2,135
CTR_004823,Volkswagen,Polo,2018,Electric,5904.98,Red,Personal,2,97
CTR_004824,Peugeot,3008,2018,Hybrid,5426.01,Blue,Personal,1,135
CTR_004826,Volkswagen,Golf,2018,Hybrid,5924.44,Blue,Professional,2,188
CTR_004828,Peugeot,208,2020,Diesel,9241.14,Red,Professional,0,135
CTR_004829,Peugeot,3008,2022,Gasoline,12540.0,Black,Mixed,2,160
CTR_004830,Peugeot,3008,2019,Hybrid,6601.49,Blue,Professional,3,113
CTR_004831,Peugeot,208,2013,Electric,5639.61,Red,Professional,1,92
CTR_004834,Renault,Captur,2021,Electric,8818.0,Blue,Personal,3,92
CTR_004835,Renault,Megane,2021,Diesel,8418.145,Unknown,Professional,0,117
CTR_004837,Peugeot,3008,2023,Hybrid,14869.74,Blue,Professional,3,92
CTR_004838,Renault,Megane,2023,Diesel,13357.83,Black,Personal,0,172
CTR_004843,Volkswagen,Polo,2020,Diesel,10845.85,Unknown,Personal,1,195
CTR_004844,Volkswagen,Tiguan,2018,Hybrid,5442.28,Unknown,Professional,3,106
CTR_004845,Peugeot,208,2019,Electric,5750.54,White,Professional,0,92
CTR_004848,Volkswagen,Golf,2023,Gasoline,18805.67,Red,Personal,3,143
CTR_004849,Renault,Captur,2020,Electric,5330.69,Gray,Mixed,3,88
CTR_004851,Renault,Megane,2012,Hybrid,4618.05,White,Professional,0,122
CTR_004853,Renault,Clio,2024,Gasoline,12258.32,Red,Personal,0,135
CTR_004858,Renault,Captur,2021,Gasoline,7638.67,Red,Professional,1,179
CTR_004859,Volkswagen,Polo,2020,Diesel,8793.32,Gray,Professional,3,196
CTR_004862,Peugeot,208,2024,Diesel,16906.2,Red,Mixed,2,138
CTR_004865,Mercedes,GLA,2022,Diesel,27799.58,Blue,Professional,0,135
CTR_004867,Renault,Megane,2022,Diesel,11399.0,Black,Mixed,1,125
CTR_004868,Volkswagen,Tiguan,2016,Electric,4574.85,Unknown,Mixed,0,159
CTR_004869,Renault,Megane,2020,Diesel,7765.59,Gray,Professional,3,168
CTR_004871,Renault,Captur,2019,Electric,6684.48,Unknown,Mixed,2,148
CTR_004873,Mercedes,ClasseC,2013,Hybrid,8418.145,White,Professional,1,166
CTR_004874,Volkswagen,Golf,2019,Diesel,8492.02,Red,Personal,2,112
CTR_004877,Volkswagen,Tiguan,2020,Electric,5112.99,Unknown,Personal,1,153
CTR_004882,Volkswagen,Golf,2020,Gasoline,8664.84,White,Professional,2,99
CTR_004892,Peugeot,308,2012,Diesel,4157.95,Gray,Professional,0,160
CTR_004895,Renault,Clio,2016,Electric,4743.33,Black,Mixed,0,183
CTR_004896,Renault,Megane,2019,Hybrid,5690.97,White,Professional,0,97
CTR_004899,Peugeot,208,2022,Electric,12071.66,Red,Mixed,3,98
CTR_004901,Peugeot,308,2024,Hybrid,15405.17,Blue,Personal,2,158
CTR_004904,Peugeot,208,2020,Hybrid,17387.73,Blue,Mixed,2,91
CTR_004905,BMW,Serie1,2014,Hybrid,4307.07,Red,Professional,0,113
CTR_004908,Peugeot,208,2015,Hybrid,5658.01,White,Mixed,1,111
CTR_004911,Renault,Captur,2021,Gasoline,9061.17,Blue,Professional,1,193
CTR_004912,Peugeot,208,2024,Hybrid,8418.145,Gray,Personal,3,124
CTR_004913,Peugeot,208,2023,Electric,12812.78,Blue,Mixed,2,101
CTR_004914,Volkswagen,Polo,2023,Gasoline,8418.145,White,Personal,3,153
CTR_004923,Mercedes,ClasseC,2021,Diesel,24804.53,Blue,Personal,0,162
CTR_004927,Volkswagen,Golf,2012,Gasoline,4612.22,Red,Personal,2,117
CTR_004929,Volkswagen,Polo,2021,Diesel,10982.43,Unknown,Personal,3,188
CTR_004939,Volkswagen,Golf,2022,Electric,15306.58,White,Personal,2,99
CTR_004942,Peugeot,3008,2022,Diesel,8418.145,Black,Professional,0,135
CTR_004949,Renault,Megane,2015,Gasoline,4935.0,Black,Mixed,1,145
CTR_004951,Renault,Clio,2011,Gasoline,4025.69,Black,Mixed,1,103
CTR_004952,Volkswagen,Golf,2022,Gasoline,15233.91,Blue,Mixed,1,125
CTR_004961,Peugeot,308,2020,Electric,4267.45,White,Professional,0,192
CTR_004962,Volkswagen,Polo,2023,Gasoline,18067.27,Unknown,Personal,2,136
CTR_004963,BMW,X1,2023,Hybrid,28191.53,White,Mixed,2,129
CTR_004964,Peugeot,208,2019,Diesel,7179.6,White,Mixed,2,135
CTR_004966,Mercedes,ClasseA,2020,Hybrid,19628.95,Red,Professional,3,135
CTR_004968,Volkswagen,Tiguan,2020,Diesel,11734.0,White,Personal,1,134
CTR_004969,Mercedes,ClasseA,2015,Gasoline,4491.19,White,Professional,3,135
CTR_004972,Volkswagen,Tiguan,2012,Hybrid,8418.145,Red,Professional,0,91
CTR_004975,BMW,Serie3,2023,Diesel,8418.145,White,Mixed,3,72
CTR_004979,Peugeot,208,2024,Diesel,13998.7,Blue,Personal,2,135
CTR_004980,Renault,Megane,2024,Diesel,8418.145,Unknown,Professional,2,115
CTR_004982,BMW,Serie1,2018,Diesel,10834.72,Blue,Professional,3,100
CTR_004984,Peugeot,308,2021,Electric,9352.04,Blue,Professional,0,148
CTR_004988,Volkswagen,Polo,2013,Diesel,4376.0,Black,Personal,3,136
CTR_004990,Mercedes,GLA,2015,Hybrid,4097.41,Unknown,Personal,3,135
CTR_004992,Mercedes,ClasseA,2020,Gasoline,5237.08,Red,Professional,0,135
CTR_004997,Volkswagen,Golf,2018,Electric,6063.0,White,Personal,3,179
CTR_004998,Volkswagen,Tiguan,2010,Hybrid,5212.28,Unknown,Professional,3,173
CTR_004999,Peugeot,3008,2020,Diesel,5002.51,Gray,Mixed,0,99
CTR_005000,Renault,Megane,2013,Hybrid,5945.73,Red,Professional,1,107
CTR_005001,Peugeot,308,2023,Hybrid,8418.145,White,Mixed,0,102
CTR_005002,Peugeot,308,2018,Gasoline,5976.82,Gray,Mixed,1,184
CTR_005003,Renault,Megane,2017,Electric,4552.63,Unknown,Professional,1,108
CTR_005004,BMW,Serie1,2022,Diesel,25356.66,White,Mixed,2,100
CTR_005009,Renault,Clio,2014,Diesel,8418.145,White,Mixed,0,90
CTR_005011,Volkswagen,Tiguan,2019,Hybrid,7126.77,Gray,Personal,0,199
CTR_005013,Renault,Megane,2013,Diesel,5419.7,Unknown,Professional,3,168
CTR_005014,Volkswagen,Golf,2014,Gasoline,4665.1,Red,Professional,1,165
CTR_005017,Mercedes,ClasseA,2018,Gasoline,13173.7,Red,Mixed,0,115
CTR_005021,Peugeot,208,2020,Gasoline,6775.73,Gray,Mixed,2,135
CTR_005028,BMW,Serie1,2011,Gasoline,5863.57,Unknown,Personal,1,135
CTR_005031,Volkswagen,Tiguan,2019,Electric,8931.43,White,Professional,2,135
CTR_005032,Renault,Megane,2023,Electric,10694.92,White,Professional,3,110
CTR_005036,Peugeot,308,2021,Gasoline,9168.5,Unknown,Mixed,1,179
CTR_005037,Peugeot,308,2016,Gasoline,4208.59,White,Mixed,3,69
CTR_005039,Peugeot,3008,2023,Gasoline,13726.52,Blue,Personal,3,133
CTR_005040,Renault,Megane,2019,Gasoline,7294.74,Gray,Personal,0,112
CTR_005041,Renault,Megane,2018,Gasoline,4158.46,White,Professional,0,195
CTR_005043,Volkswagen,Golf,2023,Hybrid,15897.12,Unknown,Mixed,0,145
CTR_005044,Renault,Clio,2015,Hybrid,5510.71,Gray,Mixed,0,195
CTR_005046,Volkswagen,Polo,2024,Diesel,19666.52,Unknown,Personal,3,135
CTR_005047,Renault,Clio,2020,Diesel,4677.91,Black,Mixed,1,123
CTR_005048,Volkswagen,Polo,2020,Hybrid,11903.05,Red,Professional,2,135
CTR_005049,BMW,X1,2018,Diesel,8992.37,Black,Professional,1,157
CTR_005052,Renault,Clio,2019,Electric,5216.64,White,Personal,1,139
CTR_005056,Renault,Megane,2021,Hybrid,10057.1,Gray,Personal,2,188
CTR_005059,Volkswagen,Golf,2013,Electric,4783.17,Blue,Professional,2,95
CTR_005062,Renault,Megane,2021,Gasoline,9678.8,Unknown,Personal,1,121
CTR_005065,Renault,Megane,2020,Hybrid,6263.02,Blue,Professional,1,135
CTR_005066,Peugeot,308,2023,Gasoline,12665.78,Red,Personal,2,171
CTR_005072,Peugeot,3008,2019,Diesel,6124.61,Red,Personal,2,112
CTR_005073,Peugeot,3008,2023,Hybrid,11971.33,Gray,Personal,3,170
CTR_005077,Renault,Clio,2022,Electric,10306.34,Gray,Professional,1,135
CTR_005079,Peugeot,208,2020,Diesel,8610.65,White,Professional,2,123
CTR_005082,Peugeot,308,2015,Electric,4323.01,Unknown,Professional,0,112
CTR_005083,Renault,Captur,2024,Electric,14004.21,Red,Personal,3,134
CTR_005085,Volkswagen,Tiguan,2010,Hybrid,4523.56,Unknown,Professional,1,165
CTR_005086,Volkswagen,Polo,2018,Electric,5398.93,Black,Professional,2,135
CTR_005090,Volkswagen,Polo,2023,Hybrid,18395.0,Gray,Professional,2,102
CTR_005091,Peugeot,208,2013,Diesel,5310.68,White,Mixed,0,135
CTR_005100,Renault,Megane,2010,Hybrid,5534.0,Red,Personal,2,121
CTR_005104,Peugeot,308,2012,Gasoline,4999.48,Blue,Professional,0,151
CTR_005105,Peugeot,3008,2023,Diesel,11439.57,Gray,Mixed,1,106
CTR_005106,Volkswagen,Golf,2014,Gasoline,5737.25,Black,Personal,0,181
CTR_005112,Volkswagen,Polo,2021,Gasoline,11193.35,Gray,Mixed,2,168
CTR_005117,Volkswagen,Polo,2018,Gasoline,5775.73,Unknown,Professional,3,137
CTR_005118,Peugeot,208,2022,Gasoline,11524.5,Unknown,Personal,0,148
CTR_005120,Peugeot,3008,2022,Diesel,10427.17,Red,Personal,0,154
CTR_005122,Peugeot,3008,2023,Gasoline,15591.56,Red,Personal,2,148
CTR_005130,Mercedes,GLA,2020,Diesel,22269.85,White,Professional,2,135
CTR_005132,Renault,Megane,2013,Electric,4939.0,Unknown,Personal,0,109
CTR_005137,Renault,Megane,2018,Gasoline,4886.97,Black,Mixed,1,135
CTR_005138,Renault,Megane,2017,Hybrid,4184.91,Black,Mixed,0,135
CTR_005140,Peugeot,308,2013,Diesel,5561.36,White,Personal,0,166
CTR_005141,Renault,Clio,2011,Gasoline,4167.29,Blue,Professional,2,136
CTR_005142,Renault,Clio,2022,Electric,9366.27,Blue,Mixed,3,138
CTR_005148,Peugeot,308,2022,Gasoline,9870.1,Red,Personal,2,94
CTR_005149,Volkswagen,Polo,2021,Electric,10588.96,White,Professional,0,148
CTR_005152,Peugeot,308,2019,Diesel,6791.0,Gray,Mixed,0,175
CTR_005155,BMW,Serie1,2018,Electric,11392.68,White,Personal,1,195
CTR_005162,Peugeot,308,2023,Hybrid,13862.73,Gray,Mixed,1,78
CTR_005164,Peugeot,308,2018,Diesel,5755.51,Gray,Mixed,3,103
CTR_005165,Volkswagen,Polo,2024,Hybrid,21400.51,Gray,Mixed,1,99
CTR_005167,Peugeot,3008,2020,Diesel,8377.22,Blue,Professional,1,97
CTR_005172,Volkswagen,Tiguan,2024,Hybrid,23115.77,Unknown,Personal,2,107
CTR_005173,Peugeot,308,2019,Electric,5020.63,Gray,Personal,0,80
CTR_005183,Volkswagen,Polo,2024,Diesel,18081.64,White,Mixed,1,165
CTR_005185,Peugeot,308,2018,Diesel,4107.18,Blue,Professional,2,138
CTR_005187,Volkswagen,Tiguan,2018,Hybrid,5416.11,Unknown,Personal,0,194
CTR_005191,Renault,Megane,2020,Hybrid,8579.9,Gray,Mixed,1,135
CTR_005197,Mercedes,ClasseC,2020,Hybrid,8418.145,Blue,Personal,0,105
CTR_005198,Peugeot,308,2024,Diesel,16691.78,Red,Professional,1,67
CTR_005203,Volkswagen,Golf,2011,Gasoline,4807.83,Blue,Professional,0,135
CTR_005209,Volkswagen,Tiguan,2020,Hybrid,11748.6,White,Personal,3,103
CTR_005211,Peugeot,208,2020,Electric,5324.38,Red,Mixed,1,113
CTR_005218,Volkswagen,Golf,2023,Gasoline,18200.88,Blue,Mixed,2,198
CTR_005228,Mercedes,GLA,2011,Diesel,5491.85,White,Mixed,0,198
CTR_005235,Peugeot,308,2011,Hybrid,4184.88,Red,Personal,0,135
CTR_005237,Renault,Clio,2010,Hybrid,5748.27,Black,Professional,3,127
CTR_005243,Mercedes,GLA,2023,Diesel,38400.65,Black,Personal,3,135
CTR_005244,BMW,Serie1,2018,Electric,9930.45,Black,Mixed,0,156
CTR_005252,Renault,Megane,2015,Diesel,4124.82,Unknown,Personal,2,104
CTR_005260,Volkswagen,Tiguan,2018,Gasoline,6035.72,Black,Professional,0,188
CTR_005263,Peugeot,3008,2012,Gasoline,4894.5,Blue,Mixed,3,135
CTR_005265,Volkswagen,Tiguan,2021,Diesel,15412.97,Blue,Mixed,3,135
CTR_005266,Volkswagen,Golf,2024,Hybrid,16290.96,Red,Professional,0,117
CTR_005267,Volkswagen,Tiguan,2023,Electric,18126.31,Unknown,Mixed,0,106
CTR_005269,Volkswagen,Golf,2010,Electric,4894.04,Gray,Mixed,1,104
CTR_005270,Volkswagen,Polo,2018,Hybrid,5442.79,White,Mixed,0,131
CTR_005273,Volkswagen,Polo,2023,Hybrid,17723.71,Black,Mixed,2,163
CTR_005280,Renault,Captur,2015,Electric,4247.34,Black,Personal,2,186
CTR_005281,Renault,Captur,2018,Diesel,5870.9,White,Mixed,1,157
CTR_005287,Volkswagen,Polo,2019,Diesel,8655.05,Red,Professional,3,92
CTR_005288,Mercedes,GLA,2014,Electric,4169.7,Gray,Professional,0,135
CTR_005289,Mercedes,ClasseC,2014,Gasoline,4158.92,Unknown,Mixed,0,135
CTR_005291,Volkswagen,Tiguan,2020,Hybrid,13440.82,White,Professional,1,135
CTR_005292,Renault,Captur,2020,Electric,5016.98,Unknown,Mixed,2,135
CTR_005295,Renault,Captur,2021,Electric,8931.87,Black,Professional,1,156
CTR_005299,Renault,Captur,2013,Electric,8418.145,Blue,Mixed,0,157
CTR_005303,Peugeot,3008,2020,Electric,4291.62,Unknown,Personal,0,98
CTR_005307,Mercedes,ClasseA,2021,Hybrid,30448.97,Red,Professional,1,104
CTR_005308,Renault,Megane,2024,Gasoline,15818.71,Black,Personal,0,124
CTR_005314,Volkswagen,Tiguan,2019,Hybrid,8427.16,Blue,Mixed,1,112
CTR_005317,Renault,Megane,2020,Diesel,4555.81,Black,Mixed,0,128
CTR_005319,Volkswagen,Tiguan,2019,Hybrid,9313.09,Unknown,Professional,3,69
CTR_005321,Peugeot,308,2021,Gasoline,8890.54,White,Personal,1,186
CTR_005322,Peugeot,208,2023,Electric,8418.145,Blue,Professional,2,105
CTR_005326,Peugeot,3008,2013,Hybrid,4705.85,Red,Personal,2,139
CTR_005327,Volkswagen,Tiguan,2023,Electric,14417.46,White,Mixed,0,147
CTR_005331,Renault,Captur,2022,Hybrid,8775.25,Gray,Mixed,1,135
CTR_005335,Peugeot,208,2011,Gasoline,4951.61,Black,Professional,2,120
CTR_005337,Peugeot,208,2018,Hybrid,5763.51,Unknown,Personal,0,131
CTR_005341,Volkswagen,Tiguan,2020,Diesel,12240.28,Gray,Professional,3,170
CTR_005342,Renault,Clio,2018,Gasoline,5551.44,Unknown,Personal,2,114
CTR_005343,BMW,Serie1,2019,Gasoline,13464.76,Blue,Mixed,0,135
CTR_005350,Renault,Clio,2013,Hybrid,4620.98,Unknown,Professional,1,135
CTR_005356,BMW,Serie1,2012,Electric,4874.55,Red,Personal,0,175
CTR_005359,Peugeot,3008,2023,Gasoline,13403.02,Black,Mixed,2,126
CTR_005360,Renault,Megane,2011,Electric,4964.92,Black,Professional,2,178
CTR_005373,Volkswagen,Golf,2019,Electric,7894.07,Blue,Professional,0,176
CTR_005382,BMW,X1,2019,Diesel,12970.85,White,Personal,1,135
CTR_005383,Peugeot,208,2012,Hybrid,5163.85,Black,Professional,1,135
CTR_005384,Renault,Megane,2021,Diesel,9346.83,Unknown,Professional,3,144
CTR_005385,Renault,Clio,2022,Gasoline,12236.83,Unknown,Mixed,3,170
CTR_005386,Peugeot,308,2024,Diesel,16568.42,Red,Mixed,0,194
CTR_005388,Peugeot,208,2018,Electric,4659.78,White,Personal,2,157
CTR_005389,Volkswagen,Polo,2017,Hybrid,5234.98,Gray,Personal,0,140
CTR_005390,Renault,Captur,2015,Hybrid,4479.0,Red,Mixed,1,129
CTR_005391,Renault,Captur,2019,Gasoline,4862.71,Red,Mixed,2,76
CTR_005396,Volkswagen,Tiguan,2012,Gasoline,4217.78,Gray,Professional,0,119
CTR_005401,Renault,Megane,2023,Gasoline,10024.0,Blue,Professional,0,183
CTR_005403,BMW,X1,2021,Gasoline,21662.43,Blue,Professional,3,135
CTR_005404,Renault,Clio,2016,Gasoline,6510.07,Gray,Mixed,2,187
CTR_005405,Renault,Megane,2018,Electric,5076.02,Black,Mixed,2,107
CTR_005406,Renault,Captur,2018,Gasoline,5484.31,Unknown,Mixed,1,187
CTR_005410,Volkswagen,Polo,2021,Gasoline,12276.34,Unknown,Professional,1,100
CTR_005413,Renault,Megane,2017,Hybrid,4768.81,Red,Mixed,0,96
CTR_005415,Peugeot,208,2018,Gasoline,4250.4,Unknown,Personal,0,96
CTR_005424,Peugeot,308,2020,Gasoline,7175.54,Unknown,Personal,1,156
CTR_005425,Peugeot,3008,2011,Gasoline,5857.34,Unknown,Professional,3,108
CTR_005428,Volkswagen,Golf,2020,Gasoline,10359.24,Blue,Mixed,2,149
CTR_005432,Renault,Clio,2020,Hybrid,4408.69,Blue,Professional,0,135
CTR_005438,Renault,Megane,2018,Gasoline,5327.51,Unknown,Mixed,2,126
CTR_005439,Peugeot,208,2022,Hybrid,10968.84,Gray,Professional,0,117
CTR_005440,Peugeot,208,2018,Electric,5654.67,Blue,Professional,3,185
CTR_005442,Peugeot,208,2017,Electric,4185.66,White,Professional,0,136
CTR_005445,Volkswagen,Tiguan,2020,Hybrid,10490.72,Red,Professional,3,127
CTR_005446,Peugeot,208,2020,Hybrid,8739.78,Unknown,Professional,1,184
CTR_005447,BMW,Serie1,2020,Electric,20775.54,White,Professional,3,121
CTR_005449,Peugeot,208,2022,Electric,10927.34,White,Personal,3,115
CTR_005452,Volkswagen,Golf,2024,Gasoline,21928.33,Black,Professional,2,79
CTR_005454,Peugeot,208,2024,Diesel,17794.26,Unknown,Mixed,3,98
CTR_005458,Volkswagen,Tiguan,2020,Electric,10907.22,Gray,Professional,2,129
CTR_005459,Renault,Captur,2017,Gasoline,8418.145,Gray,Professional,0,147
CTR_005462,Peugeot,308,2018,Diesel,5147.5,Blue,Personal,0,123
CTR_005465,Peugeot,308,2017,Electric,6138.47,Blue,Personal,2,172
CTR_005467,Peugeot,3008,2024,Diesel,17644.19,Black,Personal,0,148
CTR_005470,Renault,Captur,2018,Diesel,5422.92,Red,Personal,1,98
CTR_005472,Mercedes,ClasseC,2021,Electric,22061.35,Blue,Mixed,1,135
CTR_005473,Peugeot,3008,2022,Diesel,9493.56,Red,Personal,3,135
CTR_005476,Volkswagen,Polo,2018,Electric,6299.07,Blue,Mixed,1,117
CTR_005478,Volkswagen,Golf,2017,Hybrid,4516.73,White,Personal,3,127
CTR_005479,Volkswagen,Golf,2023,Diesel,20241.87,Black,Personal,0,101
CTR_005480,Renault,Captur,2018,Electric,4392.31,Unknown,Personal,2,116
CTR_005485,Renault,Captur,2021,Hybrid,10433.19,Blue,Personal,2,192
CTR_005486,Renault,Clio,2020,Hybrid,13824.1,Gray,Professional,1,144
CTR_005487,BMW,Serie1,2024,Diesel,40337.68,Red,Professional,2,135
CTR_005489,Peugeot,308,2020,Diesel,4465.41,Black,Mixed,3,137
CTR_005495,Volkswagen,Polo,2018,Gasoline,6447.92,Blue,Professional,1,94
CTR_005498,Peugeot,3008,2020,Diesel,8073.19,Black,Professional,0,135
CTR_005499,Volkswagen,Polo,2020,Electric,8669.47,Blue,Professional,0,135
CTR_005503,Volkswagen,Golf,2024,Gasoline,23448.32,Black,Professional,1,175
CTR_005504,Peugeot,308,2018,Gasoline,4389.28,Black,Professional,1,199
CTR_005505,Peugeot,3008,2012,Hybrid,4427.0,Unknown,Professional,3,129
CTR_005515,Mercedes,ClasseA,2021,Hybrid,27689.28,White,Mixed,3,92
CTR_005517,Peugeot,3008,2023,Hybrid,13638.58,Gray,Personal,0,86
CTR_005530,BMW,Serie3,2019,Hybrid,8418.145,Red,Personal,2,170
CTR_005532,Renault,Megane,2022,Gasoline,9818.4,Black,Personal,1,135
CTR_005536,Peugeot,3008,2023,Electric,10780.29,Red,Professional,3,186
CTR_005538,Volkswagen,Golf,2019,Electric,9584.0,White,Professional,3,110
CTR_005541,Peugeot,308,2019,Electric,5550.59,White,Personal,0,193
CTR_005542,Volkswagen,Polo,2018,Diesel,4842.72,Unknown,Professional,0,142
CTR_005543,Peugeot,308,2014,Hybrid,5968.76,Red,Mixed,3,99
CTR_005544,Volkswagen,Tiguan,2024,Electric,20503.15,Blue,Personal,2,127
CTR_005547,Peugeot,308,2020,Diesel,4297.72,White,Professional,1,123
CTR_005553,BMW,X1,2018,Electric,11116.42,Gray,Professional,0,144
CTR_005554,Peugeot,208,2021,Electric,11310.41,Unknown,Mixed,3,139
CTR_005555,Volkswagen,Polo,2023,Diesel,20284.21,Blue,Personal,2,135
CTR_005560,Peugeot,308,2020,Hybrid,11608.71,Unknown,Professional,0,173
CTR_005564,Renault,Captur,2018,Diesel,4105.38,Black,Professional,2,110
CTR_005565,Peugeot,3008,2023,Hybrid,12520.46,Red,Personal,0,127
CTR_005569,BMW,Serie1,2018,Hybrid,9230.99,Black,Personal,3,123
CTR_005570,Renault,Megane,2020,Electric,10239.59,White,Professional,3,180
CTR_005571,Renault,Megane,2015,Diesel,5597.96,Blue,Mixed,1,136
CTR_005577,Volkswagen,Golf,2020,Diesel,8360.13,Gray,Personal,3,87
CTR_005579,BMW,Serie3,2023,Electric,32953.7,Blue,Mixed,2,73
CTR_005580,Peugeot,208,2020,Hybrid,9313.68,Black,Personal,0,192
CTR_005581,Volkswagen,Polo,2020,Electric,12283.66,Unknown,Personal,0,135
CTR_005583,Peugeot,3008,2021,Electric,9542.62,Unknown,Mixed,0,127
CTR_005585,Volkswagen,Tiguan,2024,Electric,21023.8,Blue,Mixed,1,152
CTR_005587,Volkswagen,Tiguan,2015,Gasoline,4571.17,Black,Mixed,2,145
CTR_005588,Mercedes,ClasseC,2022,Electric,33057.17,Black,Professional,0,109
CTR_005589,Peugeot,208,2013,Electric,4405.0,Gray,Personal,1,103
CTR_005590,Volkswagen,Golf,2010,Diesel,4129.58,White,Mixed,2,168
CTR_005592,Renault,Captur,2020,Diesel,8157.47,Gray,Personal,1,113
CTR_005594,BMW,Serie3,2024,Hybrid,30471.0,Gray,Professional,3,135
CTR_005596,Renault,Megane,2021,Electric,9789.67,Blue,Mixed,0,111
CTR_005602,Renault,Captur,2019,Hybrid,6431.73,Black,Personal,0,92
CTR_005604,Volkswagen,Golf,2020,Gasoline,8510.42,White,Professional,0,171
CTR_005605,Volkswagen,Tiguan,2018,Diesel,8418.145,Blue,Personal,3,135
CTR_005606,Renault,Clio,2022,Gasoline,11262.38,Gray,Professional,0,118
CTR_005607,Volkswagen,Polo,2022,Diesel,15953.19,Black,Mixed,0,150
CTR_005610,Renault,Clio,2019,Hybrid,5141.6,White,Mixed,1,159
CTR_005612,Volkswagen,Tiguan,2021,Hybrid,10473.62,Unknown,Mixed,3,116
CTR_005613,Renault,Megane,2022,Hybrid,8931.16,Blue,Personal,1,182
CTR_005616,Renault,Megane,2023,Electric,11200.92,Black,Personal,0,135
CTR_005619,Renault,Captur,2022,Hybrid,10240.74,Unknown,Mixed,2,137
CTR_005625,Renault,Megane,2021,Hybrid,10458.46,Red,Personal,1,162
CTR_005626,Peugeot,3008,2024,Diesel,16104.45,Blue,Personal,3,111
CTR_005627,Renault,Captur,2020,Gasoline,5900.0,White,Personal,0,135
CTR_005632,Volkswagen,Polo,2020,Gasoline,12146.01,Red,Professional,0,131
CTR_005633,Volkswagen,Tiguan,2020,Hybrid,12448.32,Red,Personal,2,171
CTR_005635,Volkswagen,Polo,2024,Electric,19940.59,Unknown,Personal,3,162
CTR_005636,Renault,Clio,2020,Electric,7172.3,Gray,Personal,2,123
CTR_005637,Peugeot,308,2021,Hybrid,11263.42,Blue,Professional,0,92
CTR_005640,Renault,Megane,2013,Gasoline,5100.02,Red,Personal,3,111
CTR_005645,Renault,Captur,2019,Gasoline,5606.22,Unknown,Personal,3,135
CTR_005648,BMW,Serie3,2020,Electric,20199.27,Red,Personal,1,139
CTR_005650,Peugeot,308,2010,Gasoline,5186.23,Blue,Mixed,2,96
CTR_005651,Peugeot,308,2019,Hybrid,5397.27,Black,Personal,0,122
CTR_005652,Volkswagen,Golf,2020,Gasoline,12475.34,Gray,Mixed,2,118
CTR_005656,Volkswagen,Golf,2021,Diesel,11677.59,Unknown,Professional,2,152
CTR_005657,Peugeot,3008,2021,Gasoline,10303.21,White,Professional,2,173
CTR_005664,Volkswagen,Golf,2014,Hybrid,4979.47,Gray,Personal,0,196
CTR_005668,Peugeot,3008,2021,Hybrid,8147.84,White,Personal,0,184
CTR_005671,Volkswagen,Tiguan,2024,Gasoline,23671.83,Red,Professional,3,104
CTR_005674,Volkswagen,Polo,2011,Gasoline,4671.46,Black,Professional,0,189
CTR_005678,Peugeot,308,2020,Diesel,8289.0,White,Professional,1,176
CTR_005680,Peugeot,3008,2022,Diesel,12483.0,Blue,Mixed,0,196
CTR_005685,Peugeot,3008,2013,Electric,4789.43,Gray,Professional,0,135
CTR_005686,Peugeot,308,2020,Diesel,11936.69,Unknown,Professional,2,135
CTR_005688,Peugeot,3008,2023,Gasoline,10871.01,Red,Professional,0,181
CTR_005690,Peugeot,208,2016,Gasoline,6493.44,White,Mixed,0,151
CTR_005691,Volkswagen,Golf,2020,Diesel,10741.46,Red,Personal,0,105
CTR_005693,Renault,Clio,2019,Diesel,6084.76,Black,Personal,0,140
CTR_005694,BMW,X1,2024,Hybrid,34563.93,Red,Mixed,2,103
CTR_005697,Renault,Megane,2020,Electric,6503.1,Gray,Personal,0,130
CTR_005699,Volkswagen,Golf,2019,Electric,9585.32,Unknown,Professional,3,146
CTR_005709,Peugeot,208,2018,Gasoline,5934.79,Unknown,Professional,2,151
CTR_005713,Peugeot,208,2019,Diesel,6863.0,Gray,Mixed,3,160
CTR_005714,Renault,Captur,2018,Gasoline,8418.145,Blue,Professional,1,128
CTR_005718,Peugeot,3008,2019,Electric,6180.1,Gray,Professional,3,117
CTR_005719,Volkswagen,Polo,2022,Diesel,14396.15,Blue,Professional,0,135
CTR_005721,BMW,Serie3,2023,Diesel,28867.64,Black,Mixed,0,135
CTR_005723,Peugeot,208,2020,Electric,5867.45,Black,Personal,0,134
CTR_005729,BMW,Serie1,2019,Hybrid,16569.65,Blue,Personal,0,166
CTR_005730,Volkswagen,Golf,2018,Gasoline,5466.69,White,Professional,0,190
CTR_005734,Renault,Megane,2020,Gasoline,6423.87,Black,Mixed,1,143
CTR_005735,Renault,Megane,2018,Hybrid,5610.54,Blue,Professional,1,105
CTR_005742,Renault,Megane,2019,Hybrid,6053.62,Red,Personal,1,135
CTR_005743,Peugeot,208,2023,Gasoline,15151.9,Gray,Personal,3,192
CTR_005744,Peugeot,308,2024,Hybrid,8418.145,Gray,Mixed,2,160
CTR_005745,Volkswagen,Tiguan,2016,Hybrid,5164.96,Red,Mixed,3,97
CTR_005751,Volkswagen,Tiguan,2020,Diesel,9883.25,Blue,Mixed,2,148
CTR_005753,Renault,Megane,2017,Electric,4146.56,Blue,Personal,3,82
CTR_005760,BMW,Serie3,2022,Gasoline,21870.97,Red,Mixed,3,149
CTR_005761,Peugeot,208,2023,Electric,11361.24,Blue,Mixed,2,135
CTR_005763,Renault,Megane,2014,Diesel,4115.55,White,Professional,2,165
CTR_005768,Volkswagen,Polo,2019,Diesel,8112.46,Red,Professional,0,161
CTR_005769,BMW,Serie3,2022,Gasoline,25574.06,Black,Mixed,0,125
CTR_005774,Mercedes,ClasseC,2020,Hybrid,16858.61,Blue,Personal,2,71
CTR_005775,Renault,Clio,2024,Hybrid,11322.0,Blue,Personal,2,104
CTR_005776,Volkswagen,Tiguan,2018,Hybrid,5651.55,White,Professional,1,147
CTR_005777,Renault,Megane,2022,Diesel,10849.03,White,Mixed,0,123
CTR_005778,Volkswagen,Tiguan,2018,Diesel,4563.52,Unknown,Mixed,1,158
CTR_005783,Renault,Clio,2022,Electric,11363.47,Red,Professional,0,92
CTR_005786,Peugeot,3008,2018,Electric,4251.74,Red,Personal,1,160
CTR_005787,Volkswagen,Polo,2022,Electric,16683.33,White,Personal,0,115
CTR_005788,Volkswagen,Tiguan,2018,Electric,4835.74,White,Professional,2,144
CTR_005789,Renault,Clio,2011,Hybrid,4078.12,Red,Mixed,1,199
CTR_005791,Mercedes,ClasseC,2013,Gasoline,8418.145,Black,Personal,2,172
CTR_005793,Renault,Megane,2023,Gasoline,12143.31,Red,Personal,1,187
CTR_005796,Peugeot,308,2021,Gasoline,8418.145,Black,Personal,2,171
CTR_005797,Peugeot,308,2019,Diesel,5437.34,Blue,Mixed,3,155
CTR_005799,Renault,Captur,2024,Gasoline,15036.36,Black,Mixed,3,125
CTR_005803,Peugeot,3008,2023,Hybrid,15115.02,Gray,Mixed,1,118
CTR_005809,Renault,Clio,2013,Diesel,4539.56,Unknown,Mixed,0,135
CTR_005812,Volkswagen,Golf,2022,Electric,15335.13,White,Mixed,3,126
CTR_005813,Peugeot,308,2020,Diesel,7517.44,Gray,Personal,3,135
CTR_005817,Peugeot,3008,2021,Hybrid,7785.47,Gray,Mixed,0,135
CTR_005819,Volkswagen,Polo,2023,Diesel,16838.79,Red,Personal,0,168
CTR_005823,Volkswagen,Golf,2012,Gasoline,4754.4,Unknown,Mixed,1,100
CTR_005824,Volkswagen,Polo,2022,Diesel,15941.13,Black,Mixed,2,135
CTR_005825,Peugeot,308,2018,Gasoline,5732.86,Blue,Personal,0,166
CTR_005828,Volkswagen,Tiguan,2019,Hybrid,8549.98,Gray,Professional,1,98
CTR_005834,Renault,Megane,2018,Hybrid,4710.77,Red,Personal,0,113
CTR_005835,Peugeot,208,2015,Electric,4897.74,Gray,Personal,2,117
CTR_005838,Renault,Clio,2024,Electric,16168.09,White,Mixed,2,138
CTR_005841,Volkswagen,Golf,2019,Gasoline,8444.81,Red,Personal,0,192
CTR_005842,Volkswagen,Golf,2019,Electric,7647.49,Black,Personal,3,98
CTR_005844,Renault,Megane,2022,Diesel,11066.3,Black,Mixed,1,164
CTR_005845,Peugeot,3008,2021,Diesel,11169.66,Unknown,Personal,1,200
CTR_005847,BMW,Serie1,2024,Diesel,34751.86,Blue,Mixed,1,96
CTR_005848,Renault,Clio,2022,Electric,12195.0,White,Mixed,3,166
CTR_005850,Volkswagen,Golf,2023,Electric,19801.57,Unknown,Personal,0,145
CTR_005852,Peugeot,208,2020,Electric,13328.89,Unknown,Personal,2,133
CTR_005855,Volkswagen,Polo,2021,Gasoline,15146.77,Black,Professional,2,135
CTR_005856,Peugeot,208,2018,Hybrid,5906.43,Unknown,Personal,3,134
CTR_005859,Volkswagen,Tiguan,2021,Electric,15186.0,Black,Professional,2,135
CTR_005860,Peugeot,3008,2016,Electric,4441.01,Red,Professional,0,122
CTR_005861,Volkswagen,Tiguan,2021,Gasoline,10769.28,Blue,Personal,1,135
CTR_005862,Peugeot,3008,2023,Diesel,13828.83,Red,Mixed,0,135
CTR_005863,Volkswagen,Tiguan,2024,Hybrid,21820.55,White,Personal,3,135
CTR_005865,Peugeot,308,2022,Electric,11571.9,Red,Mixed,3,153
CTR_005868,Renault,Clio,2019,Electric,5684.4,Gray,Personal,1,106
CTR_005869,Renault,Clio,2024,Gasoline,14828.03,Blue,Personal,1,135
CTR_005870,Renault,Captur,2024,Diesel,13794.84,Blue,Mixed,3,160
CTR_005873,Volkswagen,Tiguan,2020,Electric,10571.98,Black,Mixed,3,135
CTR_005876,Peugeot,308,2018,Electric,4150.39,Black,Personal,1,102
CTR_005881,Volkswagen,Polo,2016,Gasoline,5988.2,Black,Professional,3,121
CTR_005883,Peugeot,3008,2018,Hybrid,4757.35,White,Mixed,3,132
CTR_005887,Volkswagen,Tiguan,2014,Hybrid,4410.46,Gray,Professional,2,143
CTR_005894,Renault,Megane,2018,Gasoline,4960.03,Blue,Professional,2,114
CTR_005896,Renault,Captur,2021,Gasoline,8418.145,Black,Professional,2,121
CTR_005898,Mercedes,GLA,2024,Diesel,38264.38,Blue,Mixed,1,126
CTR_005900,Peugeot,308,2024,Hybrid,15377.2,Black,Personal,0,139
CTR_005902,Volkswagen,Polo,2015,Hybrid,5012.55,Blue,Mixed,1,135
CTR_005911,Volkswagen,Polo,2013,Diesel,5332.96,Gray,Mixed,3,135
CTR_005914,Renault,Captur,2022,Electric,10349.46,Black,Mixed,1,135
CTR_005915,Volkswagen,Polo,2022,Diesel,12671.61,Red,Personal,3,118
CTR_005916,Renault,Captur,2023,Hybrid,14226.74,Red,Personal,2,188
CTR_005918,Renault,Megane,2021,Hybrid,9766.85,Blue,Professional,0,101
CTR_005923,BMW,Serie1,2024,Diesel,40921.05,Gray,Mixed,1,182
CTR_005927,Peugeot,3008,2023,Diesel,12569.79,White,Mixed,1,135
CTR_005941,Peugeot,308,2021,Hybrid,8418.145,Red,Professional,3,188
CTR_005945,Volkswagen,Golf,2018,Diesel,6436.78,Gray,Professional,0,169
CTR_005947,Mercedes,ClasseC,2020,Hybrid,4924.43,Blue,Professional,1,188
CTR_005948,BMW,Serie3,2024,Gasoline,36863.8,Black,Professional,2,117
CTR_005950,Peugeot,3008,2014,Hybrid,4494.12,White,Personal,0,198
CTR_005952,Volkswagen,Tiguan,2023,Hybrid,8418.145,White,Personal,2,135
CTR_005954,Peugeot,3008,2017,Hybrid,5593.83,Red,Mixed,3,128
CTR_005956,Peugeot,208,2020,Diesel,5226.38,Gray,Mixed,0,156
CTR_005961,Peugeot,3008,2020,Electric,9114.62,Blue,Mixed,1,126
CTR_005962,Renault,Megane,2015,Gasoline,5537.28,Unknown,Mixed,2,135
CTR_005963,Renault,Captur,2023,Hybrid,14402.47,Blue,Personal,0,160
CTR_005974,Volkswagen,Polo,2018,Electric,5017.92,Red,Professional,2,198
CTR_005979,Renault,Megane,2022,Hybrid,11148.44,Black,Mixed,3,156
CTR_005982,Peugeot,3008,2010,Gasoline,4886.25,Black,Personal,0,135
CTR_005987,Peugeot,208,2023,Gasoline,11031.12,Red,Personal,2,135
CTR_005988,Renault,Captur,2024,Diesel,13739.93,Gray,Professional,3,94
CTR_005989,Renault,Captur,2023,Hybrid,13752.53,Unknown,Mixed,0,77
CTR_005990,Renault,Megane,2018,Gasoline,4158.24,Black,Mixed,0,135
CTR_005993,Peugeot,308,2021,Electric,10007.88,Blue,Professional,3,113
CTR_005995,Peugeot,208,2021,Hybrid,8418.145,White,Personal,2,162
CTR_006004,Renault,Megane,2023,Electric,13079.24,Black,Professional,3,175
CTR_006007,Renault,Captur,2023,Gasoline,13903.71,Gray,Mixed,2,135
CTR_006008,Renault,Clio,2018,Gasoline,5083.29,Unknown,Mixed,3,197
CTR_006012,Renault,Clio,2017,Hybrid,8418.145,Gray,Professional,2,93
CTR_006013,Peugeot,3008,2013,Gasoline,4180.3,Black,Mixed,1,185
CTR_006015,BMW,Serie1,2019,Gasoline,12816.72,Red,Mixed,2,198
CTR_006018,Peugeot,308,2020,Gasoline,4729.0,Unknown,Mixed,0,135
CTR_006022,Renault,Megane,2022,Electric,11241.0,Black,Personal,0,170
CTR_006024,Volkswagen,Polo,2022,Diesel,14521.18,Unknown,Professional,3,135
CTR_006025,Volkswagen,Golf,2020,Diesel,9995.24,White,Professional,2,121
CTR_006027,Peugeot,308,2022,Hybrid,10444.64,White,Mixed,0,119
CTR_006029,Peugeot,308,2019,Electric,5670.92,Red,Personal,2,181
CTR_006030,Volkswagen,Tiguan,2018,Electric,5075.9,Blue,Mixed,3,159
CTR_006033,Peugeot,3008,2020,Gasoline,8418.145,Red,Professional,2,71
CTR_006035,Peugeot,3008,2020,Electric,9306.84,White,Professional,2,169
CTR_006036,Renault,Captur,2013,Electric,5469.29,Gray,Mixed,3,98
CTR_006038,Peugeot,308,2019,Diesel,4976.71,Blue,Mixed,0,169
CTR_006040,Peugeot,308,2021,Electric,10109.6,White,Professional,1,111
CTR_006045,Peugeot,208,2011,Diesel,5405.79,White,Professional,0,135
CTR_006050,Renault,Megane,2023,Gasoline,13691.19,Red,Mixed,2,135
CTR_006053,Volkswagen,Tiguan,2023,Gasoline,19449.31,Red,Personal,0,200
CTR_006055,Volkswagen,Golf,2010,Diesel,5518.45,Unknown,Personal,1,108
CTR_006056,Peugeot,308,2023,Hybrid,11945.59,Blue,Mixed,0,129
CTR_006060,Volkswagen,Polo,2019,Hybrid,6785.89,Unknown,Professional,0,122
CTR_006071,Peugeot,208,2022,Diesel,9158.18,White,Professional,2,179
CTR_006074,Volkswagen,Tiguan,2023,Diesel,14090.68,White,Personal,0,171
CTR_006075,Renault,Clio,2013,Diesel,5872.41,Unknown,Personal,3,187
CTR_006078,Renault,Clio,2016,Hybrid,5215.91,Black,Personal,2,75
CTR_006081,Peugeot,3008,2020,Electric,8031.49,White,Professional,0,191
CTR_006085,Volkswagen,Tiguan,2019,Gasoline,8418.145,Gray,Personal,2,199
CTR_006086,Volkswagen,Polo,2017,Hybrid,5597.05,Gray,Professional,2,101
CTR_006091,Volkswagen,Polo,2018,Gasoline,8418.145,Gray,Professional,1,170
CTR_006092,Renault,Megane,2024,Diesel,15333.25,White,Professional,0,174
CTR_006093,Volkswagen,Polo,2021,Electric,12097.52,Black,Professional,3,102
CTR_006094,Renault,Megane,2018,Gasoline,5415.0,Blue,Mixed,1,98
CTR_006098,Peugeot,3008,2020,Electric,6495.0,Black,Mixed,0,138
CTR_006101,Peugeot,308,2018,Hybrid,4630.61,Red,Professional,1,148
CTR_006103,Renault,Megane,2018,Hybrid,5868.51,Unknown,Personal,2,135
CTR_006105,Renault,Clio,2020,Gasoline,10672.61,White,Mixed,0,135
CTR_006106,Renault,Captur,2013,Electric,4515.47,Gray,Professional,1,101
CTR_006107,Volkswagen,Golf,2020,Hybrid,11122.98,Blue,Personal,3,175
CTR_006108,Renault,Clio,2015,Gasoline,5501.73,Red,Mixed,1,138
CTR_006113,Peugeot,208,2019,Diesel,7081.64,Blue,Mixed,2,173
CTR_006115,Renault,Clio,2018,Hybrid,4146.55,Unknown,Mixed,2,135
CTR_006117,Volkswagen,Polo,2022,Gasoline,15442.85,White,Personal,0,142
CTR_006118,Peugeot,208,2018,Gasoline,4980.75,White,Mixed,1,180
CTR_006120,Peugeot,208,2023,Electric,12198.1,White,Personal,1,195
CTR_006121,Volkswagen,Tiguan,2022,Hybrid,8418.145,Blue,Mixed,0,87
CTR_006124,Volkswagen,Golf,2018,Diesel,4915.0,Blue,Professional,0,114
CTR_006126,Renault,Megane,2021,Hybrid,8342.68,Blue,Mixed,1,138
CTR_006129,Volkswagen,Tiguan,2020,Diesel,19473.71,White,Personal,0,197
CTR_006130,Peugeot,308,2024,Gasoline,14863.62,Blue,Professional,1,101
CTR_006131,Peugeot,308,2014,Gasoline,4272.19,Blue,Professional,0,96
CTR_006132,Peugeot,208,2018,Diesel,5788.53,White,Mixed,0,150
CTR_006133,Renault,Clio,2017,Diesel,5461.62,Blue,Mixed,3,148
CTR_006136,Peugeot,308,2019,Electric,6150.58,Unknown,Professional,0,135
CTR_006138,Peugeot,208,2018,Hybrid,5218.65,Blue,Personal,3,140
CTR_006139,Volkswagen,Golf,2018,Hybrid,8418.145,Black,Mixed,0,188
CTR_006140,Renault,Clio,2018,Diesel,4998.59,Unknown,Personal,1,194
CTR_006141,Peugeot,3008,2018,Hybrid,5489.48,White,Professional,0,164
CTR_006146,Renault,Captur,2012,Electric,5430.65,Gray,Personal,3,140
CTR_006148,Volkswagen,Tiguan,2018,Hybrid,4486.0,Blue,Professional,2,80
CTR_006151,Volkswagen,Tiguan,2021,Diesel,10806.02,Black,Mixed,2,147
CTR_006152,Renault,Captur,2022,Hybrid,8619.0,Blue,Professional,0,178
CTR_006161,Renault,Clio,2024,Electric,12145.87,Black,Mixed,3,194
CTR_006165,Peugeot,308,2023,Gasoline,10941.65,Red,Mixed,0,155
CTR_006166,Volkswagen,Tiguan,2018,Gasoline,4914.1,Unknown,Mixed,3,135
CTR_006167,Peugeot,3008,2019,Gasoline,6092.43,Red,Personal,0,131
CTR_006168,Volkswagen,Golf,2020,Gasoline,11105.0,Blue,Personal,3,135
CTR_006173,Volkswagen,Golf,2019,Hybrid,9339.0,Gray,Mixed,2,176
CTR_006174,Peugeot,308,2013,Diesel,5478.59,White,Personal,3,94
CTR_006180,Volkswagen,Tiguan,2021,Hybrid,10401.27,Unknown,Mixed,0,135
CTR_006184,Volkswagen,Golf,2023,Gasoline,17379.72,Gray,Professional,1,181
CTR_006190,Peugeot,3008,2019,Diesel,6421.53,Unknown,Personal,0,115
CTR_006197,Volkswagen,Polo,2024,Diesel,18521.0,Unknown,Professional,3,193
CTR_006199,Volkswagen,Golf,2017,Hybrid,4737.79,Unknown,Mixed,3,125
CTR_006205,Mercedes,ClasseC,2011,Gasoline,5605.6,Black,Personal,0,132
CTR_006207,Renault,Clio,2019,Hybrid,4585.36,Blue,Mixed,3,161
CTR_006210,Volkswagen,Golf,2024,Diesel,20317.33,Gray,Mixed,0,107
CTR_006213,Peugeot,3008,2018,Electric,5608.99,Black,Professional,3,143
CTR_006218,Renault,Megane,2024,Gasoline,15665.52,Black,Professional,2,129
CTR_006219,Volkswagen,Tiguan,2022,Diesel,12893.1,Unknown,Personal,0,199
CTR_006221,Renault,Megane,2019,Gasoline,6372.5,Unknown,Professional,3,137
CTR_006222,Volkswagen,Tiguan,2020,Diesel,8641.47,Blue,Professional,2,135
CTR_006223,Peugeot,208,2023,Diesel,15439.06,Black,Professional,0,135
CTR_006228,Renault,Megane,2023,Hybrid,10921.92,Unknown,Personal,0,113
CTR_006230,Renault,Captur,2024,Diesel,11845.33,Red,Professional,2,106
CTR_006234,Renault,Captur,2018,Electric,4147.91,White,Mixed,2,98
CTR_006237,Volkswagen,Tiguan,2024,Gasoline,18747.26,Blue,Mixed,0,138
CTR_006241,Peugeot,3008,2020,Electric,7327.55,Red,Personal,0,135
CTR_006242,Renault,Clio,2022,Hybrid,10751.29,Unknown,Personal,0,102
CTR_006252,Peugeot,308,2015,Hybrid,5465.89,White,Mixed,0,193
CTR_006255,Peugeot,208,2018,Electric,5019.5,White,Professional,2,152
CTR_006256,Renault,Captur,2010,Hybrid,5957.89,White,Mixed,3,134
CTR_006257,Renault,Clio,2021,Diesel,8713.97,Black,Professional,1,94
CTR_006258,Volkswagen,Tiguan,2020,Gasoline,9195.0,Gray,Personal,2,139
CTR_006261,Renault,Megane,2018,Electric,5409.87,Gray,Professional,0,151
CTR_006262,Volkswagen,Tiguan,2022,Gasoline,14070.2,Red,Mixed,3,127
CTR_006263,Peugeot,208,2018,Gasoline,4343.2,Blue,Personal,3,152
CTR_006266,Peugeot,308,2020,Hybrid,5584.89,Unknown,Professional,0,148
CTR_006270,Peugeot,308,2024,Gasoline,13357.33,Red,Personal,0,164
CTR_006272,Peugeot,308,2019,Electric,6597.4,Unknown,Personal,1,135
CTR_006277,Peugeot,3008,2021,Electric,8473.69,Unknown,Mixed,3,158
CTR_006279,Peugeot,308,2014,Gasoline,6466.71,Red,Professional,0,179
CTR_006281,Volkswagen,Polo,2023,Gasoline,8418.145,Gray,Mixed,0,125
CTR_006283,BMW,Serie1,2021,Hybrid,24637.53,Black,Professional,0,135
CTR_006285,Renault,Clio,2023,Electric,14002.61,Unknown,Professional,0,135
CTR_006286,BMW,Serie3,2019,Electric,8418.145,Black,Mixed,1,166
CTR_006289,Volkswagen,Golf,2023,Gasoline,8418.145,White,Mixed,0,198
CTR_006291,Volkswagen,Tiguan,2021,Gasoline,13303.56,White,Professional,1,199
CTR_006292,Volkswagen,Tiguan,2012,Electric,5240.19,Blue,Mixed,1,110
CTR_006296,Mercedes,ClasseA,2024,Gasoline,41964.08,White,Mixed,1,126
CTR_006302,Peugeot,308,2018,Hybrid,4912.34,Red,Professional,0,185
CTR_006303,Renault,Clio,2017,Diesel,5869.42,Blue,Professional,2,143
CTR_006306,Renault,Clio,2019,Hybrid,6030.31,Gray,Mixed,3,90
CTR_006307,BMW,Serie3,2018,Hybrid,8130.93,Red,Mixed,2,135
CTR_006309,BMW,Serie1,2023,Diesel,8418.145,White,Mixed,1,119
CTR_006312,Volkswagen,Tiguan,2010,Electric,4550.98,Black,Professional,0,135
CTR_006314,Peugeot,3008,2021,Electric,10456.45,Blue,Mixed,0,168
CTR_006316,Volkswagen,Tiguan,2018,Diesel,4612.63,White,Mixed,1,135
CTR_006317,Renault,Clio,2019,Hybrid,6197.39,Black,Professional,0,135
CTR_006318,Peugeot,208,2022,Electric,11595.01,Blue,Personal,1,145
CTR_006319,Renault,Megane,2019,Hybrid,8418.145,Blue,Mixed,2,130
CTR_006321,Peugeot,208,2022,Diesel,11373.8,Black,Mixed,3,184
CTR_006325,Renault,Captur,2018,Electric,5602.23,Red,Professional,3,174
CTR_006327,Renault,Clio,2017,Electric,5894.05,Red,Personal,2,92
CTR_006330,BMW,X1,2017,Electric,6143.17,Black,Professional,1,135
CTR_006332,Volkswagen,Polo,2021,Diesel,14050.14,Black,Professional,1,107
CTR_006333,Peugeot,3008,2022,Electric,10108.14,Blue,Personal,0,171
CTR_006339,Peugeot,308,2024,Gasoline,14126.81,Blue,Professional,1,190
CTR_006340,Peugeot,208,2014,Electric,4250.08,Unknown,Professional,2,122
CTR_006345,BMW,Serie1,2020,Hybrid,5672.64,Gray,Personal,0,164
CTR_006346,Renault,Clio,2010,Diesel,4893.12,Blue,Professional,0,108
CTR_006353,Volkswagen,Golf,2020,Electric,8418.145,Gray,Professional,1,124
CTR_006358,Peugeot,208,2017,Diesel,4138.38,Black,Mixed,3,135
CTR_006360,Renault,Captur,2023,Electric,14445.91,Red,Professional,0,135
CTR_006362,Renault,Captur,2018,Gasoline,5210.82,Gray,Personal,0,159
CTR_006366,Renault,Clio,2018,Diesel,4649.99,White,Personal,0,135
CTR_006369,Renault,Clio,2010,Diesel,4695.44,Blue,Personal,3,152
CTR_006370,BMW,Serie1,2015,Diesel,4790.83,Unknown,Personal,1,139
CTR_006371,Peugeot,308,2018,Hybrid,5623.0,Red,Personal,1,179
CTR_006376,Peugeot,3008,2019,Hybrid,5305.05,Blue,Personal,0,142
CTR_006380,Mercedes,GLA,2023,Gasoline,40219.08,Gray,Mixed,1,148
CTR_006384,Volkswagen,Golf,2011,Hybrid,4622.0,Unknown,Personal,3,134
CTR_006386,Peugeot,308,2016,Diesel,5742.12,Gray,Mixed,1,99
CTR_006388,BMW,Serie3,2019,Hybrid,16216.97,Blue,Mixed,1,143
CTR_006394,Peugeot,208,2021,Diesel,10355.19,Unknown,Professional,0,72
CTR_006401,Peugeot,308,2020,Diesel,9031.56,Black,Mixed,2,96
CTR_006403,Volkswagen,Golf,2018,Hybrid,6153.51,Red,Mixed,1,135
CTR_006405,Renault,Captur,2020,Hybrid,6244.9,Black,Professional,0,152
CTR_006406,Renault,Megane,2019,Electric,6621.81,Unknown,Mixed,2,132
CTR_006410,Peugeot,208,2022,Diesel,9986.89,White,Mixed,1,135
CTR_006417,Volkswagen,Tiguan,2024,Gasoline,19957.03,Black,Mixed,0,135
CTR_006418,Renault,Megane,2024,Diesel,13347.44,Black,Professional,3,104
CTR_006420,Peugeot,308,2023,Diesel,12398.21,Gray,Personal,2,119
CTR_006428,Renault,Clio,2015,Diesel,5567.24,Blue,Personal,1,170
CTR_006430,Volkswagen,Golf,2020,Hybrid,10483.43,Red,Personal,2,123
CTR_006432,Volkswagen,Polo,2018,Hybrid,5684.4,Blue,Personal,1,114
CTR_006433,Peugeot,308,2021,Electric,8972.6,Black,Mixed,2,181
CTR_006434,Volkswagen,Tiguan,2019,Gasoline,9259.12,Black,Mixed,2,131
CTR_006441,Renault,Captur,2010,Gasoline,4310.24,White,Personal,0,183
CTR_006446,Volkswagen,Tiguan,2021,Diesel,11138.52,Blue,Professional,1,113
CTR_006447,Renault,Clio,2023,Hybrid,10404.12,Unknown,Mixed,0,187
CTR_006448,Renault,Captur,2019,Gasoline,6177.47,Unknown,Personal,0,135
CTR_006449,Volkswagen,Tiguan,2018,Electric,4841.74,White,Professional,0,135
CTR_006451,Renault,Megane,2023,Gasoline,12483.14,Blue,Mixed,3,147
CTR_006454,Peugeot,308,2019,Diesel,7304.3,White,Mixed,3,103
CTR_006457,Renault,Captur,2018,Diesel,4231.05,Red,Mixed,0,91
CTR_006459,Renault,Clio,2017,Diesel,5860.95,Red,Mixed,1,116
CTR_006463,Volkswagen,Polo,2019,Hybrid,7308.9,Unknown,Personal,0,153
CTR_006464,Volkswagen,Tiguan,2019,Hybrid,8935.38,Gray,Mixed,0,130
CTR_006468,Volkswagen,Golf,2023,Diesel,19666.66,Red,Personal,0,145
CTR_006470,Renault,Megane,2015,Gasoline,4696.69,Gray,Personal,1,192
CTR_006472,Renault,Clio,2010,Diesel,5101.16,Red,Professional,3,119
CTR_006476,Peugeot,208,2021,Hybrid,10102.42,Unknown,Professional,0,159
CTR_006478,Volkswagen,Golf,2021,Gasoline,12367.63,Unknown,Professional,2,93
CTR_006479,Peugeot,208,2020,Electric,7356.59,Gray,Mixed,3,160
CTR_006481,Renault,Captur,2024,Diesel,15971.94,Black,Personal,3,177
CTR_006486,Volkswagen,Tiguan,2023,Diesel,17051.74,Red,Professional,1,135
CTR_006487,Renault,Clio,2011,Hybrid,5589.87,White,Personal,0,149
CTR_006492,Peugeot,208,2021,Diesel,8462.31,Gray,Mixed,0,176
CTR_006493,Peugeot,308,2023,Hybrid,14256.63,Black,Professional,0,135
CTR_006498,Volkswagen,Tiguan,2014,Hybrid,4575.26,Unknown,Professional,0,135
CTR_006500,Volkswagen,Polo,2013,Gasoline,5854.76,Unknown,Personal,0,186
CTR_006501,Peugeot,208,2016,Hybrid,5210.76,Red,Personal,1,135
CTR_006502,Volkswagen,Golf,2017,Electric,5067.03,Black,Professional,0,168
CTR_006503,Peugeot,208,2023,Electric,12118.63,Blue,Mixed,0,148
CTR_006509,Peugeot,208,2012,Electric,5017.33,Unknown,Professional,2,75
CTR_006510,Peugeot,308,2022,Hybrid,10362.39,Gray,Mixed,0,141
CTR_006511,Volkswagen,Tiguan,2023,Gasoline,15089.16,Black,Mixed,0,143
CTR_006514,Volkswagen,Polo,2023,Hybrid,8418.145,Black,Professional,3,102
CTR_006515,Renault,Clio,2021,Electric,10570.15,Blue,Professional,0,129
CTR_006518,BMW,X1,2024,Hybrid,34550.26,Red,Personal,0,135
CTR_006522,Peugeot,3008,2012,Electric,4800.84,Blue,Mixed,0,200
CTR_006526,Volkswagen,Golf,2020,Hybrid,6210.53,Blue,Personal,3,85
CTR_006528,Peugeot,3008,2023,Diesel,15644.95,White,Professional,1,135
CTR_006530,Peugeot,308,2019,Hybrid,6393.49,Gray,Personal,2,135
CTR_006531,Renault,Captur,2024,Electric,14591.89,White,Personal,1,99
CTR_006534,Peugeot,308,2023,Diesel,11246.22,Blue,Professional,1,107
CTR_006535,Volkswagen,Golf,2011,Gasoline,4781.15,White,Mixed,0,121
CTR_006539,BMW,Serie3,2024,Hybrid,40616.46,Red,Personal,0,144
CTR_006541,BMW,Serie1,2020,Electric,31490.89,Black,Professional,0,135
CTR_006547,Renault,Megane,2018,Hybrid,4865.36,White,Mixed,2,135
CTR_006548,Volkswagen,Golf,2019,Diesel,6403.38,White,Mixed,1,70
CTR_006551,Volkswagen,Polo,2019,Diesel,7997.84,Unknown,Professional,1,153
CTR_006552,Renault,Captur,2019,Gasoline,5487.76,Blue,Personal,2,79
CTR_006555,Peugeot,308,2020,Hybrid,6826.0,Gray,Professional,0,135
CTR_006557,Peugeot,3008,2016,Diesel,4567.58,Blue,Professional,0,135
CTR_006563,Volkswagen,Polo,2019,Diesel,6792.41,Unknown,Mixed,0,164
CTR_006567,BMW,X1,2023,Diesel,25205.04,Blue,Personal,1,179
CTR_006569,Renault,Megane,2022,Hybrid,10404.65,Unknown,Personal,1,135
CTR_006571,Volkswagen,Tiguan,2020,Hybrid,9412.0,Black,Personal,2,101
CTR_006572,Peugeot,308,2019,Diesel,5414.87,White,Personal,0,197
CTR_006573,Peugeot,208,2010,Diesel,4443.11,Red,Personal,0,186
CTR_006577,Peugeot,3008,2019,Diesel,5991.94,White,Personal,0,128
CTR_006578,BMW,Serie3,2023,Gasoline,33673.35,Unknown,Professional,1,135
CTR_006582,Peugeot,3008,2024,Gasoline,15941.44,Blue,Professional,3,127
CTR_006587,Peugeot,308,2022,Gasoline,13570.27,Blue,Mixed,1,113
CTR_006593,Renault,Clio,2015,Gasoline,5828.0,Blue,Personal,0,189
CTR_006594,Peugeot,208,2022,Diesel,11023.07,Unknown,Professional,2,186
CTR_006602,Renault,Clio,2024,Diesel,17327.96,Unknown,Mixed,0,182
CTR_006607,Peugeot,3008,2024,Hybrid,13106.83,Black,Mixed,3,143
CTR_006610,Volkswagen,Polo,2023,Hybrid,15574.65,Unknown,Personal,3,135
CTR_006612,Volkswagen,Tiguan,2024,Electric,21607.39,Black,Mixed,2,198
CTR_006617,Peugeot,308,2024,Diesel,13300.25,Red,Professional,0,158
CTR_006619,Volkswagen,Polo,2024,Electric,19609.53,Gray,Professional,0,106
CTR_006620,Renault,Clio,2023,Hybrid,11443.04,Black,Professional,1,104
CTR_006621,BMW,Serie1,2023,Gasoline,27506.1,Blue,Professional,1,148
CTR_006625,Mercedes,ClasseC,2023,Gasoline,30334.65,Blue,Mixed,3,120
CTR_006626,Renault,Clio,2021,Diesel,9360.87,Blue,Mixed,0,135
CTR_006627,Volkswagen,Tiguan,2023,Electric,15923.13,Gray,Mixed,1,150
CTR_006629,Volkswagen,Tiguan,2023,Diesel,20928.56,Gray,Personal,0,150
CTR_006630,Renault,Captur,2018,Gasoline,5789.46,White,Mixed,0,124
CTR_006632,Volkswagen,Polo,2019,Gasoline,8249.02,Red,Mixed,0,92
CTR_006634,Peugeot,3008,2023,Electric,12741.79,White,Mixed,3,148
CTR_006635,Mercedes,ClasseA,2019,Electric,16579.73,Unknown,Mixed,2,83
CTR_006641,Volkswagen,Polo,2022,Gasoline,16210.73,Blue,Mixed,2,125
CTR_006643,Mercedes,ClasseC,2016,Diesel,8418.145,White,Mixed,1,160
CTR_006644,Renault,Clio,2015,Gasoline,8418.145,White,Personal,1,188
CTR_006648,Mercedes,ClasseA,2021,Hybrid,28759.64,Red,Professional,3,148
CTR_006649,Volkswagen,Tiguan,2022,Diesel,18179.47,White,Personal,3,135
CTR_006650,Renault,Clio,2019,Diesel,5359.74,Unknown,Mixed,3,81
CTR_006651,Volkswagen,Golf,2011,Diesel,5169.36,Gray,Personal,0,140
CTR_006652,Volkswagen,Polo,2014,Gasoline,4752.37,Red,Mixed,0,166
CTR_006653,Renault,Captur,2024,Diesel,12532.4,Gray,Mixed,3,135
CTR_006666,Volkswagen,Polo,2020,Electric,12469.93,Black,Professional,3,97
CTR_006669,Renault,Megane,2018,Electric,4027.77,White,Personal,0,135
CTR_006670,Peugeot,208,2015,Hybrid,4129.4,Black,Mixed,0,118
CTR_006671,Renault,Megane,2018,Hybrid,8418.145,Black,Mixed,0,147
CTR_006673,Renault,Megane,2020,Diesel,7891.07,Unknown,Professional,0,135
CTR_006677,Peugeot,3008,2010,Diesel,5457.67,Gray,Mixed,0,135
CTR_006681,Volkswagen,Polo,2010,Hybrid,5406.63,Black,Professional,2,143
CTR_006683,Volkswagen,Golf,2022,Diesel,16954.69,White,Professional,3,198
CTR_006695,Volkswagen,Tiguan,2015,Gasoline,5489.31,White,Professional,2,119
CTR_006699,Peugeot,208,2019,Gasoline,6110.35,Gray,Mixed,1,145
CTR_006706,Volkswagen,Golf,2021,Diesel,12646.98,White,Personal,3,97
CTR_006715,Volkswagen,Golf,2022,Hybrid,16539.25,Blue,Personal,2,174
CTR_006718,Renault,Megane,2019,Electric,6120.42,White,Mixed,1,114
CTR_006719,Volkswagen,Golf,2013,Diesel,4665.1,Black,Mixed,2,135
CTR_006725,Volkswagen,Golf,2013,Diesel,4005.91,Blue,Professional,2,171
CTR_006734,Renault,Megane,2024,Electric,12960.12,Unknown,Mixed,1,135
CTR_006736,BMW,Serie3,2021,Gasoline,22711.25,White,Professional,2,162
CTR_006738,Peugeot,3008,2018,Hybrid,5052.22,Gray,Mixed,2,152
CTR_006744,Volkswagen,Tiguan,2024,Gasoline,19038.93,Blue,Personal,1,175
CTR_006746,Renault,Clio,2010,Gasoline,6451.13,Red,Personal,2,173
CTR_006749,Peugeot,3008,2013,Diesel,4952.71,Black,Personal,2,96
CTR_006756,Mercedes,GLA,2014,Gasoline,4278.1,White,Personal,0,132
CTR_006759,Peugeot,308,2011,Electric,4387.11,Red,Professional,0,171
CTR_006760,Renault,Clio,2023,Diesel,10322.12,White,Professional,1,134
CTR_006761,Volkswagen,Golf,2024,Diesel,18146.23,Red,Personal,1,135
CTR_006767,Renault,Clio,2012,Electric,8418.145,Blue,Personal,0,130
CTR_006768,Renault,Captur,2020,Hybrid,9934.2,Red,Personal,2,185
CTR_006770,Volkswagen,Tiguan,2018,Hybrid,6353.03,Blue,Mixed,3,179
CTR_006771,Peugeot,208,2013,Gasoline,5530.96,Unknown,Personal,2,113
CTR_006776,Renault,Captur,2012,Hybrid,4992.22,Unknown,Mixed,0,186
CTR_006778,Peugeot,208,2012,Diesel,4888.7,White,Professional,0,191
CTR_006779,Peugeot,208,2020,Electric,9131.89,White,Professional,0,135
CTR_006780,Volkswagen,Tiguan,2021,Diesel,10309.45,Red,Professional,3,178
CTR_006781,Renault,Captur,2020,Electric,8502.24,Unknown,Mixed,2,186
CTR_006783,Volkswagen,Polo,2020,Hybrid,18331.96,Red,Mixed,2,135
CTR_006786,Renault,Clio,2014,Hybrid,5683.79,Blue,Mixed,3,140
CTR_006787,Renault,Clio,2022,Diesel,11664.99,White,Personal,0,99
CTR_006788,Volkswagen,Golf,2018,Electric,4736.28,Blue,Professional,3,93
CTR_006790,Volkswagen,Tiguan,2022,Hybrid,14064.0,White,Mixed,3,134
CTR_006791,Volkswagen,Polo,2023,Gasoline,19241.16,Unknown,Professional,0,164
CTR_006793,BMW,Serie1,2016,Diesel,4524.32,Red,Mixed,0,184
CTR_006795,Volkswagen,Polo,2020,Electric,9992.78,Blue,Personal,1,200
CTR_006819,Mercedes,ClasseA,2022,Diesel,8418.145,Gray,Professional,1,152
CTR_006823,Volkswagen,Golf,2018,Electric,5904.01,White,Mixed,3,127
CTR_006831,Renault,Megane,2013,Electric,8418.145,Black,Professional,2,135
CTR_006832,Renault,Clio,2017,Gasoline,4692.59,Red,Professional,2,127
CTR_006833,Volkswagen,Golf,2018,Gasoline,5597.15,White,Mixed,2,108
CTR_006834,Renault,Clio,2020,Gasoline,8158.04,Black,Mixed,0,139
CTR_006840,Renault,Clio,2021,Electric,9483.03,White,Personal,1,97
CTR_006842,Volkswagen,Golf,2020,Diesel,11319.21,Gray,Personal,3,135
CTR_006844,Volkswagen,Tiguan,2014,Gasoline,8418.145,Red,Personal,3,89
CTR_006846,Peugeot,308,2018,Hybrid,5678.95,Unknown,Personal,3,188
CTR_006847,Volkswagen,Polo,2015,Electric,4832.75,Unknown,Personal,1,140
CTR_006849,Renault,Megane,2011,Diesel,4352.99,Unknown,Personal,0,153
CTR_006852,Volkswagen,Polo,2022,Gasoline,15264.83,Gray,Professional,0,135
CTR_006855,Volkswagen,Tiguan,2022,Diesel,14865.05,Blue,Personal,0,88
CTR_006860,BMW,Serie3,2019,Hybrid,11713.0,Gray,Mixed,1,102
CTR_006861,Renault,Clio,2024,Electric,14910.97,Red,Professional,2,135
CTR_006871,Peugeot,208,2023,Hybrid,14847.34,Gray,Professional,2,186
CTR_006880,Volkswagen,Polo,2019,Hybrid,7539.71,White,Personal,2,134
CTR_006882,Peugeot,308,2010,Diesel,5518.43,Unknown,Mixed,1,193
CTR_006885,Peugeot,208,2020,Electric,8067.86,White,Mixed,2,107
CTR_006889,Volkswagen,Polo,2022,Hybrid,8418.145,White,Personal,3,135
CTR_006891,Renault,Captur,2019,Gasoline,5250.51,White,Mixed,2,80
CTR_006896,Volkswagen,Golf,2023,Electric,20740.72,Black,Professional,0,194
CTR_006898,Peugeot,3008,2021,Gasoline,9359.5,Unknown,Professional,1,196
CTR_006902,Peugeot,208,2019,Diesel,5164.61,Blue,Personal,3,124
CTR_006903,Peugeot,208,2022,Gasoline,9465.06,Red,Professional,3,130
CTR_006906,BMW,Serie1,2017,Gasoline,6441.31,Unknown,Professional,1,135
CTR_006907,Volkswagen,Polo,2020,Diesel,11116.02,White,Mixed,2,135
CTR_006908,Volkswagen,Golf,2020,Electric,8805.33,Gray,Professional,2,81
CTR_006912,Peugeot,3008,2020,Hybrid,12611.4,Red,Professional,1,144
CTR_006922,Renault,Captur,2020,Hybrid,9423.82,Unknown,Personal,3,149
CTR_006923,Volkswagen,Tiguan,2010,Electric,5972.43,Gray,Mixed,1,131
CTR_006927,Volkswagen,Polo,2021,Hybrid,12858.46,Gray,Personal,0,190
CTR_006928,Renault,Captur,2024,Gasoline,14091.95,White,Professional,3,155
CTR_006931,Renault,Clio,2011,Hybrid,4498.54,White,Professional,0,184
CTR_006934,Volkswagen,Tiguan,2018,Electric,4907.67,White,Mixed,0,135
CTR_006938,Volkswagen,Tiguan,2024,Hybrid,21868.27,Gray,Personal,1,177
CTR_006940,Renault,Megane,2022,Gasoline,10098.05,Gray,Personal,3,153
CTR_006941,Mercedes,ClasseA,2024,Diesel,43590.03,Blue,Mixed,2,68
CTR_006944,Peugeot,3008,2024,Gasoline,16646.65,Gray,Professional,0,184
CTR_006946,Renault,Clio,2011,Hybrid,5806.58,White,Professional,0,94
CTR_006947,Volkswagen,Tiguan,2021,Diesel,12428.48,White,Professional,1,109
CTR_006950,Volkswagen,Golf,2024,Hybrid,16766.73,White,Personal,1,96
CTR_006953,Renault,Clio,2023,Diesel,9963.05,Gray,Mixed,3,115
CTR_006961,Peugeot,3008,2016,Gasoline,8418.145,Red,Personal,3,94
CTR_006964,Peugeot,3008,2021,Gasoline,11260.71,Gray,Professional,2,134
CTR_006965,Volkswagen,Polo,2020,Gasoline,11430.85,Gray,Personal,0,114
CTR_006970,Peugeot,308,2019,Hybrid,6141.96,Blue,Mixed,1,155
CTR_006974,Renault,Captur,2021,Diesel,8026.78,Black,Mixed,0,125
CTR_006978,Peugeot,208,2019,Electric,6510.8,Gray,Personal,2,79
CTR_006979,Renault,Megane,2019,Gasoline,6139.5,Blue,Mixed,0,79
CTR_006981,Mercedes,ClasseC,2021,Electric,22839.77,Gray,Personal,3,135
CTR_006982,Renault,Clio,2021,Gasoline,9705.92,Red,Personal,1,135
CTR_006987,Volkswagen,Golf,2019,Gasoline,6784.75,Gray,Professional,0,91
CTR_006990,Peugeot,208,2014,Hybrid,4203.36,White,Professional,1,131
CTR_007004,Peugeot,208,2019,Hybrid,5425.81,Black,Personal,0,116
CTR_007010,Peugeot,208,2022,Diesel,12814.51,Blue,Personal,0,130
CTR_007015,Peugeot,208,2021,Gasoline,8719.15,Unknown,Mixed,0,195
CTR_007016,Volkswagen,Polo,2012,Electric,5208.35,Gray,Personal,2,143
CTR_007017,Renault,Clio,2020,Hybrid,6244.73,Black,Personal,1,136
CTR_007019,Mercedes,GLA,2021,Gasoline,25010.44,Black,Personal,0,135
CTR_007024,Volkswagen,Tiguan,2021,Gasoline,10381.83,Red,Personal,1,135
CTR_007025,Peugeot,308,2020,Electric,5719.9,Blue,Professional,3,176
CTR_007031,Renault,Clio,2013,Hybrid,5079.0,Gray,Personal,0,135
CTR_007033,Renault,Clio,2011,Electric,5781.02,Unknown,Professional,3,93
CTR_007034,Renault,Captur,2013,Diesel,8418.145,Blue,Personal,0,89
CTR_007036,Volkswagen,Tiguan,2020,Hybrid,4632.65,Unknown,Professional,0,90
CTR_007037,Volkswagen,Golf,2023,Gasoline,16901.65,Black,Professional,3,165
CTR_007040,Peugeot,3008,2019,Hybrid,5385.24,Red,Personal,0,109
CTR_007041,Mercedes,GLA,2022,Hybrid,38597.28,Blue,Personal,3,135
CTR_007043,BMW,Serie1,2019,Electric,12855.45,Red,Professional,1,135
CTR_007045,Volkswagen,Golf,2018,Gasoline,5134.54,Black,Professional,0,180
CTR_007046,Volkswagen,Tiguan,2018,Electric,5894.83,Unknown,Personal,0,135
CTR_007047,Volkswagen,Polo,2021,Hybrid,10868.37,Gray,Personal,0,191
CTR_007054,Volkswagen,Tiguan,2012,Diesel,8418.145,Black,Professional,0,143
CTR_007055,Peugeot,308,2018,Electric,4859.8,Red,Professional,0,186
CTR_007056,Peugeot,308,2017,Hybrid,4365.22,Red,Mixed,1,134
CTR_007063,Peugeot,208,2019,Electric,5417.58,Black,Mixed,1,191
CTR_007065,Volkswagen,Tiguan,2024,Hybrid,21599.42,White,Professional,0,105
CTR_007075,Peugeot,308,2024,Electric,13679.05,Gray,Mixed,0,165
CTR_007076,Renault,Clio,2020,Gasoline,7679.52,White,Personal,1,137
CTR_007078,Peugeot,308,2021,Gasoline,9578.52,Gray,Personal,1,141
CTR_007079,Peugeot,208,2018,Electric,5535.25,Red,Personal,0,121
CTR_007089,Renault,Captur,2022,Electric,11707.08,Unknown,Personal,0,135
CTR_007094,Volkswagen,Tiguan,2019,Electric,8418.145,Unknown,Professional,0,138
CTR_007097,Renault,Clio,2018,Electric,5886.0,Gray,Mixed,0,100
CTR_007098,Volkswagen,Polo,2019,Hybrid,8967.06,Black,Professional,1,105
CTR_007102,Volkswagen,Polo,2019,Diesel,8914.81,Unknown,Personal,3,150
CTR_007106,BMW,Serie3,2020,Gasoline,20498.54,Red,Personal,3,74
CTR_007108,Peugeot,3008,2020,Electric,8825.97,White,Mixed,3,92
CTR_007109,Peugeot,208,2019,Gasoline,5961.0,Blue,Mixed,3,180
CTR_007117,Volkswagen,Tiguan,2018,Gasoline,5551.81,Blue,Personal,0,121
CTR_007118,Renault,Megane,2020,Gasoline,7659.1,White,Personal,0,200
CTR_007124,Renault,Megane,2022,Electric,8887.84,White,Professional,3,193
CTR_007126,Volkswagen,Tiguan,2018,Electric,5783.99,Red,Mixed,3,133
CTR_007127,Peugeot,308,2021,Electric,8539.81,Gray,Mixed,0,147
CTR_007131,Peugeot,3008,2024,Gasoline,12700.23,White,Mixed,3,189
CTR_007132,Renault,Captur,2024,Hybrid,15766.32,Blue,Mixed,3,200
CTR_007139,Renault,Captur,2021,Gasoline,8536.43,Unknown,Professional,2,193
CTR_007141,Renault,Clio,2022,Gasoline,10651.98,Red,Mixed,2,93
CTR_007144,Volkswagen,Tiguan,2020,Diesel,11742.5,Blue,Professional,3,135
CTR_007146,Volkswagen,Polo,2015,Gasoline,4467.99,Blue,Mixed,0,177
CTR_007147,Renault,Clio,2024,Electric,8418.145,White,Professional,3,109
CTR_007148,Renault,Megane,2015,Electric,5500.52,Black,Personal,1,196
CTR_007149,Peugeot,208,2018,Gasoline,5516.66,Blue,Mixed,0,173
CTR_007150,Renault,Clio,2018,Hybrid,5844.09,Black,Professional,2,166
CTR_007152,Volkswagen,Golf,2020,Hybrid,11816.08,Blue,Professional,0,155
CTR_007160,Peugeot,3008,2020,Hybrid,5964.0,Gray,Personal,3,124
CTR_007161,Renault,Captur,2020,Gasoline,7488.58,Red,Professional,1,188
CTR_007167,Volkswagen,Golf,2022,Gasoline,12469.69,Blue,Mixed,3,113
CTR_007169,Renault,Clio,2016,Gasoline,5726.79,White,Personal,1,143
CTR_007170,BMW,Serie3,2023,Gasoline,36369.07,Black,Mixed,0,163
CTR_007174,Peugeot,208,2020,Electric,7688.22,White,Professional,0,106
CTR_007175,Peugeot,3008,2014,Electric,4227.87,Black,Professional,0,122
CTR_007176,Peugeot,208,2023,Diesel,10690.01,Black,Personal,0,139
CTR_007179,Peugeot,208,2020,Diesel,8154.15,Black,Personal,3,179
CTR_007181,Renault,Megane,2019,Hybrid,5975.0,Blue,Mixed,1,179
CTR_007189,Renault,Captur,2018,Diesel,4032.43,Black,Professional,1,98
CTR_007191,Renault,Megane,2018,Electric,5898.52,Black,Personal,0,177
CTR_007194,Renault,Clio,2018,Gasoline,5084.47,Red,Mixed,2,194
CTR_007196,Peugeot,3008,2023,Gasoline,13792.81,Gray,Mixed,2,135
CTR_007197,Renault,Captur,2014,Hybrid,5128.3,Black,Personal,0,150
CTR_007198,Peugeot,308,2024,Electric,13901.61,Gray,Mixed,2,119
CTR_007199,Renault,Captur,2023,Electric,14294.07,Red,Mixed,2,113
CTR_007201,Mercedes,ClasseA,2022,Diesel,24366.33,Unknown,Professional,0,135
CTR_007205,Volkswagen,Polo,2016,Diesel,5494.39,Gray,Personal,0,185
CTR_007208,Mercedes,ClasseA,2015,Gasoline,4721.66,White,Mixed,0,149
CTR_007214,Mercedes,ClasseA,2010,Hybrid,4380.45,Blue,Personal,1,121
CTR_007219,Volkswagen,Tiguan,2023,Gasoline,17150.19,Red,Professional,0,105
CTR_007220,Peugeot,208,2023,Hybrid,11605.62,White,Mixed,0,131
CTR_007221,BMW,X1,2012,Electric,5737.66,Gray,Professional,3,170
CTR_007222,Renault,Clio,2022,Hybrid,11898.1,Unknown,Professional,3,120
CTR_007226,Volkswagen,Polo,2019,Gasoline,9142.39,White,Personal,3,137
CTR_007228,Renault,Captur,2018,Hybrid,5671.74,White,Mixed,3,96
CTR_007234,Renault,Clio,2023,Diesel,13920.68,Unknown,Mixed,0,177
CTR_007239,Peugeot,208,2018,Electric,5162.85,White,Mixed,0,172
CTR_007243,Mercedes,ClasseC,2012,Hybrid,5803.93,White,Mixed,0,145
CTR_007245,Renault,Megane,2013,Diesel,4118.3,Red,Mixed,1,135
CTR_007247,Volkswagen,Tiguan,2010,Gasoline,4571.75,Black,Professional,0,138
CTR_007248,Peugeot,3008,2023,Hybrid,11682.34,White,Mixed,0,181
CTR_007249,Renault,Megane,2015,Gasoline,4242.16,Gray,Professional,0,172
CTR_007257,Renault,Clio,2017,Hybrid,4012.7,White,Mixed,2,108
CTR_007259,Renault,Clio,2019,Hybrid,5381.92,Gray,Professional,0,135
CTR_007260,Renault,Megane,2014,Electric,5448.0,Blue,Professional,0,198
CTR_007262,Volkswagen,Tiguan,2018,Gasoline,5924.55,Blue,Professional,3,135
CTR_007265,Mercedes,ClasseC,2018,Hybrid,11876.69,Gray,Mixed,0,172
CTR_007266,Volkswagen,Polo,2014,Hybrid,5776.24,White,Mixed,3,125
CTR_007270,Renault,Clio,2023,Electric,14573.84,Black,Personal,0,151
CTR_007277,Volkswagen,Golf,2024,Electric,21444.73,White,Personal,3,133
CTR_007279,Renault,Captur,2020,Gasoline,6071.3,Black,Professional,2,136
CTR_007281,Renault,Clio,2021,Electric,9593.3,Gray,Mixed,1,186
CTR_007283,Volkswagen,Golf,2020,Diesel,10627.86,Blue,Personal,1,143
CTR_007284,Volkswagen,Polo,2017,Diesel,4128.8,Red,Professional,1,108
CTR_007285,Peugeot,208,2019,Diesel,5417.08,Blue,Personal,2,127
CTR_007286,Peugeot,308,2022,Electric,10203.0,White,Professional,2,147
CTR_007287,Renault,Megane,2020,Diesel,8074.41,Black,Mixed,2,135
CTR_007288,Peugeot,3008,2023,Gasoline,12382.0,Unknown,Mixed,3,147
CTR_007289,Renault,Megane,2022,Electric,10642.83,White,Personal,2,182
CTR_007293,Peugeot,308,2024,Electric,16714.35,White,Mixed,2,184
CTR_007294,Volkswagen,Tiguan,2024,Electric,23492.11,Unknown,Professional,2,125
CTR_007297,Peugeot,308,2023,Diesel,13401.77,White,Professional,3,111
CTR_007300,Renault,Megane,2020,Gasoline,7441.02,Blue,Mixed,3,156
CTR_007301,Renault,Clio,2023,Hybrid,10328.43,White,Mixed,2,151
CTR_007304,Volkswagen,Golf,2018,Gasoline,5587.27,Unknown,Personal,3,135
CTR_007309,Renault,Clio,2024,Gasoline,15044.21,Black,Personal,0,187
CTR_007314,BMW,Serie3,2012,Electric,4378.1,Unknown,Personal,2,97
CTR_007316,Peugeot,3008,2023,Hybrid,11147.46,White,Personal,1,119
CTR_007319,Peugeot,208,2020,Hybrid,8933.61,Black,Mixed,0,130
CTR_007322,Renault,Clio,2021,Gasoline,8418.145,Unknown,Professional,0,147
CTR_007323,Renault,Megane,2011,Electric,5826.15,Red,Professional,1,135
CTR_007324,Volkswagen,Polo,2024,Gasoline,8418.145,Gray,Mixed,2,169
CTR_007326,Peugeot,208,2018,Diesel,4659.93,Red,Professional,0,168
CTR_007327,Volkswagen,Tiguan,2010,Gasoline,5051.16,White,Mixed,3,135
CTR_007335,Renault,Clio,2014,Diesel,4376.21,Unknown,Mixed,3,151
CTR_007338,Peugeot,3008,2012,Electric,5377.11,Blue,Mixed,2,150
CTR_007339,Volkswagen,Tiguan,2020,Hybrid,10499.39,Gray,Professional,3,171
CTR_007342,Volkswagen,Tiguan,2019,Gasoline,9427.56,Gray,Personal,0,166
CTR_007343,Volkswagen,Tiguan,2016,Electric,5822.43,Unknown,Professional,0,125
CTR_007344,Volkswagen,Polo,2018,Hybrid,6204.16,Red,Mixed,0,182
CTR_007345,BMW,X1,2012,Electric,4369.63,White,Personal,3,135
CTR_007348,Volkswagen,Polo,2010,Hybrid,4427.58,Red,Professional,2,92
CTR_007349,Peugeot,208,2019,Gasoline,5444.34,Blue,Professional,0,74
CTR_007351,Peugeot,308,2011,Electric,5668.29,Red,Professional,1,110
CTR_007352,Peugeot,208,2020,Hybrid,8261.59,Blue,Personal,0,130
CTR_007356,Peugeot,3008,2021,Hybrid,8354.23,Unknown,Mixed,3,168
CTR_007359,Renault,Megane,2013,Electric,4916.52,White,Professional,1,146
CTR_007360,Volkswagen,Golf,2012,Diesel,5949.8,Black,Professional,0,160
CTR_007365,Volkswagen,Golf,2020,Electric,11366.16,Blue,Mixed,0,165
CTR_007366,Volkswagen,Golf,2016,Gasoline,8418.145,White,Mixed,0,147
CTR_007369,Volkswagen,Polo,2023,Gasoline,19774.22,White,Professional,2,135
CTR_007372,Renault,Clio,2021,Hybrid,10743.27,Black,Mixed,1,90
CTR_007374,Renault,Megane,2019,Diesel,6339.02,Blue,Personal,3,177
CTR_007376,Renault,Megane,2016,Hybrid,5385.14,Red,Professional,2,145
CTR_007377,Volkswagen,Polo,2017,Electric,5134.73,Blue,Mixed,0,191
CTR_007378,Renault,Captur,2022,Diesel,11643.93,Blue,Personal,3,100
CTR_007379,Volkswagen,Golf,2022,Electric,13555.15,Unknown,Personal,2,165
CTR_007381,Volkswagen,Tiguan,2018,Gasoline,5578.38,Black,Professional,0,199
CTR_007382,Mercedes,ClasseC,2024,Gasoline,47222.24,Unknown,Mixed,2,93
CTR_007383,Peugeot,308,2023,Gasoline,16312.42,Red,Mixed,3,103
CTR_007388,Peugeot,208,2018,Diesel,5852.6,Gray,Personal,0,135
CTR_007391,Volkswagen,Polo,2011,Electric,5934.9,Red,Personal,1,192
CTR_007393,Renault,Megane,2013,Hybrid,5691.76,Red,Personal,2,133
CTR_007399,Volkswagen,Tiguan,2019,Gasoline,7027.76,Unknown,Personal,1,135
CTR_007402,Renault,Megane,2023,Gasoline,13507.9,Blue,Professional,0,195
CTR_007403,Renault,Megane,2024,Gasoline,11241.06,Red,Professional,3,138
CTR_007404,Peugeot,208,2021,Diesel,8022.3,Unknown,Professional,0,188
CTR_007408,BMW,Serie1,2024,Hybrid,32005.6,Blue,Personal,1,135
CTR_007417,Renault,Megane,2019,Gasoline,4514.02,Black,Mixed,2,144
CTR_007418,Volkswagen,Tiguan,2020,Hybrid,5366.71,Gray,Professional,3,95
CTR_007421,Peugeot,208,2017,Electric,5633.17,Blue,Mixed,0,113
CTR_007424,Peugeot,308,2020,Hybrid,5507.54,Black,Professional,0,106
CTR_007427,Renault,Megane,2022,Gasoline,8418.145,Unknown,Professional,2,122
CTR_007429,Renault,Megane,2019,Gasoline,6280.75,Red,Professional,0,120
CTR_007433,Renault,Clio,2024,Diesel,15839.54,Unknown,Personal,1,158
CTR_007435,Peugeot,308,2011,Hybrid,4193.06,Gray,Mixed,2,183
CTR_007436,Peugeot,208,2020,Gasoline,4984.77,Red,Mixed,0,182
CTR_007441,Mercedes,ClasseA,2010,Gasoline,5376.25,Blue,Mixed,1,140
CTR_007444,Peugeot,3008,2012,Hybrid,8418.145,Gray,Mixed,2,135
CTR_007445,Peugeot,208,2022,Diesel,13175.05,Blue,Mixed,3,184
CTR_007449,Volkswagen,Tiguan,2017,Diesel,5058.0,Blue,Mixed,0,138
CTR_007451,Peugeot,308,2018,Gasoline,4244.24,Gray,Mixed,0,106
CTR_007455,Renault,Megane,2018,Hybrid,5060.87,Black,Mixed,0,93
CTR_007460,BMW,X1,2023,Electric,31754.05,Black,Professional,2,127
CTR_007464,Peugeot,208,2020,Gasoline,13468.55,Red,Professional,3,177
CTR_007469,Volkswagen,Tiguan,2023,Hybrid,17050.8,Red,Mixed,3,100
CTR_007470,Peugeot,208,2021,Electric,11109.25,Black,Professional,1,135
CTR_007478,Volkswagen,Golf,2023,Hybrid,16332.59,Black,Personal,1,193
CTR_007480,Volkswagen,Polo,2022,Gasoline,8418.145,Black,Professional,0,68
CTR_007482,Volkswagen,Polo,2023,Diesel,18833.91,Unknown,Professional,3,136
CTR_007484,Volkswagen,Golf,2011,Diesel,5771.01,Red,Mixed,0,135
CTR_007485,Peugeot,3008,2017,Diesel,5548.23,Black,Mixed,0,133
CTR_007487,Volkswagen,Tiguan,2018,Electric,4828.23,White,Professional,0,141
CTR_007489,Peugeot,3008,2022,Hybrid,10003.26,Blue,Mixed,2,110
CTR_007490,Volkswagen,Golf,2013,Electric,4136.43,Black,Professional,1,164
CTR_007491,Peugeot,208,2018,Electric,5242.96,White,Professional,0,91
CTR_007495,Volkswagen,Golf,2013,Diesel,8418.145,Blue,Mixed,3,157
CTR_007497,Renault,Megane,2021,Electric,8418.145,White,Personal,1,141
CTR_007499,Volkswagen,Polo,2018,Electric,6696.28,Blue,Personal,2,120
CTR_007503,Volkswagen,Polo,2019,Diesel,9211.38,Unknown,Professional,3,117
CTR_007504,Volkswagen,Golf,2024,Gasoline,16372.99,Black,Personal,2,93
CTR_007510,Renault,Captur,2017,Hybrid,5888.72,Gray,Mixed,3,108
CTR_007511,Volkswagen,Golf,2024,Hybrid,16823.91,White,Mixed,1,179
CTR_007512,Renault,Clio,2024,Electric,13704.35,Gray,Personal,2,136
CTR_007513,Volkswagen,Polo,2023,Gasoline,16173.2,Unknown,Professional,3,191
CTR_007515,Volkswagen,Polo,2017,Gasoline,4312.89,Black,Personal,3,103
CTR_007516,Volkswagen,Tiguan,2021,Hybrid,11116.74,Unknown,Personal,2,189
CTR_007518,Renault,Captur,2020,Electric,6831.07,Unknown,Personal,1,133
CTR_007519,Renault,Clio,2019,Hybrid,4536.88,Red,Mixed,2,101
CTR_007521,Peugeot,308,2014,Diesel,4129.31,Blue,Professional,0,107
CTR_007523,Volkswagen,Tiguan,2020,Gasoline,11291.4,White,Personal,2,197
CTR_007525,Renault,Megane,2021,Diesel,9412.42,Blue,Personal,0,135
CTR_007526,Volkswagen,Polo,2023,Diesel,14779.48,Red,Professional,3,135
CTR_007537,Peugeot,3008,2023,Hybrid,12842.78,Gray,Personal,0,109
CTR_007538,Peugeot,3008,2011,Electric,5215.42,Red,Mixed,1,90
CTR_007541,Volkswagen,Golf,2021,Diesel,10739.93,Blue,Personal,1,117
CTR_007542,Peugeot,3008,2024,Diesel,8418.145,Gray,Personal,2,175
CTR_007543,Renault,Clio,2019,Gasoline,6380.65,Black,Mixed,3,135
CTR_007545,Volkswagen,Polo,2018,Diesel,4989.03,Black,Personal,2,90
CTR_007546,BMW,Serie1,2022,Diesel,8418.145,Black,Personal,2,154
CTR_007548,Peugeot,208,2018,Gasoline,5015.37,White,Personal,2,95
CTR_007551,Renault,Megane,2022,Gasoline,9934.4,Black,Mixed,0,106
CTR_007552,Volkswagen,Polo,2018,Diesel,6181.58,Unknown,Professional,3,122
CTR_007553,Volkswagen,Golf,2023,Hybrid,18714.33,White,Personal,0,111
CTR_007555,BMW,Serie1,2021,Diesel,28229.73,Gray,Personal,1,149
CTR_007559,Renault,Megane,2017,Hybrid,4010.2,Gray,Personal,0,105
CTR_007569,Mercedes,ClasseA,2018,Electric,11665.93,Gray,Mixed,2,135
CTR_007576,Volkswagen,Golf,2020,Diesel,12449.87,Gray,Personal,3,78
CTR_007577,Peugeot,3008,2019,Diesel,6694.09,Black,Personal,3,182
CTR_007579,Volkswagen,Polo,2015,Gasoline,4688.63,Blue,Professional,3,175
CTR_007581,Renault,Captur,2021,Diesel,7727.46,Gray,Professional,3,158
CTR_007582,Peugeot,308,2023,Diesel,12821.32,Unknown,Mixed,1,126
CTR_007584,Renault,Clio,2012,Diesel,4848.54,White,Personal,3,71
CTR_007590,Renault,Megane,2020,Diesel,5170.55,Blue,Professional,2,135
CTR_007596,BMW,Serie1,2021,Gasoline,18511.95,Gray,Personal,1,182
CTR_007597,Peugeot,3008,2018,Gasoline,4774.38,Black,Professional,1,90
CTR_007600,Volkswagen,Tiguan,2022,Hybrid,17357.15,White,Mixed,1,129
CTR_007603,Volkswagen,Golf,2024,Electric,21148.98,White,Mixed,1,131
CTR_007608,Volkswagen,Polo,2010,Diesel,4869.39,Red,Personal,3,125
CTR_007609,Peugeot,3008,2013,Diesel,4620.5,White,Personal,3,165
CTR_007611,Renault,Megane,2023,Gasoline,11234.76,Unknown,Personal,2,135
CTR_007614,Renault,Megane,2021,Electric,9850.33,White,Professional,0,149
CTR_007615,Peugeot,208,2024,Electric,14572.07,White,Personal,0,188
CTR_007618,Renault,Megane,2021,Diesel,8050.47,Gray,Professional,3,117
CTR_007619,Peugeot,3008,2021,Electric,10800.85,Black,Personal,1,113
CTR_007621,Renault,Captur,2019,Electric,5582.46,Unknown,Personal,1,169
CTR_007622,Renault,Captur,2020,Diesel,7398.95,Black,Personal,2,95
CTR_007623,Peugeot,208,2022,Diesel,11619.3,Red,Professional,0,137
CTR_007627,Volkswagen,Golf,2022,Electric,13856.64,Blue,Professional,0,157
CTR_007631,Peugeot,3008,2023,Hybrid,10585.79,Gray,Professional,3,185
CTR_007633,Peugeot,3008,2013,Electric,5003.12,Blue,Personal,1,93
CTR_007634,Renault,Captur,2024,Gasoline,16209.45,Red,Personal,1,135
CTR_007635,Volkswagen,Tiguan,2022,Gasoline,16076.33,Gray,Professional,0,177
CTR_007636,Volkswagen,Tiguan,2019,Gasoline,6458.09,Gray,Mixed,0,135
CTR_007637,Volkswagen,Polo,2018,Gasoline,5328.44,Gray,Mixed,3,98
CTR_007638,Mercedes,ClasseC,2020,Hybrid,23009.7,Black,Professional,0,121
CTR_007643,Peugeot,308,2017,Diesel,5340.89,Red,Personal,2,145
CTR_007644,Renault,Clio,2016,Electric,4913.82,Red,Professional,2,190
CTR_007652,Peugeot,3008,2023,Diesel,11472.03,Blue,Professional,2,196
CTR_007654,Volkswagen,Golf,2013,Electric,4912.58,Blue,Mixed,2,148
CTR_007659,Renault,Clio,2010,Diesel,5862.0,Blue,Professional,1,173
CTR_007663,Volkswagen,Tiguan,2020,Gasoline,7714.55,Gray,Personal,0,143
CTR_007666,Volkswagen,Polo,2018,Gasoline,6429.54,Black,Personal,0,119
CTR_007667,Renault,Megane,2020,Electric,7208.48,Blue,Professional,1,135
CTR_007671,Volkswagen,Polo,2018,Electric,6177.0,Unknown,Mixed,2,137
CTR_007673,Mercedes,GLA,2010,Hybrid,5571.7,Red,Personal,2,150
CTR_007681,Renault,Clio,2024,Gasoline,15460.17,Unknown,Personal,0,110
CTR_007684,Peugeot,308,2018,Gasoline,5277.0,Blue,Mixed,1,122
CTR_007686,Peugeot,208,2024,Gasoline,17714.93,Gray,Personal,1,142
CTR_007687,Renault,Clio,2024,Gasoline,16400.04,Red,Mixed,1,135
CTR_007688,Peugeot,308,2019,Diesel,6079.35,White,Professional,0,175
CTR_007689,Renault,Megane,2014,Diesel,5389.32,Red,Personal,3,110
CTR_007692,Peugeot,3008,2018,Electric,5329.58,Black,Professional,3,95
CTR_007694,Peugeot,208,2022,Gasoline,10033.19,Unknown,Personal,1,153
CTR_007695,Volkswagen,Polo,2019,Hybrid,7248.22,Unknown,Mixed,0,167
CTR_007696,Peugeot,308,2015,Gasoline,4621.51,White,Personal,3,137
CTR_007697,Renault,Clio,2022,Diesel,9923.23,Unknown,Professional,0,146
CTR_007698,Volkswagen,Golf,2023,Gasoline,20094.71,Red,Professional,0,91
CTR_007705,Peugeot,208,2019,Gasoline,6617.0,Black,Mixed,3,97
CTR_007710,Volkswagen,Polo,2018,Hybrid,8418.145,Red,Professional,0,135
CTR_007712,Volkswagen,Polo,2019,Electric,9321.68,Black,Mixed,1,129
CTR_007717,Renault,Clio,2022,Gasoline,10701.04,Red,Personal,1,127
CTR_007720,Peugeot,308,2017,Hybrid,5670.86,Black,Personal,2,107
CTR_007723,Renault,Megane,2023,Electric,13282.63,Unknown,Professional,2,88
CTR_007725,Peugeot,308,2019,Gasoline,5915.5,Gray,Professional,3,106
CTR_007727,Volkswagen,Tiguan,2018,Electric,4914.23,Unknown,Personal,0,111
CTR_007728,BMW,Serie3,2022,Electric,25858.09,Unknown,Mixed,3,162
CTR_007730,Renault,Clio,2021,Diesel,7908.38,White,Mixed,0,112
CTR_007732,Renault,Clio,2019,Gasoline,5123.25,Gray,Professional,3,95
CTR_007733,Volkswagen,Golf,2010,Diesel,4567.0,Unknown,Professional,2,135
CTR_007735,BMW,Serie3,2019,Hybrid,15461.79,Blue,Mixed,0,143
CTR_007736,Peugeot,3008,2013,Diesel,5015.58,Gray,Professional,3,135
CTR_007738,Renault,Megane,2015,Diesel,5586.29,White,Professional,2,119
CTR_007740,Peugeot,308,2017,Electric,5754.81,White,Mixed,3,142
CTR_007742,Peugeot,208,2017,Electric,5223.34,Blue,Mixed,0,135
CTR_007743,Renault,Clio,2024,Gasoline,14828.38,Red,Professional,2,102
CTR_007751,Renault,Captur,2022,Electric,12158.42,Red,Professional,1,135
CTR_007755,Peugeot,308,2019,Gasoline,6778.29,Red,Personal,0,100
CTR_007756,Peugeot,3008,2020,Hybrid,8913.64,Blue,Professional,2,191
CTR_007759,Volkswagen,Golf,2021,Diesel,11598.96,Black,Mixed,3,169
CTR_007760,Volkswagen,Polo,2024,Diesel,20526.07,White,Professional,0,135
CTR_007764,Renault,Megane,2020,Diesel,9413.2,White,Professional,2,175
CTR_007766,Renault,Clio,2019,Gasoline,6044.32,Unknown,Mixed,0,135
CTR_007772,Mercedes,ClasseC,2023,Electric,36423.43,Red,Mixed,0,134
CTR_007773,Peugeot,308,2012,Hybrid,5623.2,Black,Professional,1,136
CTR_007775,Volkswagen,Golf,2020,Diesel,10978.69,White,Professional,1,159
CTR_007779,Peugeot,308,2020,Hybrid,7411.26,Black,Professional,0,127
CTR_007781,Peugeot,308,2022,Diesel,9995.41,Blue,Professional,2,169
CTR_007783,Renault,Captur,2011,Hybrid,5612.0,White,Personal,1,78
CTR_007786,Volkswagen,Tiguan,2022,Hybrid,14496.97,Gray,Professional,2,135
CTR_007787,Renault,Clio,2024,Hybrid,16738.04,Unknown,Professional,3,88
CTR_007788,Mercedes,GLA,2023,Gasoline,34932.51,Gray,Mixed,3,135
CTR_007791,Renault,Captur,2024,Diesel,13944.08,Red,Mixed,2,111
CTR_007793,Volkswagen,Golf,2021,Gasoline,13710.43,Unknown,Personal,3,171
CTR_007797,Volkswagen,Tiguan,2021,Diesel,13653.69,Black,Personal,0,103
CTR_007801,Mercedes,ClasseC,2023,Diesel,30701.0,White,Mixed,0,150
CTR_007803,Renault,Captur,2010,Gasoline,4544.62,Red,Professional,1,120
CTR_007805,BMW,Serie3,2020,Diesel,16245.44,White,Professional,3,126
CTR_007812,Volkswagen,Polo,2021,Electric,10513.43,Blue,Personal,2,160
CTR_007813,Volkswagen,Tiguan,2018,Gasoline,4530.2,Unknown,Mixed,1,175
CTR_007817,Renault,Captur,2021,Electric,8418.145,Gray,Personal,1,167
CTR_007818,Peugeot,308,2019,Gasoline,5996.62,Blue,Mixed,0,177
CTR_007822,Renault,Megane,2022,Gasoline,12319.4,Black,Personal,0,109
CTR_007824,Peugeot,3008,2021,Gasoline,9718.46,Gray,Professional,3,136
CTR_007827,Renault,Clio,2023,Diesel,13736.87,Black,Personal,3,193
CTR_007828,Peugeot,208,2022,Gasoline,9590.38,Red,Mixed,1,135
CTR_007830,Peugeot,308,2023,Gasoline,8418.145,Black,Professional,2,190
CTR_007834,Peugeot,208,2016,Hybrid,5842.33,White,Mixed,2,129
CTR_007837,Peugeot,3008,2020,Diesel,10088.98,Red,Mixed,2,135
CTR_007842,Mercedes,ClasseC,2018,Hybrid,12257.1,Gray,Professional,1,145
CTR_007844,Peugeot,3008,2016,Diesel,5975.59,Unknown,Professional,0,135
CTR_007850,BMW,X1,2014,Gasoline,4756.37,Black,Personal,2,79
CTR_007854,Volkswagen,Polo,2021,Electric,11429.36,Gray,Professional,1,90
CTR_007856,Renault,Captur,2020,Hybrid,13219.87,Red,Professional,3,130
CTR_007860,Peugeot,208,2017,Hybrid,4026.66,Gray,Professional,1,128
CTR_007862,Renault,Megane,2018,Hybrid,5136.62,White,Professional,1,174
CTR_007863,Renault,Captur,2020,Hybrid,5194.96,White,Professional,2,93
CTR_007864,Volkswagen,Golf,2017,Hybrid,5169.0,Black,Mixed,0,148
CTR_007865,Volkswagen,Polo,2015,Hybrid,4331.84,Unknown,Mixed,1,74
CTR_007867,Volkswagen,Tiguan,2021,Diesel,10632.58,Gray,Personal,1,149
CTR_007872,Peugeot,208,2014,Hybrid,5815.0,White,Personal,2,135
CTR_007873,Renault,Megane,2018,Hybrid,5083.2,Unknown,Mixed,1,104
CTR_007874,BMW,Serie3,2023,Gasoline,28620.4,Red,Professional,1,144
CTR_007875,Peugeot,208,2020,Electric,8647.85,Unknown,Personal,2,162
CTR_007876,Renault,Captur,2013,Electric,5843.31,Blue,Mixed,0,194
CTR_007877,Renault,Clio,2016,Electric,4808.0,Unknown,Mixed,3,154
CTR_007878,Volkswagen,Tiguan,2018,Gasoline,4700.2,White,Personal,3,106
CTR_007880,Renault,Clio,2019,Hybrid,6031.46,Red,Mixed,2,135
CTR_007882,Mercedes,ClasseA,2024,Diesel,46520.44,Black,Mixed,1,119
CTR_007884,Renault,Megane,2018,Diesel,5960.81,Red,Professional,2,141
CTR_007887,Volkswagen,Polo,2015,Gasoline,5627.08,Red,Personal,0,109
CTR_007890,BMW,Serie3,2013,Diesel,4536.43,Red,Professional,3,161
CTR_007891,BMW,X1,2018,Electric,9244.0,Unknown,Professional,2,134
CTR_007892,Renault,Captur,2010,Electric,8418.145,Unknown,Professional,0,187
CTR_007903,Volkswagen,Tiguan,2023,Diesel,19097.73,Red,Mixed,0,141
CTR_007907,Renault,Clio,2024,Gasoline,12147.82,Red,Mixed,3,142
CTR_007908,Volkswagen,Tiguan,2018,Diesel,5447.6,Black,Mixed,2,94
CTR_007910,Volkswagen,Golf,2019,Electric,8101.62,Unknown,Personal,2,116
CTR_007916,Peugeot,208,2014,Gasoline,8418.145,Unknown,Professional,2,126
CTR_007919,Mercedes,ClasseA,2018,Electric,10593.7,Black,Mixed,1,160
CTR_007929,Renault,Megane,2021,Electric,8206.72,Gray,Personal,2,175
CTR_007930,Volkswagen,Tiguan,2010,Electric,5265.53,Black,Mixed,1,136
CTR_007933,Peugeot,308,2021,Diesel,10471.0,White,Professional,1,194
CTR_007938,Renault,Clio,2024,Hybrid,14641.96,Red,Mixed,0,73
CTR_007939,Volkswagen,Polo,2019,Gasoline,9490.41,Blue,Personal,3,163
CTR_007940,Peugeot,3008,2023,Gasoline,13799.97,Red,Professional,1,135
CTR_007941,Volkswagen,Tiguan,2019,Diesel,7121.09,Black,Professional,2,119
CTR_007945,Renault,Captur,2012,Hybrid,4982.11,Gray,Mixed,3,154
CTR_007947,Peugeot,208,2020,Diesel,8418.145,Gray,Professional,0,177
CTR_007948,Volkswagen,Tiguan,2023,Electric,16373.64,Blue,Professional,2,186
CTR_007956,Peugeot,208,2018,Diesel,5474.06,Gray,Personal,0,179
CTR_007959,Volkswagen,Golf,2022,Gasoline,16933.97,Unknown,Professional,2,106
CTR_007961,Peugeot,208,2021,Electric,11266.43,Red,Personal,1,110
CTR_007963,Volkswagen,Tiguan,2023,Gasoline,16904.27,Gray,Mixed,3,135
CTR_007964,Peugeot,308,2023,Electric,11929.76,Gray,Personal,0,175
CTR_007965,Renault,Captur,2019,Diesel,5617.8,Gray,Mixed,0,152
CTR_007969,Peugeot,308,2023,Diesel,15806.65,Unknown,Mixed,2,78
CTR_007972,Renault,Megane,2018,Diesel,5804.26,Gray,Personal,0,145
CTR_007973,Volkswagen,Golf,2022,Diesel,13886.45,Blue,Personal,0,91
CTR_007974,Volkswagen,Tiguan,2010,Gasoline,4393.43,Black,Professional,3,115
CTR_007976,Peugeot,3008,2020,Gasoline,7728.11,Blue,Personal,1,142
CTR_007984,Peugeot,308,2021,Gasoline,9148.23,Red,Professional,0,135
CTR_007987,BMW,X1,2018,Electric,10811.48,Gray,Personal,1,140
CTR_007989,Renault,Clio,2024,Diesel,11405.03,Unknown,Personal,0,123
CTR_007992,Volkswagen,Tiguan,2023,Electric,15662.07,Unknown,Professional,1,106
CTR_007997,Renault,Clio,2020,Gasoline,5877.06,Red,Mixed,0,98
CTR_007999,Renault,Captur,2020,Electric,4453.0,Blue,Personal,0,99
CTR_008000,Renault,Captur,2012,Gasoline,4104.62,Red,Mixed,3,121
CTR_008001,Peugeot,208,2022,Hybrid,12191.4,Blue,Personal,0,182
CTR_008006,Volkswagen,Golf,2023,Gasoline,18094.0,Blue,Mixed,1,135
CTR_008009,Renault,Megane,2024,Diesel,12397.92,Unknown,Personal,1,135
CTR_008022,Volkswagen,Polo,2020,Gasoline,19404.68,Red,Professional,1,156
CTR_008028,Renault,Megane,2010,Gasoline,4582.39,Red,Personal,1,129
CTR_008029,Peugeot,3008,2020,Hybrid,8730.42,Blue,Personal,1,135
CTR_008035,Peugeot,3008,2024,Gasoline,12903.02,Unknown,Mixed,1,106
CTR_008036,Volkswagen,Polo,2014,Hybrid,4243.4,Red,Mixed,2,94
CTR_008037,Volkswagen,Tiguan,2022,Electric,15248.95,White,Personal,1,185
CTR_008038,Volkswagen,Golf,2013,Hybrid,5729.9,Black,Personal,0,135
CTR_008039,Renault,Captur,2023,Hybrid,10960.42,Blue,Mixed,0,151
CTR_008042,Peugeot,308,2021,Electric,8088.0,White,Professional,0,74
CTR_008043,Volkswagen,Tiguan,2015,Gasoline,4983.38,Blue,Professional,1,197
CTR_008044,Renault,Megane,2019,Electric,6120.03,Gray,Professional,3,115
CTR_008049,Renault,Captur,2020,Hybrid,7624.55,White,Personal,0,113
CTR_008050,Volkswagen,Tiguan,2021,Gasoline,12381.01,White,Professional,0,135
CTR_008055,Renault,Megane,2020,Hybrid,4080.8,Gray,Personal,0,164
CTR_008058,Peugeot,3008,2010,Diesel,4601.19,Black,Professional,1,81
CTR_008060,Peugeot,208,2020,Gasoline,9108.06,Red,Mixed,0,155
CTR_008062,Renault,Clio,2020,Hybrid,6472.98,Blue,Mixed,0,135
CTR_008066,Volkswagen,Golf,2024,Hybrid,20911.64,White,Personal,1,127
CTR_008067,BMW,Serie1,2020,Gasoline,21166.18,Gray,Personal,3,154
CTR_008069,Renault,Clio,2010,Electric,8418.145,Gray,Personal,0,124
CTR_008072,Volkswagen,Polo,2024,Electric,19570.23,White,Personal,3,99
CTR_008074,Peugeot,208,2018,Electric,4282.13,Black,Mixed,0,135
CTR_008076,Renault,Captur,2019,Diesel,8418.145,Unknown,Mixed,2,130
CTR_008077,BMW,X1,2013,Hybrid,4353.34,Blue,Personal,3,154
CTR_008080,Mercedes,GLA,2018,Diesel,11116.93,White,Personal,1,109
CTR_008086,Peugeot,308,2020,Diesel,11464.62,Red,Professional,0,189
CTR_008088,Renault,Captur,2018,Diesel,4696.77,Blue,Personal,1,106
CTR_008090,Renault,Clio,2010,Electric,5768.02,Blue,Personal,1,135
CTR_008092,Renault,Megane,2023,Electric,13026.28,Unknown,Professional,2,96
CTR_008099,Peugeot,308,2022,Electric,9164.89,Gray,Professional,2,148
CTR_008104,BMW,Serie1,2018,Gasoline,11629.71,Gray,Professional,0,136
CTR_008110,BMW,X1,2023,Gasoline,34297.74,Gray,Professional,1,170
CTR_008111,Volkswagen,Golf,2020,Gasoline,8418.145,Blue,Professional,3,177
CTR_008115,Renault,Megane,2016,Electric,5525.73,Blue,Professional,1,109
CTR_008116,Renault,Clio,2024,Electric,15483.18,Black,Mixed,0,138
CTR_008117,Peugeot,208,2024,Electric,16196.27,White,Mixed,0,129
CTR_008119,Renault,Clio,2015,Hybrid,4846.49,White,Personal,0,133
CTR_008122,Volkswagen,Golf,2024,Hybrid,18519.0,Unknown,Mixed,2,139
CTR_008125,Peugeot,3008,2024,Diesel,15151.12,Red,Professional,1,130
CTR_008130,Volkswagen,Golf,2014,Hybrid,4356.48,Gray,Personal,0,138
CTR_008132,Peugeot,308,2023,Gasoline,14374.44,Unknown,Personal,3,149
CTR_008134,BMW,Serie3,2010,Diesel,5994.64,Blue,Mixed,1,133
CTR_008136,Peugeot,308,2024,Diesel,15605.61,Unknown,Professional,0,152
CTR_008144,Renault,Megane,2021,Diesel,10237.54,Unknown,Professional,0,112
CTR_008147,Volkswagen,Golf,2018,Electric,4866.02,Red,Professional,3,135
CTR_008149,BMW,Serie1,2022,Hybrid,30058.75,White,Mixed,1,143
CTR_008154,Peugeot,3008,2021,Gasoline,11164.54,Unknown,Mixed,2,188
CTR_008161,Peugeot,308,2023,Hybrid,14989.22,White,Personal,3,118
CTR_008167,Volkswagen,Golf,2022,Gasoline,15973.74,White,Personal,0,110
CTR_008170,BMW,Serie1,2023,Diesel,36053.0,White,Professional,1,120
CTR_008175,Peugeot,208,2013,Gasoline,5922.93,Unknown,Mixed,3,124
CTR_008177,Renault,Clio,2022,Electric,11982.19,Gray,Professional,1,115
CTR_008180,Volkswagen,Polo,2020,Electric,10596.0,Black,Personal,2,196
CTR_008188,Renault,Captur,2018,Hybrid,5670.6,Gray,Personal,3,159
CTR_008192,Volkswagen,Polo,2017,Diesel,4743.88,Gray,Personal,2,146
CTR_008196,Volkswagen,Tiguan,2020,Hybrid,9761.82,Blue,Mixed,0,135
CTR_008198,Peugeot,208,2021,Hybrid,9015.96,Gray,Mixed,1,104
CTR_008203,Renault,Clio,2022,Hybrid,9359.87,Black,Mixed,3,135
CTR_008205,Peugeot,308,2024,Gasoline,17311.44,Black,Professional,2,122
CTR_008206,Peugeot,208,2023,Diesel,14052.6,Red,Personal,1,194
CTR_008210,Volkswagen,Tiguan,2020,Diesel,20131.86,White,Professional,3,146
CTR_008213,Renault,Clio,2019,Electric,6035.7,Gray,Mixed,0,185
CTR_008214,Volkswagen,Tiguan,2016,Gasoline,5559.87,Red,Mixed,0,116
CTR_008216,Volkswagen,Tiguan,2010,Hybrid,5377.66,Gray,Mixed,2,135
CTR_008217,Peugeot,3008,2018,Hybrid,5394.09,Black,Professional,0,196
CTR_008222,Peugeot,3008,2023,Gasoline,12358.1,Blue,Professional,2,144
CTR_008223,Peugeot,3008,2010,Electric,5931.77,Red,Personal,0,187
CTR_008226,Volkswagen,Polo,2020,Hybrid,10977.37,Gray,Mixed,3,148
CTR_008231,Mercedes,GLA,2018,Diesel,11590.37,Gray,Mixed,2,167
CTR_008234,Renault,Megane,2020,Electric,8291.1,Gray,Personal,1,155
CTR_008236,Renault,Megane,2021,Electric,8676.71,Black,Mixed,0,159
CTR_008237,Peugeot,308,2018,Gasoline,4192.5,Unknown,Personal,1,135
CTR_008244,Peugeot,3008,2018,Hybrid,4480.21,Red,Mixed,3,138
CTR_008249,Mercedes,GLA,2020,Gasoline,23363.32,Unknown,Personal,0,176
CTR_008250,Volkswagen,Tiguan,2024,Gasoline,21854.52,White,Mixed,1,177
CTR_008251,Volkswagen,Polo,2010,Electric,4234.38,Black,Professional,1,164
CTR_008252,Renault,Megane,2018,Hybrid,4139.31,Gray,Personal,3,116
CTR_008253,Renault,Captur,2016,Electric,5243.81,Black,Professional,0,79
CTR_008256,Renault,Captur,2018,Diesel,5877.3,Unknown,Professional,2,91
CTR_008258,Peugeot,308,2022,Gasoline,9917.64,Red,Mixed,3,135
CTR_008261,Renault,Megane,2012,Electric,5098.04,Blue,Personal,1,146
CTR_008262,Renault,Clio,2023,Gasoline,13857.38,White,Mixed,3,140
CTR_008265,Volkswagen,Tiguan,2022,Hybrid,15374.45,Black,Personal,0,135
CTR_008274,BMW,Serie3,2019,Electric,13166.31,Blue,Personal,2,105
CTR_008275,BMW,X1,2018,Diesel,10939.05,White,Mixed,3,79
CTR_008282,Volkswagen,Tiguan,2018,Hybrid,6207.55,Unknown,Mixed,0,98
CTR_008283,Volkswagen,Golf,2016,Hybrid,5660.97,White,Professional,3,120
CTR_008284,Volkswagen,Golf,2018,Gasoline,6597.03,Red,Professional,3,115
CTR_008288,Peugeot,208,2020,Gasoline,6709.97,Gray,Mixed,0,145
CTR_008291,Renault,Clio,2013,Gasoline,4681.56,Unknown,Personal,3,156
CTR_008294,Peugeot,308,2018,Hybrid,5971.97,Gray,Mixed,1,146
CTR_008296,Renault,Megane,2012,Electric,5189.07,Unknown,Personal,3,105
CTR_008303,Volkswagen,Polo,2022,Diesel,16234.39,Gray,Mixed,3,112
CTR_008304,Peugeot,208,2020,Electric,8998.38,Gray,Professional,0,164
CTR_008307,Renault,Clio,2022,Electric,8418.145,Unknown,Personal,2,179
CTR_008309,Peugeot,208,2014,Hybrid,8418.145,Blue,Personal,2,175
CTR_008313,Volkswagen,Golf,2019,Electric,6734.41,Blue,Mixed,3,95
CTR_008316,Volkswagen,Golf,2018,Gasoline,8418.145,Red,Professional,1,135
CTR_008320,Peugeot,208,2012,Gasoline,5346.39,Unknown,Mixed,0,188
CTR_008322,Volkswagen,Tiguan,2024,Electric,22458.33,Gray,Personal,0,129
CTR_008323,Volkswagen,Golf,2019,Gasoline,7722.36,Gray,Mixed,1,199
CTR_008326,Volkswagen,Golf,2020,Electric,4247.07,Unknown,Professional,3,183
CTR_008329,BMW,Serie1,2018,Diesel,8418.145,Black,Professional,0,135
CTR_008331,Volkswagen,Golf,2020,Electric,4859.47,Gray,Professional,0,172
CTR_008336,Volkswagen,Polo,2010,Diesel,5502.02,Red,Mixed,2,94
CTR_008340,Volkswagen,Polo,2016,Electric,4039.56,Red,Professional,2,138
CTR_008343,Volkswagen,Polo,2020,Electric,9924.92,Gray,Professional,1,193
CTR_008345,Renault,Clio,2016,Hybrid,4895.77,Unknown,Professional,0,190
CTR_008348,Volkswagen,Tiguan,2017,Gasoline,5100.23,Blue,Mixed,3,126
CTR_008350,Peugeot,3008,2023,Gasoline,15681.6,Unknown,Personal,0,130
CTR_008353,Renault,Captur,2022,Diesel,11664.0,Gray,Mixed,2,105
CTR_008354,Volkswagen,Golf,2019,Diesel,7111.77,Blue,Professional,3,197
CTR_008358,Peugeot,3008,2011,Gasoline,5267.32,Black,Personal,1,154
CTR_008361,Renault,Clio,2021,Electric,8408.52,White,Personal,2,96
CTR_008366,Peugeot,3008,2020,Hybrid,8771.61,Black,Mixed,1,135
CTR_008369,Renault,Megane,2022,Diesel,9240.07,Red,Personal,3,153
CTR_008370,Peugeot,3008,2013,Electric,4289.01,Red,Professional,2,173
CTR_008372,Mercedes,GLA,2014,Diesel,4202.79,Black,Mixed,0,132
CTR_008374,Volkswagen,Tiguan,2020,Hybrid,8141.13,White,Personal,0,179
CTR_008377,Peugeot,3008,2018,Gasoline,4246.0,Gray,Mixed,0,186
CTR_008378,Renault,Clio,2020,Electric,10061.76,White,Professional,1,167
CTR_008383,Renault,Captur,2022,Electric,9926.93,Unknown,Personal,3,135
CTR_008384,Renault,Captur,2010,Diesel,5596.33,White,Personal,3,195
CTR_008387,Renault,Megane,2017,Gasoline,4312.15,White,Professional,0,181
CTR_008391,Volkswagen,Golf,2020,Electric,10789.71,Blue,Mixed,0,73
CTR_008392,Peugeot,208,2018,Hybrid,4871.48,Unknown,Professional,2,108
CTR_008395,Volkswagen,Golf,2023,Hybrid,20246.83,Black,Mixed,3,145
CTR_008396,Volkswagen,Golf,2013,Electric,4952.73,Blue,Personal,0,121
CTR_008400,Volkswagen,Tiguan,2018,Diesel,5626.78,Blue,Professional,2,135
CTR_008402,Volkswagen,Tiguan,2022,Electric,13708.12,Unknown,Professional,2,171
CTR_008404,Volkswagen,Golf,2022,Hybrid,16224.74,Blue,Personal,1,81
CTR_008408,Renault,Megane,2022,Electric,8621.22,Black,Mixed,2,114
CTR_008410,Renault,Clio,2022,Gasoline,12616.66,Unknown,Mixed,2,135
CTR_008412,Mercedes,GLA,2014,Hybrid,4996.24,Blue,Mixed,1,96
CTR_008414,Peugeot,308,2023,Diesel,10886.37,Blue,Professional,1,132
CTR_008417,Peugeot,308,2019,Gasoline,6142.01,Red,Personal,1,83
CTR_008419,Volkswagen,Polo,2020,Hybrid,10458.17,Unknown,Mixed,0,179
CTR_008420,Mercedes,ClasseA,2019,Electric,14340.5,Red,Personal,3,132
CTR_008421,Volkswagen,Polo,2022,Gasoline,13429.56,Blue,Professional,1,108
CTR_008422,Volkswagen,Tiguan,2019,Electric,7266.45,White,Mixed,1,171
CTR_008423,Peugeot,3008,2016,Electric,4259.46,White,Mixed,0,135
CTR_008424,BMW,Serie1,2022,Electric,26934.33,Gray,Personal,3,76
CTR_008426,Volkswagen,Tiguan,2019,Electric,9212.6,Black,Mixed,1,172
CTR_008430,Volkswagen,Polo,2014,Diesel,5846.26,Blue,Mixed,0,129
CTR_008435,Renault,Captur,2019,Gasoline,6614.69,Black,Personal,1,117
CTR_008438,Renault,Clio,2023,Electric,12814.64,Gray,Personal,2,134
CTR_008441,Renault,Captur,2021,Hybrid,9395.63,Red,Personal,3,145
CTR_008442,Peugeot,208,2018,Electric,4621.03,Gray,Professional,1,105
CTR_008446,Peugeot,208,2013,Electric,5770.69,Blue,Mixed,1,94
CTR_008447,Peugeot,3008,2013,Electric,4976.29,Blue,Personal,2,135
CTR_008449,Renault,Clio,2012,Hybrid,4558.62,Gray,Mixed,0,133
CTR_008451,Renault,Clio,2023,Diesel,14614.81,Black,Professional,3,116
CTR_008452,Peugeot,308,2018,Electric,5410.76,Blue,Professional,2,119
CTR_008453,Peugeot,208,2019,Hybrid,5915.16,Blue,Mixed,0,135
CTR_008455,Volkswagen,Polo,2019,Gasoline,6619.64,Gray,Mixed,1,199
CTR_008456,Renault,Clio,2024,Electric,11984.91,Red,Personal,0,135
CTR_008458,Volkswagen,Tiguan,2020,Electric,9137.34,Red,Professional,2,135
CTR_008459,Volkswagen,Polo,2024,Hybrid,23222.73,Black,Mixed,1,179
CTR_008461,Volkswagen,Polo,2012,Gasoline,5943.18,Gray,Mixed,0,127
CTR_008464,Peugeot,308,2021,Electric,9575.72,Red,Personal,0,102
CTR_008466,Peugeot,208,2019,Diesel,5995.96,Unknown,Professional,0,82
CTR_008468,Volkswagen,Golf,2019,Diesel,8934.0,White,Personal,3,176
CTR_008471,Renault,Captur,2022,Hybrid,10149.02,Gray,Mixed,1,139
CTR_008472,Volkswagen,Polo,2021,Gasoline,8418.145,Black,Personal,3,83
CTR_008473,Renault,Megane,2021,Electric,10349.24,Unknown,Personal,0,98
CTR_008478,Mercedes,GLA,2019,Electric,14128.07,Black,Mixed,2,137
CTR_008491,Volkswagen,Golf,2019,Diesel,9580.33,Black,Mixed,0,123
CTR_008493,Volkswagen,Tiguan,2010,Electric,4912.61,White,Professional,1,135
CTR_008498,Mercedes,ClasseA,2020,Hybrid,20667.99,Black,Professional,1,125
CTR_008503,Renault,Captur,2020,Diesel,8422.94,Black,Mixed,0,126
CTR_008505,Peugeot,308,2023,Hybrid,10963.94,Black,Mixed,1,133
CTR_008508,Volkswagen,Golf,2019,Hybrid,8455.42,White,Personal,1,126
CTR_008509,Peugeot,3008,2022,Electric,9401.3,Blue,Mixed,2,139
CTR_008510,Volkswagen,Tiguan,2018,Gasoline,6599.47,White,Personal,1,158
CTR_008521,Renault,Clio,2022,Gasoline,11234.0,Gray,Professional,0,119
CTR_008529,Volkswagen,Golf,2021,Gasoline,12277.61,Black,Mixed,0,151
CTR_008532,Peugeot,3008,2023,Gasoline,14080.93,Blue,Professional,1,136
CTR_008534,Peugeot,208,2014,Gasoline,4330.27,Gray,Professional,2,137
CTR_008537,Peugeot,308,2015,Gasoline,4720.02,Red,Professional,2,160
CTR_008538,Volkswagen,Golf,2023,Electric,20442.74,Red,Personal,2,124
CTR_008540,Volkswagen,Golf,2018,Hybrid,6284.04,Red,Mixed,0,155
CTR_008541,Renault,Captur,2011,Hybrid,5322.96,Unknown,Professional,2,98
CTR_008546,Mercedes,ClasseC,2020,Hybrid,13295.66,Red,Personal,3,81
CTR_008554,Volkswagen,Tiguan,2018,Gasoline,5764.5,Blue,Professional,3,135
CTR_008560,Volkswagen,Polo,2019,Gasoline,6964.09,Blue,Professional,2,153
CTR_008561,Renault,Clio,2016,Diesel,5427.23,Red,Personal,2,135
CTR_008564,Peugeot,208,2021,Electric,9952.0,Blue,Personal,0,135
CTR_008567,Mercedes,GLA,2023,Hybrid,34306.0,Black,Professional,2,184
CTR_008570,Peugeot,308,2021,Electric,8244.41,Gray,Personal,0,193
CTR_008574,Volkswagen,Golf,2019,Electric,8568.51,Blue,Personal,1,135
CTR_008575,Peugeot,208,2011,Electric,4888.13,Unknown,Professional,3,135
CTR_008576,Renault,Clio,2020,Hybrid,7508.98,Black,Mixed,0,69
CTR_008585,BMW,X1,2020,Electric,32415.63,Black,Personal,2,143
CTR_008587,Volkswagen,Golf,2019,Electric,7588.16,Gray,Personal,1,188
CTR_008588,Peugeot,308,2021,Hybrid,9062.04,Unknown,Professional,0,135
CTR_008591,Volkswagen,Polo,2020,Gasoline,6388.71,Blue,Mixed,0,162
CTR_008594,Volkswagen,Tiguan,2019,Electric,6910.61,Blue,Professional,2,145
CTR_008596,Volkswagen,Golf,2020,Gasoline,4942.47,Unknown,Personal,0,170
CTR_008597,Mercedes,GLA,2022,Gasoline,27938.92,Unknown,Personal,1,146
CTR_008598,Peugeot,3008,2016,Electric,5924.0,Black,Professional,1,182
CTR_008599,Volkswagen,Golf,2021,Diesel,10673.53,White,Professional,0,198
CTR_008601,Volkswagen,Golf,2022,Diesel,13651.72,Red,Mixed,3,192
CTR_008603,Renault,Clio,2023,Gasoline,12071.42,Unknown,Mixed,0,186
CTR_008604,Volkswagen,Golf,2020,Hybrid,9348.68,Gray,Personal,1,135
CTR_008605,Volkswagen,Golf,2014,Hybrid,5413.19,Black,Personal,2,114
CTR_008608,Peugeot,308,2023,Electric,13770.1,Red,Mixed,0,183
CTR_008611,BMW,Serie1,2012,Electric,5561.55,Black,Personal,0,131
CTR_008612,Renault,Megane,2017,Gasoline,5102.0,Black,Professional,2,117
CTR_008614,Peugeot,3008,2011,Electric,4853.65,White,Professional,2,98
CTR_008615,Volkswagen,Tiguan,2017,Diesel,4729.75,Black,Mixed,0,105
CTR_008619,Volkswagen,Golf,2021,Electric,11376.74,Black,Mixed,2,126
CTR_008620,Renault,Megane,2018,Gasoline,4505.12,Gray,Mixed,0,135
CTR_008621,Peugeot,308,2020,Electric,11491.28,Unknown,Professional,1,169
CTR_008626,Volkswagen,Golf,2023,Gasoline,20076.29,Blue,Mixed,2,114
CTR_008627,Volkswagen,Golf,2023,Hybrid,17939.0,Red,Personal,1,105
CTR_008630,BMW,Serie1,2017,Electric,8418.145,White,Professional,1,165
CTR_008634,Volkswagen,Polo,2011,Hybrid,4644.5,Red,Professional,0,198
CTR_008637,Renault,Megane,2011,Gasoline,5033.74,Red,Personal,0,135
CTR_008638,BMW,Serie3,2024,Diesel,8418.145,Red,Personal,0,165
CTR_008639,Renault,Megane,2023,Electric,8418.145,Red,Personal,3,116
CTR_008640,Volkswagen,Tiguan,2010,Electric,5198.18,Red,Mixed,1,98
CTR_008641,Volkswagen,Golf,2013,Diesel,5059.91,Black,Mixed,2,117
CTR_008643,Renault,Captur,2019,Electric,4985.75,Blue,Personal,1,127
CTR_008648,Renault,Clio,2024,Electric,15080.4,Gray,Mixed,0,116
CTR_008649,Mercedes,ClasseA,2019,Electric,18261.0,Black,Personal,3,151
CTR_008656,Renault,Megane,2020,Gasoline,6714.17,Unknown,Professional,1,130
CTR_008660,Renault,Captur,2021,Electric,8728.98,Blue,Mixed,3,166
CTR_008664,Volkswagen,Tiguan,2019,Hybrid,7415.62,Gray,Mixed,0,143
CTR_008666,Renault,Captur,2020,Gasoline,8323.07,Blue,Personal,2,91
CTR_008668,Renault,Megane,2020,Gasoline,10337.51,Unknown,Mixed,0,125
CTR_008672,Renault,Clio,2020,Gasoline,5408.67,Unknown,Professional,0,173
CTR_008676,Volkswagen,Polo,2022,Electric,13296.84,White,Professional,0,91
CTR_008679,Volkswagen,Golf,2022,Diesel,16620.58,Gray,Personal,3,91
CTR_008684,Renault,Megane,2013,Gasoline,5285.36,Red,Mixed,0,118
CTR_008686,Renault,Captur,2020,Gasoline,7834.43,Black,Professional,0,131
CTR_008687,Peugeot,308,2020,Diesel,8223.69,Blue,Professional,2,192
CTR_008692,Peugeot,208,2018,Diesel,4793.0,Unknown,Mixed,3,88
CTR_008693,Volkswagen,Polo,2018,Gasoline,5869.23,Gray,Mixed,2,104
CTR_008695,Peugeot,308,2023,Hybrid,11798.97,Unknown,Personal,0,98
CTR_008696,Volkswagen,Golf,2020,Hybrid,4547.87,Blue,Personal,0,135
CTR_008701,Volkswagen,Polo,2023,Hybrid,14538.54,Gray,Mixed,0,187
CTR_008703,Renault,Clio,2022,Diesel,11120.19,Red,Professional,2,105
CTR_008704,Renault,Clio,2017,Gasoline,5681.59,Blue,Personal,1,162
CTR_008706,Volkswagen,Tiguan,2021,Diesel,12177.66,Unknown,Professional,3,100
CTR_008713,Renault,Megane,2012,Hybrid,4417.36,Gray,Personal,1,136
CTR_008714,Volkswagen,Tiguan,2015,Electric,5647.86,White,Mixed,0,135
CTR_008722,Peugeot,208,2021,Diesel,10153.45,Red,Personal,1,123
CTR_008725,Renault,Clio,2019,Hybrid,6481.51,White,Personal,3,115
CTR_008726,Peugeot,208,2024,Diesel,8418.145,Blue,Personal,2,133
CTR_008727,Renault,Clio,2022,Electric,10219.32,Red,Mixed,1,116
CTR_008728,Volkswagen,Golf,2022,Hybrid,17637.83,Gray,Personal,1,199
CTR_008729,Peugeot,3008,2018,Hybrid,5350.77,Red,Professional,1,135
CTR_008731,Volkswagen,Golf,2018,Diesel,5530.26,Gray,Personal,1,116
CTR_008732,Volkswagen,Golf,2021,Diesel,12362.49,White,Personal,1,137
CTR_008735,Renault,Megane,2020,Gasoline,8430.71,Red,Professional,0,146
CTR_008738,Renault,Megane,2018,Diesel,5663.59,Red,Mixed,2,135
CTR_008740,Volkswagen,Tiguan,2015,Hybrid,4024.62,Black,Professional,1,76
CTR_008741,Peugeot,3008,2021,Diesel,8144.99,Black,Mixed,0,113
CTR_008744,Renault,Clio,2019,Gasoline,5627.59,Red,Mixed,0,135
CTR_008745,Peugeot,208,2020,Hybrid,4229.27,Black,Mixed,1,197
CTR_008749,BMW,Serie3,2019,Electric,12738.68,White,Personal,2,135
CTR_008751,Mercedes,ClasseA,2021,Diesel,29029.0,White,Personal,3,102
CTR_008755,Peugeot,3008,2023,Electric,12598.82,Blue,Professional,2,70
CTR_008760,Peugeot,3008,2024,Electric,14705.49,White,Mixed,0,181
CTR_008762,Peugeot,208,2018,Hybrid,4348.38,Unknown,Professional,0,198
CTR_008763,BMW,Serie1,2018,Gasoline,10201.07,Black,Personal,0,140
CTR_008769,Peugeot,308,2023,Electric,11195.24,Unknown,Personal,1,96
CTR_008776,Peugeot,3008,2020,Diesel,8206.29,Unknown,Mixed,3,109
CTR_008780,Peugeot,208,2023,Hybrid,14502.77,White,Mixed,3,135
CTR_008783,BMW,Serie1,2010,Electric,5747.0,Red,Personal,1,97
CTR_008786,Renault,Captur,2022,Electric,10990.9,Gray,Professional,1,183
CTR_008789,Volkswagen,Tiguan,2021,Gasoline,11939.61,Gray,Personal,0,165
CTR_008793,Renault,Clio,2023,Electric,14053.0,White,Personal,3,127
CTR_008795,Mercedes,GLA,2022,Diesel,31574.95,Unknown,Mixed,3,138
CTR_008797,Volkswagen,Tiguan,2021,Diesel,12073.66,Black,Mixed,3,104
CTR_008799,Renault,Captur,2015,Hybrid,8418.145,Red,Personal,3,99
CTR_008801,Renault,Captur,2014,Gasoline,4641.23,Unknown,Personal,0,135
CTR_008809,Renault,Captur,2022,Gasoline,8751.8,Gray,Personal,2,164
CTR_008813,Mercedes,ClasseA,2017,Electric,5379.42,Gray,Personal,0,158
CTR_008821,BMW,X1,2021,Diesel,18723.78,Gray,Mixed,0,118
CTR_008823,Volkswagen,Tiguan,2019,Electric,7399.0,Gray,Mixed,1,98
CTR_008824,Peugeot,208,2023,Gasoline,13062.6,Gray,Mixed,3,94
CTR_008825,Renault,Captur,2018,Electric,4295.16,Red,Professional,1,188
CTR_008826,Volkswagen,Polo,2012,Gasoline,5655.9,Black,Professional,3,130
CTR_008828,Volkswagen,Golf,2021,Gasoline,10575.96,Unknown,Personal,2,194
CTR_008831,BMW,Serie1,2022,Gasoline,31338.12,Unknown,Professional,0,152
CTR_008837,Peugeot,208,2012,Electric,4148.87,White,Personal,2,103
CTR_008838,Renault,Clio,2010,Diesel,5789.33,Gray,Mixed,2,108
CTR_008839,BMW,Serie3,2023,Diesel,27851.93,Unknown,Mixed,0,95
CTR_008844,Mercedes,ClasseA,2018,Electric,13380.63,Red,Mixed,3,125
CTR_008849,Renault,Megane,2021,Electric,9036.44,Gray,Mixed,3,92
CTR_008853,Renault,Megane,2023,Electric,9946.22,Unknown,Professional,0,135
CTR_008854,Volkswagen,Polo,2013,Gasoline,4565.34,Blue,Mixed,3,102
CTR_008855,Renault,Megane,2019,Diesel,6585.97,Gray,Mixed,0,138
CTR_008861,Volkswagen,Polo,2012,Electric,4599.33,Unknown,Personal,1,167
CTR_008862,Peugeot,208,2019,Hybrid,5663.06,Unknown,Mixed,3,181
CTR_008871,Peugeot,3008,2018,Gasoline,4088.3,Blue,Mixed,1,157
CTR_008876,Volkswagen,Tiguan,2024,Hybrid,18026.05,White,Professional,2,134
CTR_008880,Peugeot,308,2017,Hybrid,4518.64,Gray,Personal,2,143
CTR_008884,Volkswagen,Polo,2023,Diesel,19120.46,Black,Personal,0,102
CTR_008886,Renault,Clio,2010,Hybrid,5011.54,White,Professional,0,181
CTR_008887,Volkswagen,Tiguan,2024,Diesel,17288.06,White,Personal,0,133
CTR_008889,Peugeot,308,2020,Hybrid,8722.27,Black,Professional,3,92
CTR_008894,Mercedes,ClasseC,2020,Electric,7354.04,White,Personal,3,163
CTR_008895,Renault,Megane,2013,Electric,4536.92,Black,Professional,2,135
CTR_008899,Volkswagen,Tiguan,2022,Diesel,13520.6,Black,Personal,1,100
CTR_008902,Volkswagen,Tiguan,2022,Diesel,17783.44,Unknown,Mixed,1,142
CTR_008905,Peugeot,208,2011,Diesel,5274.0,Blue,Personal,0,83
CTR_008910,Volkswagen,Golf,2012,Electric,8418.145,Black,Professional,1,128
CTR_008912,Renault,Megane,2023,Diesel,8418.145,Gray,Professional,0,151
CTR_008916,Peugeot,208,2019,Gasoline,6212.97,Black,Professional,2,195
CTR_008917,Volkswagen,Tiguan,2021,Diesel,10513.87,Blue,Personal,0,158
CTR_008920,BMW,Serie3,2018,Gasoline,10171.3,Gray,Mixed,0,171
CTR_008921,Peugeot,208,2024,Electric,13221.5,Blue,Personal,3,191
CTR_008924,Volkswagen,Tiguan,2011,Gasoline,5338.19,Red,Mixed,3,112
CTR_008929,Mercedes,ClasseC,2022,Gasoline,35652.71,White,Mixed,1,135
CTR_008930,Volkswagen,Polo,2024,Diesel,19669.0,Unknown,Professional,2,75
CTR_008931,Volkswagen,Tiguan,2018,Diesel,5164.09,White,Personal,3,96
CTR_008932,Peugeot,3008,2020,Electric,6624.0,White,Personal,2,108
CTR_008935,Peugeot,208,2024,Hybrid,16023.55,Unknown,Professional,1,196
CTR_008937,Peugeot,208,2022,Electric,11783.85,Red,Mixed,2,126
CTR_008942,BMW,X1,2020,Electric,18524.0,Blue,Personal,0,100
CTR_008943,Volkswagen,Golf,2021,Electric,15032.15,Unknown,Professional,0,174
CTR_008944,Peugeot,3008,2018,Electric,5956.31,Blue,Professional,2,135
CTR_008945,Renault,Captur,2019,Diesel,6086.04,Blue,Personal,0,82
CTR_008947,Peugeot,208,2018,Hybrid,4391.98,Red,Mixed,3,139
CTR_008949,Renault,Megane,2018,Hybrid,5893.53,Gray,Professional,1,190
CTR_008951,Volkswagen,Polo,2018,Electric,5252.64,Red,Professional,2,91
CTR_008952,Volkswagen,Tiguan,2022,Hybrid,12641.26,White,Professional,0,129
CTR_008957,Peugeot,3008,2014,Electric,4482.17,White,Professional,0,140
CTR_008958,BMW,Serie1,2018,Diesel,11095.08,White,Mixed,2,86
CTR_008960,Volkswagen,Tiguan,2020,Gasoline,17630.12,Gray,Mixed,3,114
CTR_008963,Volkswagen,Polo,2024,Diesel,19160.54,Gray,Mixed,0,67
CTR_008964,Volkswagen,Tiguan,2018,Electric,8418.145,Blue,Mixed,0,193
CTR_008965,Peugeot,3008,2024,Electric,12286.91,Red,Professional,3,176
CTR_008970,Peugeot,308,2020,Electric,7992.0,Black,Mixed,3,135
CTR_008972,Peugeot,3008,2010,Gasoline,5257.51,Unknown,Mixed,1,198
CTR_008973,Renault,Megane,2022,Hybrid,11879.12,Black,Personal,0,125
CTR_008974,BMW,Serie1,2015,Diesel,4829.32,White,Professional,2,80
CTR_008977,Volkswagen,Golf,2017,Gasoline,4282.66,White,Mixed,0,139
CTR_008978,Peugeot,308,2020,Electric,8274.73,Blue,Mixed,1,92
CTR_008979,Peugeot,3008,2023,Gasoline,15259.54,Blue,Mixed,1,106
CTR_008984,Renault,Clio,2023,Gasoline,10446.48,Black,Professional,3,112
CTR_008985,Peugeot,308,2022,Hybrid,9952.73,Gray,Personal,3,175
CTR_008986,Peugeot,308,2014,Gasoline,8418.145,Red,Mixed,0,142
CTR_008990,Peugeot,3008,2024,Diesel,15901.78,White,Professional,0,149
CTR_008991,Volkswagen,Golf,2020,Diesel,10499.06,Red,Personal,0,135
CTR_008992,Mercedes,ClasseA,2019,Electric,17359.16,Black,Mixed,1,134
CTR_008993,Renault,Megane,2020,Hybrid,5915.26,Red,Personal,2,198
CTR_008996,Mercedes,ClasseA,2022,Diesel,34175.0,White,Professional,2,149
CTR_009000,Volkswagen,Golf,2021,Hybrid,15295.91,Black,Mixed,2,115
CTR_009001,Renault,Megane,2022,Gasoline,9581.66,Black,Mixed,2,135
CTR_009003,Peugeot,208,2022,Gasoline,11379.09,Unknown,Professional,2,107
CTR_009005,Volkswagen,Golf,2019,Gasoline,8767.73,Blue,Personal,0,122
CTR_009006,Renault,Captur,2020,Electric,4952.8,White,Professional,0,105
CTR_009009,Renault,Captur,2023,Diesel,12778.01,Black,Personal,3,105
CTR_009011,Renault,Megane,2017,Electric,5841.85,Unknown,Mixed,2,139
CTR_009012,Peugeot,208,2018,Electric,5079.69,White,Professional,3,103
CTR_009014,Peugeot,3008,2021,Diesel,8588.52,Red,Professional,0,178
CTR_009017,Renault,Megane,2020,Hybrid,5477.25,Red,Mixed,0,101
CTR_009021,Mercedes,GLA,2022,Electric,28885.22,Black,Professional,0,174
CTR_009026,Volkswagen,Polo,2018,Hybrid,5118.66,Blue,Professional,1,196
CTR_009029,BMW,X1,2017,Hybrid,5036.0,Red,Professional,1,70
CTR_009030,Volkswagen,Polo,2023,Diesel,16102.59,Blue,Personal,3,178
CTR_009033,Volkswagen,Golf,2010,Diesel,5865.81,Blue,Personal,1,168
CTR_009038,Volkswagen,Tiguan,2020,Hybrid,10663.57,Gray,Mixed,1,135
CTR_009047,Peugeot,208,2020,Gasoline,5910.2,Red,Personal,0,172
CTR_009051,Volkswagen,Tiguan,2017,Gasoline,5723.58,Blue,Mixed,0,105
CTR_009052,Volkswagen,Golf,2013,Hybrid,8418.145,Blue,Mixed,0,104
CTR_009057,BMW,Serie1,2021,Electric,20135.68,Red,Professional,1,135
CTR_009058,Peugeot,308,2019,Gasoline,5556.87,Unknown,Personal,1,193
CTR_009060,Renault,Captur,2021,Gasoline,8923.52,Gray,Mixed,3,124
CTR_009061,Peugeot,308,2014,Gasoline,5432.26,Unknown,Professional,0,92
CTR_009062,Volkswagen,Tiguan,2015,Gasoline,5361.0,Unknown,Mixed,3,135
CTR_009065,Volkswagen,Tiguan,2018,Gasoline,6691.49,Blue,Professional,1,135
CTR_009066,Peugeot,308,2013,Electric,5846.65,Blue,Personal,0,101
CTR_009068,BMW,Serie3,2016,Hybrid,4809.79,Blue,Personal,1,148
CTR_009069,Volkswagen,Polo,2018,Diesel,6406.1,Gray,Professional,2,135
CTR_009070,Volkswagen,Tiguan,2024,Electric,22743.48,Blue,Mixed,0,93
CTR_009073,Volkswagen,Tiguan,2019,Diesel,8239.35,Black,Professional,0,135
CTR_009074,Volkswagen,Tiguan,2022,Electric,14215.77,White,Personal,1,109
CTR_009075,Peugeot,308,2023,Diesel,11661.5,Black,Personal,0,130
CTR_009076,Volkswagen,Polo,2019,Hybrid,7079.86,Blue,Personal,3,113
CTR_009077,Renault,Megane,2024,Electric,8418.145,Unknown,Mixed,3,101
CTR_009080,Peugeot,208,2016,Diesel,5007.89,Red,Mixed,2,151
CTR_009082,Peugeot,3008,2011,Gasoline,5167.64,Red,Personal,3,172
CTR_009085,Renault,Clio,2023,Electric,11457.8,Red,Mixed,3,167
CTR_009086,Renault,Clio,2019,Diesel,5278.74,Unknown,Professional,3,167
CTR_009087,Peugeot,3008,2023,Electric,10631.38,Black,Mixed,1,183
CTR_009092,Volkswagen,Tiguan,2021,Diesel,11275.94,Red,Mixed,0,192
CTR_009099,Renault,Megane,2024,Diesel,8418.145,Red,Professional,0,152
CTR_009102,Renault,Megane,2014,Diesel,4028.03,White,Personal,0,94
CTR_009114,Volkswagen,Golf,2015,Electric,4066.24,Red,Personal,1,100
CTR_009116,Volkswagen,Tiguan,2018,Electric,4940.62,Red,Mixed,0,135
CTR_009118,Renault,Captur,2024,Electric,15363.03,Gray,Professional,0,109
CTR_009129,Volkswagen,Golf,2019,Hybrid,8572.55,Red,Personal,1,173
CTR_009131,Renault,Clio,2020,Hybrid,7708.58,Red,Mixed,2,186
CTR_009133,Peugeot,308,2020,Hybrid,8033.85,Black,Mixed,0,157
CTR_009134,Renault,Clio,2023,Diesel,10849.97,Red,Professional,3,135
CTR_009135,Peugeot,208,2012,Electric,4795.87,Blue,Professional,2,198
CTR_009139,Volkswagen,Golf,2021,Diesel,12687.87,White,Mixed,2,188
CTR_009140,Renault,Captur,2022,Diesel,12089.96,Red,Personal,3,92
CTR_009141,Peugeot,208,2012,Diesel,4396.86,White,Mixed,3,197
CTR_009142,Peugeot,208,2018,Hybrid,5458.07,Black,Professional,3,136
CTR_009143,Volkswagen,Polo,2020,Electric,9605.08,White,Professional,2,141
CTR_009144,Renault,Clio,2017,Diesel,5320.45,Gray,Professional,0,115
CTR_009145,Peugeot,3008,2021,Diesel,9653.7,Unknown,Personal,1,194
CTR_009149,Volkswagen,Tiguan,2024,Diesel,20737.72,Black,Mixed,3,136
CTR_009150,Volkswagen,Golf,2024,Hybrid,19305.19,White,Mixed,0,143
CTR_009158,Volkswagen,Tiguan,2012,Diesel,4890.14,Gray,Personal,0,196
CTR_009161,Volkswagen,Polo,2012,Diesel,5736.38,Unknown,Professional,0,165
CTR_009163,BMW,X1,2020,Gasoline,30502.0,Gray,Mixed,0,148
CTR_009166,Volkswagen,Polo,2024,Electric,22351.11,White,Mixed,2,174
CTR_009169,Peugeot,308,2020,Gasoline,7472.48,Unknown,Professional,0,185
CTR_009170,BMW,Serie3,2022,Gasoline,28733.66,White,Mixed,1,145
CTR_009171,Volkswagen,Tiguan,2018,Gasoline,5001.69,Red,Mixed,3,129
CTR_009172,Renault,Captur,2018,Diesel,8418.145,White,Personal,2,128
CTR_009174,Renault,Megane,2018,Gasoline,5934.55,Gray,Personal,3,100
CTR_009176,Renault,Megane,2021,Electric,10398.35,Black,Professional,2,74
CTR_009177,Volkswagen,Golf,2018,Hybrid,5255.97,Red,Mixed,1,120
CTR_009178,Peugeot,208,2014,Hybrid,4552.98,Blue,Mixed,0,156
CTR_009180,Mercedes,ClasseA,2014,Gasoline,4364.88,Black,Mixed,0,194
CTR_009188,Renault,Captur,2020,Gasoline,8366.16,Blue,Professional,1,179
CTR_009191,Renault,Clio,2021,Diesel,7593.12,White,Mixed,0,148
CTR_009192,Renault,Megane,2020,Hybrid,13021.4,Gray,Mixed,2,181
CTR_009198,Renault,Megane,2023,Gasoline,12638.4,Black,Professional,2,176
CTR_009199,Peugeot,308,2020,Diesel,6826.3,Unknown,Personal,1,95
CTR_009211,Volkswagen,Golf,2018,Gasoline,4893.25,Black,Mixed,0,119
CTR_009213,Renault,Clio,2016,Diesel,5741.94,Black,Personal,2,111
CTR_009214,Renault,Captur,2023,Electric,14093.2,Unknown,Mixed,0,132
CTR_009215,Peugeot,208,2020,Hybrid,7088.73,Black,Personal,0,177
CTR_009218,Peugeot,3008,2019,Gasoline,4881.04,Blue,Professional,2,110
CTR_009222,Renault,Megane,2020,Hybrid,8354.78,Unknown,Personal,0,135
CTR_009231,Volkswagen,Polo,2010,Gasoline,4526.12,White,Professional,0,128
CTR_009232,Volkswagen,Golf,2023,Hybrid,14676.43,Black,Personal,2,156
CTR_009235,BMW,Serie1,2018,Diesel,11061.93,Unknown,Professional,1,135
CTR_009236,Peugeot,308,2022,Hybrid,12846.52,Red,Professional,2,112
CTR_009237,Volkswagen,Tiguan,2014,Gasoline,4404.98,Unknown,Mixed,3,175
CTR_009238,Volkswagen,Golf,2018,Gasoline,4565.61,White,Personal,2,105
CTR_009239,Volkswagen,Tiguan,2014,Hybrid,4125.96,Gray,Mixed,1,127
CTR_009250,Peugeot,308,2021,Gasoline,9421.01,Unknown,Mixed,0,145
CTR_009259,Renault,Megane,2021,Diesel,8418.145,Unknown,Personal,2,98
CTR_009265,Renault,Captur,2020,Electric,6354.83,Unknown,Mixed,0,120
CTR_009267,Peugeot,3008,2024,Diesel,17454.24,Black,Mixed,0,189
CTR_009268,Volkswagen,Tiguan,2016,Electric,5615.3,White,Mixed,0,135
CTR_009269,Volkswagen,Polo,2018,Gasoline,6288.44,Red,Personal,0,125
CTR_009270,Volkswagen,Polo,2018,Diesel,4712.35,Gray,Mixed,3,128
CTR_009272,Peugeot,3008,2013,Hybrid,5946.92,Blue,Personal,2,142
CTR_009273,Peugeot,208,2023,Hybrid,14835.41,Blue,Professional,0,130
CTR_009274,Renault,Megane,2024,Diesel,12811.81,White,Professional,1,108
CTR_009278,Renault,Captur,2023,Gasoline,9958.43,Gray,Professional,0,86
CTR_009280,BMW,X1,2022,Gasoline,23030.37,Unknown,Professional,1,135
CTR_009281,Peugeot,3008,2023,Diesel,12769.71,Red,Mixed,3,139
CTR_009284,Mercedes,GLA,2021,Diesel,20510.57,White,Personal,0,135
CTR_009285,Peugeot,3008,2018,Diesel,4081.68,Black,Mixed,1,135
CTR_009286,Peugeot,3008,2018,Hybrid,4197.27,Gray,Personal,0,135
CTR_009292,BMW,Serie1,2018,Diesel,11014.09,Red,Professional,2,120
CTR_009296,Volkswagen,Polo,2016,Electric,5093.73,Red,Professional,1,116
CTR_009297,Mercedes,ClasseA,2020,Hybrid,18228.96,Red,Personal,0,160
CTR_009303,Renault,Captur,2018,Hybrid,4528.93,White,Professional,0,180
CTR_009304,Mercedes,ClasseC,2022,Hybrid,32128.89,Black,Mixed,0,199
CTR_009310,Volkswagen,Polo,2020,Diesel,9645.42,White,Mixed,3,149
CTR_009315,Volkswagen,Tiguan,2023,Electric,18882.21,Black,Personal,0,101
CTR_009316,Peugeot,3008,2018,Gasoline,8418.145,Red,Personal,3,170
CTR_009317,Renault,Captur,2015,Gasoline,4613.25,Blue,Personal,0,174
CTR_009321,Peugeot,3008,2014,Diesel,4733.03,White,Professional,2,196
CTR_009325,Renault,Clio,2023,Electric,10102.77,Red,Mixed,1,157
CTR_009332,Renault,Megane,2018,Diesel,5639.6,Blue,Personal,0,135
CTR_009337,Peugeot,208,2018,Gasoline,5212.14,White,Personal,0,135
CTR_009340,Mercedes,GLA,2023,Electric,40666.82,Black,Personal,0,163
CTR_009341,Renault,Megane,2018,Electric,4377.84,White,Personal,1,108
CTR_009342,Renault,Clio,2018,Hybrid,5921.2,Red,Mixed,2,165
CTR_009346,Peugeot,3008,2020,Electric,10393.86,Blue,Personal,0,187
CTR_009350,BMW,Serie3,2018,Gasoline,8610.71,White,Mixed,3,187
CTR_009352,Renault,Clio,2019,Electric,5517.06,Black,Mixed,0,113
CTR_009353,Peugeot,208,2020,Diesel,8420.73,Black,Professional,3,118
CTR_009355,Renault,Captur,2021,Diesel,7228.83,Red,Mixed,3,114
CTR_009359,Renault,Megane,2017,Electric,5560.57,Gray,Professional,3,159
CTR_009364,Peugeot,308,2019,Hybrid,7074.43,Red,Personal,0,164
CTR_009371,Peugeot,308,2022,Hybrid,9491.62,White,Mixed,1,135
CTR_009373,Volkswagen,Polo,2012,Hybrid,5796.24,White,Professional,0,131
CTR_009378,Renault,Clio,2021,Electric,8832.57,Unknown,Professional,2,96
CTR_009380,Mercedes,ClasseC,2018,Gasoline,11269.88,Unknown,Professional,3,135
CTR_009382,Renault,Clio,2019,Hybrid,6361.84,Blue,Personal,2,96
CTR_009383,Peugeot,208,2018,Electric,5179.32,Unknown,Professional,2,135
CTR_009384,Renault,Megane,2012,Gasoline,4702.85,Red,Mixed,0,122
CTR_009387,Volkswagen,Polo,2018,Hybrid,6121.0,Gray,Mixed,0,127
CTR_009388,Volkswagen,Golf,2020,Diesel,8895.44,Gray,Personal,1,136
CTR_009390,Volkswagen,Polo,2017,Electric,5332.55,White,Mixed,0,135
CTR_009393,Mercedes,GLA,2019,Hybrid,17757.59,White,Mixed,3,135
CTR_009395,Renault,Captur,2024,Electric,13074.71,White,Personal,0,123
CTR_009402,Renault,Clio,2023,Diesel,14637.31,White,Professional,0,164
CTR_009405,Volkswagen,Polo,2019,Gasoline,8449.93,Red,Personal,3,169
CTR_009406,Peugeot,308,2022,Gasoline,10511.92,Gray,Professional,3,108
CTR_009409,Renault,Clio,2019,Diesel,6644.48,Blue,Personal,3,94
CTR_009410,Peugeot,3008,2012,Electric,5487.99,White,Professional,1,153
CTR_009411,Renault,Megane,2023,Hybrid,13284.14,White,Mixed,2,186
CTR_009417,Volkswagen,Polo,2012,Hybrid,4506.5,Gray,Professional,1,128
CTR_009418,Volkswagen,Tiguan,2023,Electric,17410.95,Red,Mixed,0,137
CTR_009419,Renault,Clio,2013,Gasoline,5802.1,Unknown,Personal,0,143
CTR_009421,BMW,Serie3,2019,Diesel,14218.23,Black,Professional,2,177
CTR_009422,Renault,Megane,2024,Gasoline,13570.66,Black,Personal,0,173
CTR_009424,Renault,Captur,2022,Gasoline,9604.74,White,Personal,0,93
CTR_009432,Peugeot,208,2017,Gasoline,4431.0,Gray,Personal,0,164
CTR_009434,Volkswagen,Golf,2023,Diesel,14387.75,White,Mixed,3,149
CTR_009436,Volkswagen,Polo,2020,Electric,11385.5,Black,Professional,2,148
CTR_009440,Renault,Megane,2020,Electric,6088.29,Black,Professional,0,162
CTR_009443,Volkswagen,Polo,2018,Hybrid,5670.17,Red,Mixed,3,147
CTR_009447,Peugeot,3008,2011,Gasoline,4099.59,White,Personal,1,171
CTR_009448,Renault,Captur,2024,Electric,16709.71,Gray,Professional,3,135
CTR_009449,Peugeot,308,2018,Electric,5418.89,Gray,Mixed,3,188
CTR_009461,Mercedes,ClasseC,2022,Gasoline,31985.0,Gray,Personal,0,99
CTR_009462,BMW,Serie1,2018,Electric,8570.66,White,Professional,1,157
CTR_009468,Volkswagen,Tiguan,2020,Diesel,20224.43,White,Professional,3,135
CTR_009469,Volkswagen,Tiguan,2020,Gasoline,8011.39,Unknown,Personal,3,135
CTR_009470,BMW,X1,2018,Gasoline,9245.9,Black,Mixed,1,126
CTR_009473,Peugeot,3008,2014,Gasoline,4312.22,Blue,Mixed,0,135
CTR_009477,Mercedes,GLA,2018,Electric,10604.75,Blue,Professional,3,135
CTR_009478,Renault,Megane,2019,Hybrid,5844.39,Blue,Professional,1,83
CTR_009481,Volkswagen,Tiguan,2018,Diesel,5571.66,Gray,Personal,0,149
CTR_009482,Renault,Captur,2022,Diesel,10938.11,Blue,Professional,0,169
CTR_009483,Renault,Captur,2024,Gasoline,14403.3,Gray,Mixed,0,119
CTR_009484,Volkswagen,Tiguan,2019,Electric,7182.96,Red,Personal,0,148
CTR_009485,BMW,Serie3,2020,Gasoline,11821.46,Unknown,Mixed,0,108
CTR_009493,Volkswagen,Golf,2018,Gasoline,5648.72,Gray,Personal,0,114
CTR_009494,Renault,Megane,2018,Diesel,5784.74,Red,Personal,3,135
CTR_009497,Renault,Captur,2020,Gasoline,8722.51,Blue,Personal,3,125
CTR_009499,Renault,Captur,2012,Diesel,5571.8,Unknown,Professional,0,71
CTR_009502,Renault,Captur,2020,Diesel,7960.48,Gray,Professional,3,109
CTR_009503,Volkswagen,Golf,2022,Gasoline,8418.145,White,Personal,1,93
CTR_009506,BMW,Serie1,2020,Gasoline,16298.95,Red,Professional,2,99
CTR_009508,Peugeot,3008,2015,Hybrid,5152.9,White,Mixed,1,172
CTR_009509,Volkswagen,Polo,2023,Hybrid,17464.04,Unknown,Personal,3,155
CTR_009510,Volkswagen,Polo,2021,Gasoline,12193.57,Red,Mixed,0,131
CTR_009511,Renault,Captur,2013,Electric,5283.28,Gray,Personal,3,168
CTR_009513,Volkswagen,Tiguan,2022,Electric,17374.89,Black,Personal,0,90
CTR_009514,Volkswagen,Polo,2024,Electric,18699.81,Gray,Mixed,1,148
CTR_009516,Renault,Captur,2023,Hybrid,12252.26,Unknown,Professional,2,135
CTR_009519,Mercedes,ClasseA,2024,Electric,43222.52,Red,Mixed,1,135
CTR_009524,Mercedes,GLA,2023,Electric,31669.07,Blue,Personal,1,151
CTR_009528,Volkswagen,Golf,2019,Diesel,7747.56,Gray,Personal,0,94
CTR_009532,Peugeot,3008,2018,Gasoline,4043.17,Gray,Professional,0,139
CTR_009537,Peugeot,3008,2011,Electric,5034.86,Red,Professional,0,116
CTR_009542,Peugeot,208,2023,Hybrid,14365.0,Black,Mixed,0,171
CTR_009543,Renault,Captur,2021,Gasoline,8485.52,Blue,Personal,0,150
CTR_009545,Renault,Captur,2019,Diesel,8418.145,Gray,Mixed,3,91
CTR_009546,Volkswagen,Tiguan,2014,Diesel,5501.31,White,Mixed,0,179
CTR_009553,Volkswagen,Golf,2018,Gasoline,6684.42,Unknown,Professional,2,161
CTR_009556,Volkswagen,Tiguan,2020,Electric,5702.91,Gray,Mixed,1,117
CTR_009558,Renault,Megane,2018,Hybrid,4808.13,Blue,Professional,3,135
CTR_009560,Volkswagen,Tiguan,2018,Electric,5912.53,Unknown,Professional,3,135
CTR_009564,Mercedes,ClasseA,2019,Diesel,16810.09,Gray,Professional,1,120
CTR_009565,BMW,Serie3,2018,Diesel,12881.42,Gray,Mixed,3,113
CTR_009566,Volkswagen,Polo,2014,Diesel,5415.39,Blue,Personal,0,108
CTR_009567,Volkswagen,Polo,2023,Electric,16238.33,Red,Professional,1,135
CTR_009568,Volkswagen,Golf,2022,Hybrid,13300.06,Gray,Mixed,1,149
CTR_009571,Renault,Captur,2022,Electric,11885.84,Blue,Mixed,3,106
CTR_009574,Renault,Captur,2010,Electric,4795.47,Gray,Professional,1,171
CTR_009575,Renault,Clio,2011,Electric,5254.89,Unknown,Professional,0,113
CTR_009578,Volkswagen,Polo,2022,Diesel,12964.48,Red,Professional,1,133
CTR_009580,Renault,Clio,2015,Electric,5437.41,Unknown,Personal,0,187
CTR_009581,Peugeot,3008,2022,Hybrid,12690.0,White,Professional,2,104
CTR_009583,Renault,Clio,2015,Diesel,5981.08,White,Mixed,2,200
CTR_009585,Volkswagen,Golf,2017,Diesel,5908.43,Black,Mixed,1,163
CTR_009594,Renault,Captur,2010,Hybrid,5427.61,Black,Professional,3,117
CTR_009596,Mercedes,GLA,2018,Hybrid,10203.33,Blue,Professional,3,117
CTR_009597,Renault,Clio,2020,Gasoline,5951.31,White,Personal,3,135
CTR_009598,Renault,Clio,2020,Gasoline,5110.48,Red,Mixed,3,142
CTR_009603,Renault,Clio,2019,Gasoline,6195.8,Unknown,Personal,1,96
CTR_009606,Volkswagen,Golf,2011,Gasoline,4021.25,Gray,Personal,0,135
CTR_009608,Peugeot,308,2024,Electric,15148.81,Black,Professional,3,96
CTR_009610,Renault,Clio,2018,Electric,5765.78,Gray,Personal,3,123
CTR_009620,Volkswagen,Polo,2017,Gasoline,5274.44,Red,Personal,3,107
CTR_009624,Peugeot,3008,2012,Hybrid,5367.56,Black,Professional,0,160
CTR_009625,Renault,Clio,2015,Hybrid,4948.66,Unknown,Professional,2,188
CTR_009629,Peugeot,308,2024,Electric,17658.9,Black,Professional,1,171
CTR_009630,Renault,Clio,2013,Electric,5224.22,Black,Personal,0,151
CTR_009642,Volkswagen,Golf,2014,Electric,4758.19,Black,Personal,3,92
CTR_009644,Renault,Megane,2022,Hybrid,10715.49,Unknown,Professional,0,77
CTR_009646,Volkswagen,Golf,2018,Diesel,5792.49,Gray,Personal,0,186
CTR_009654,Peugeot,308,2019,Diesel,6089.82,Unknown,Mixed,1,141
CTR_009655,Renault,Clio,2018,Diesel,5637.26,Blue,Professional,3,114
CTR_009657,Peugeot,3008,2021,Electric,10884.53,Blue,Mixed,3,92
CTR_009659,Volkswagen,Golf,2021,Hybrid,10914.13,Gray,Personal,1,124
CTR_009671,Peugeot,308,2018,Electric,5192.33,Gray,Mixed,1,168
CTR_009673,Volkswagen,Golf,2019,Electric,9548.48,Black,Professional,3,135
CTR_009675,Renault,Clio,2018,Gasoline,5199.32,Black,Personal,3,170
CTR_009677,Volkswagen,Golf,2024,Electric,21505.31,Red,Personal,1,139
CTR_009681,Peugeot,308,2021,Gasoline,10987.66,Unknown,Mixed,3,145
CTR_009685,Renault,Captur,2020,Hybrid,8347.54,Unknown,Mixed,0,135
CTR_009689,Renault,Clio,2020,Electric,5874.06,Black,Mixed,3,157
CTR_009690,Renault,Clio,2023,Gasoline,11035.0,Black,Professional,0,113
CTR_009691,Peugeot,3008,2021,Hybrid,10993.45,Black,Mixed,1,170
CTR_009697,Volkswagen,Golf,2021,Diesel,13655.56,White,Mixed,2,166
CTR_009700,Volkswagen,Polo,2023,Gasoline,18527.21,Black,Professional,1,135
CTR_009701,Volkswagen,Golf,2014,Hybrid,5719.89,White,Professional,0,104
CTR_009702,Peugeot,308,2013,Gasoline,5613.1,Gray,Personal,3,127
CTR_009706,Mercedes,ClasseA,2019,Electric,17608.64,Blue,Mixed,0,176
CTR_009709,Peugeot,208,2020,Diesel,7861.83,Blue,Mixed,3,102
CTR_009710,Volkswagen,Tiguan,2021,Diesel,14242.07,Red,Mixed,0,147
CTR_009715,Renault,Megane,2018,Diesel,4401.22,Unknown,Mixed,2,135
CTR_009719,Peugeot,3008,2020,Electric,6321.15,Gray,Mixed,1,122
CTR_009720,Volkswagen,Tiguan,2019,Diesel,7974.05,White,Personal,1,110
CTR_009721,Volkswagen,Polo,2020,Electric,23538.88,White,Professional,0,79
CTR_009727,Volkswagen,Tiguan,2010,Gasoline,5772.91,Gray,Personal,1,184
CTR_009733,BMW,Serie1,2021,Gasoline,26719.23,Red,Personal,2,127
CTR_009747,Volkswagen,Polo,2024,Electric,17972.26,Unknown,Professional,0,155
CTR_009749,Peugeot,208,2019,Electric,6468.94,Black,Mixed,1,135
CTR_009750,Peugeot,208,2022,Electric,9374.66,Blue,Professional,0,135
CTR_009754,Mercedes,ClasseA,2021,Diesel,28707.36,Blue,Professional,2,198
CTR_009756,Mercedes,ClasseA,2015,Gasoline,5047.0,Black,Mixed,0,116
CTR_009757,Volkswagen,Polo,2020,Gasoline,8418.145,Gray,Professional,3,95
CTR_009759,Renault,Clio,2023,Electric,11038.69,Gray,Personal,3,95
CTR_009762,Volkswagen,Polo,2020,Electric,19603.92,Red,Personal,0,135
CTR_009770,Renault,Captur,2020,Hybrid,6321.82,Black,Professional,0,199
CTR_009771,Peugeot,208,2024,Hybrid,13723.09,White,Personal,2,135
CTR_009772,Peugeot,208,2020,Gasoline,7162.16,White,Personal,0,130
CTR_009773,Volkswagen,Tiguan,2020,Electric,10723.93,Gray,Professional,3,135
CTR_009774,Peugeot,308,2018,Diesel,4730.22,Black,Personal,2,139
CTR_009775,Mercedes,ClasseC,2018,Hybrid,10925.44,Gray,Mixed,3,146
CTR_009776,Renault,Captur,2019,Gasoline,5648.85,Blue,Professional,2,135
CTR_009780,Peugeot,308,2020,Electric,4934.93,Red,Mixed,0,125
CTR_009794,Renault,Clio,2018,Gasoline,5330.72,Gray,Personal,0,110
CTR_009799,Renault,Captur,2023,Electric,13055.59,White,Mixed,2,139
CTR_009800,Peugeot,3008,2022,Hybrid,13519.5,Blue,Personal,0,135
CTR_009803,Peugeot,3008,2024,Hybrid,12800.32,Red,Professional,3,135
CTR_009804,Peugeot,208,2018,Diesel,4061.93,Blue,Personal,0,190
CTR_009809,Mercedes,GLA,2013,Gasoline,4266.45,Unknown,Personal,1,135
CTR_009812,Renault,Clio,2012,Hybrid,5329.42,Gray,Professional,1,135
CTR_009815,Renault,Captur,2023,Electric,10910.0,Blue,Personal,2,124
CTR_009816,Peugeot,208,2016,Gasoline,4432.64,White,Mixed,3,131
CTR_009824,Peugeot,208,2018,Diesel,5738.8,Gray,Mixed,1,118
CTR_009825,Volkswagen,Tiguan,2014,Electric,8418.145,Blue,Mixed,1,175
CTR_009829,Renault,Megane,2010,Gasoline,4833.59,Blue,Professional,0,135
CTR_009830,Renault,Captur,2011,Gasoline,5368.3,Blue,Professional,1,111
CTR_009831,Volkswagen,Golf,2019,Diesel,7487.81,Blue,Professional,2,137
CTR_009832,Mercedes,GLA,2024,Gasoline,40869.7,Blue,Mixed,2,118
CTR_009835,Volkswagen,Tiguan,2019,Gasoline,8073.21,Red,Personal,2,116
CTR_009837,Peugeot,308,2020,Hybrid,7055.94,Gray,Personal,2,198
CTR_009843,Renault,Captur,2020,Hybrid,7912.18,Red,Professional,0,174
CTR_009844,Volkswagen,Golf,2018,Diesel,6348.41,White,Mixed,2,170
CTR_009846,Mercedes,GLA,2020,Diesel,23158.35,Gray,Personal,3,135
CTR_009849,Volkswagen,Tiguan,2012,Gasoline,4790.58,Blue,Personal,0,139
CTR_009850,Volkswagen,Polo,2023,Hybrid,20648.03,Unknown,Personal,3,128
CTR_009856,Renault,Captur,2021,Electric,10389.89,Blue,Mixed,0,135
CTR_009870,Peugeot,308,2020,Diesel,13601.01,Blue,Professional,2,161
CTR_009871,Renault,Captur,2023,Electric,10466.78,Black,Personal,2,185
CTR_009877,Volkswagen,Tiguan,2019,Gasoline,9260.19,Black,Professional,0,144
CTR_009878,Renault,Megane,2021,Hybrid,9837.57,Red,Mixed,0,110
CTR_009879,Peugeot,208,2010,Diesel,4621.98,Blue,Mixed,0,121
CTR_009880,Volkswagen,Polo,2020,Gasoline,9588.29,Unknown,Professional,1,135
CTR_009887,Renault,Captur,2020,Hybrid,11443.64,Black,Personal,0,179
CTR_009891,Volkswagen,Tiguan,2021,Electric,14650.03,Unknown,Professional,3,189
CTR_009902,Renault,Captur,2022,Hybrid,10487.87,Red,Professional,2,172
CTR_009903,Renault,Captur,2020,Hybrid,5938.43,Red,Mixed,1,135
CTR_009904,Volkswagen,Golf,2020,Diesel,12970.41,Red,Mixed,1,141
CTR_009905,Mercedes,ClasseA,2023,Hybrid,33613.82,Black,Personal,3,155
CTR_009907,Mercedes,ClasseA,2021,Hybrid,21109.67,Black,Personal,3,91
CTR_009913,Renault,Clio,2021,Electric,9887.73,Unknown,Mixed,3,97
CTR_009924,Volkswagen,Tiguan,2018,Electric,8418.145,Red,Mixed,0,128
CTR_009926,Renault,Captur,2017,Hybrid,5661.76,Gray,Personal,3,115
CTR_009935,Volkswagen,Golf,2019,Gasoline,7554.0,White,Personal,3,165
CTR_009937,Peugeot,308,2023,Hybrid,8418.145,Blue,Professional,3,121
CTR_009939,Renault,Megane,2023,Diesel,12543.54,Blue,Personal,1,133
CTR_009941,Volkswagen,Polo,2013,Gasoline,4718.43,Unknown,Mixed,2,139
CTR_009942,Volkswagen,Tiguan,2017,Electric,5798.66,Gray,Mixed,3,94
CTR_009943,Volkswagen,Polo,2014,Hybrid,5534.09,White,Personal,2,141
CTR_009950,Volkswagen,Polo,2020,Diesel,8655.74,Gray,Mixed,0,160
CTR_009951,Peugeot,308,2021,Gasoline,11253.47,Unknown,Personal,0,192
CTR_009957,Peugeot,308,2020,Hybrid,5920.82,Gray,Professional,1,111
CTR_009959,Volkswagen,Polo,2021,Hybrid,11002.69,Blue,Professional,1,135
CTR_009960,Volkswagen,Tiguan,2022,Hybrid,16848.97,Unknown,Mixed,3,194
CTR_009961,Renault,Captur,2013,Hybrid,5035.23,Gray,Personal,1,112
CTR_009965,Peugeot,3008,2021,Electric,10263.3,Red,Personal,3,135
CTR_009966,Peugeot,3008,2024,Hybrid,16164.23,Blue,Personal,0,122
CTR_009967,Peugeot,208,2023,Hybrid,11601.17,Red,Professional,0,156
CTR_009968,Renault,Megane,2020,Hybrid,8651.16,Blue,Professional,0,135
CTR_009970,Volkswagen,Golf,2022,Gasoline,12801.7,Blue,Professional,0,93
CTR_009974,Peugeot,208,2020,Electric,8130.08,Gray,Professional,3,190
CTR_009976,Peugeot,208,2021,Hybrid,8241.91,Red,Mixed,0,135
CTR_009979,Peugeot,308,2024,Diesel,17263.8,White,Personal,1,149
CTR_009986,Peugeot,3008,2012,Electric,4346.49,Red,Personal,3,178
CTR_009993,Volkswagen,Tiguan,2023,Hybrid,17184.9,Unknown,Professional,3,169
CTR_009995,Renault,Captur,2023,Gasoline,10284.11,Gray,Professional,1,132
CTR_009997,Peugeot,308,2012,Hybrid,4896.07,Unknown,Personal,3,142
CTR_009998,BMW,X1,2024,Diesel,28056.87,Gray,Personal,1,106
CTR_009999,Peugeot,208,2014,Electric,4886.94,Red,Personal,0,144
CTR_010000,Renault,Clio,2020,Diesel,7827.0,Red,Mixed,3,119
CTR_010002,Peugeot,308,2018,Diesel,4365.66,Gray,Personal,3,191
CTR_010004,Peugeot,208,2019,Electric,6739.88,Gray,Professional,0,130
CTR_010007,Volkswagen,Tiguan,2012,Gasoline,4948.0,White,Personal,2,171
CTR_010012,Volkswagen,Tiguan,2012,Diesel,4669.96,White,Personal,1,188
CTR_010013,Volkswagen,Tiguan,2017,Hybrid,5341.6,Unknown,Professional,3,183
CTR_010014,BMW,X1,2023,Electric,36900.1,Blue,Professional,3,133
CTR_010015,Peugeot,308,2018,Gasoline,6463.11,Blue,Professional,3,104
CTR_010017,Volkswagen,Tiguan,2015,Electric,5940.21,Blue,Personal,2,174
CTR_010020,Renault,Clio,2022,Hybrid,8598.03,Gray,Personal,3,84
CTR_010023,Renault,Clio,2021,Hybrid,8086.92,Unknown,Professional,0,158
CTR_010024,Renault,Captur,2022,Gasoline,13683.18,Gray,Personal,1,143
CTR_010028,Volkswagen,Polo,2024,Diesel,16386.34,Black,Personal,2,91
CTR_010032,BMW,Serie1,2021,Diesel,21188.69,Black,Professional,3,154
CTR_010035,BMW,Serie3,2021,Gasoline,26140.1,Black,Mixed,0,197
CTR_010038,Volkswagen,Polo,2024,Electric,23863.9,Unknown,Mixed,0,162
CTR_010042,Peugeot,308,2012,Gasoline,4551.54,Unknown,Mixed,1,195
CTR_010043,Peugeot,308,2015,Diesel,5528.37,Unknown,Professional,0,96
CTR_010046,Peugeot,308,2018,Electric,5320.74,Blue,Personal,3,107
CTR_010052,BMW,Serie1,2021,Diesel,23416.68,White,Mixed,3,168
CTR_010053,Volkswagen,Tiguan,2023,Hybrid,19310.26,White,Mixed,2,120
CTR_010054,Peugeot,3008,2021,Hybrid,8655.07,Gray,Personal,2,98
CTR_010057,Renault,Clio,2018,Diesel,4677.37,White,Personal,0,109
CTR_010058,Volkswagen,Polo,2023,Diesel,18025.67,Unknown,Professional,1,139
CTR_010061,BMW,Serie1,2024,Gasoline,34145.0,Gray,Professional,2,80
CTR_010062,Volkswagen,Polo,2010,Diesel,5443.98,Blue,Personal,3,135
CTR_010075,Peugeot,308,2020,Electric,8737.96,Gray,Personal,2,156
CTR_010076,Volkswagen,Golf,2019,Hybrid,8089.63,White,Mixed,1,95
CTR_010089,Mercedes,ClasseC,2019,Gasoline,15321.32,Unknown,Professional,0,132
CTR_010105,Renault,Megane,2019,Diesel,6522.53,Black,Personal,0,145
CTR_010115,Volkswagen,Golf,2023,Diesel,21294.83,Unknown,Professional,2,178
CTR_010120,Volkswagen,Polo,2021,Diesel,13687.0,Blue,Mixed,3,159
CTR_010121,Renault,Megane,2010,Gasoline,4114.6,Black,Personal,0,135
CTR_010122,Volkswagen,Golf,2022,Gasoline,15369.29,Blue,Professional,2,152
CTR_010125,Peugeot,308,2021,Hybrid,8146.57,Blue,Mixed,2,135
CTR_010126,Peugeot,208,2020,Gasoline,8300.78,Gray,Mixed,2,163
CTR_010127,BMW,X1,2011,Gasoline,5059.18,Blue,Mixed,1,115
CTR_010130,Peugeot,308,2020,Gasoline,8544.13,Gray,Mixed,0,116
CTR_010135,Peugeot,208,2023,Gasoline,14668.64,White,Professional,1,173
CTR_010138,Mercedes,ClasseA,2020,Gasoline,19139.41,Gray,Mixed,2,197
CTR_010140,Peugeot,208,2024,Hybrid,17857.6,Gray,Personal,0,107
CTR_010141,Renault,Megane,2018,Electric,5033.39,Black,Mixed,3,193
CTR_010143,Volkswagen,Polo,2021,Hybrid,11355.5,White,Personal,0,108
CTR_010145,Volkswagen,Golf,2012,Hybrid,5550.39,White,Professional,3,195
CTR_010146,Renault,Captur,2018,Diesel,8418.145,Gray,Mixed,2,118
CTR_010150,Volkswagen,Tiguan,2023,Electric,8418.145,White,Personal,0,97
CTR_010151,Peugeot,308,2021,Gasoline,10209.07,Red,Personal,0,104
CTR_010152,Renault,Megane,2017,Diesel,4043.45,White,Personal,2,104
CTR_010153,Renault,Megane,2019,Electric,8418.145,Unknown,Professional,0,199
CTR_010154,Mercedes,ClasseC,2021,Electric,29506.29,Red,Personal,3,96
CTR_010156,Peugeot,3008,2016,Diesel,4464.0,Gray,Personal,1,183
CTR_010159,Peugeot,308,2014,Electric,5811.17,Unknown,Mixed,3,139
CTR_010160,Renault,Clio,2023,Diesel,12713.63,Black,Professional,3,176
CTR_010161,Peugeot,3008,2018,Diesel,5805.82,Gray,Mixed,0,182
CTR_010162,Renault,Clio,2020,Diesel,6205.1,White,Professional,1,105
CTR_010163,BMW,Serie3,2020,Electric,17937.4,Black,Personal,3,199
CTR_010164,Peugeot,208,2021,Hybrid,8818.4,Unknown,Mixed,0,75
CTR_010169,Volkswagen,Golf,2018,Gasoline,6466.7,Red,Professional,0,174
CTR_010170,Renault,Clio,2020,Diesel,6818.62,Black,Personal,1,132
CTR_010171,Volkswagen,Tiguan,2020,Diesel,10768.01,Gray,Personal,0,115
CTR_010173,Peugeot,308,2020,Diesel,8822.24,White,Professional,0,132
CTR_010177,Peugeot,3008,2019,Electric,5349.66,Black,Personal,1,133
CTR_010179,Renault,Megane,2017,Hybrid,4091.48,Red,Professional,1,199
CTR_010180,BMW,Serie1,2020,Electric,18157.34,Gray,Professional,1,143
CTR_010183,Peugeot,3008,2020,Gasoline,16101.99,Unknown,Personal,2,76
CTR_010189,Renault,Clio,2023,Gasoline,13400.52,White,Professional,1,166
CTR_010194,Peugeot,308,2019,Electric,5801.27,Black,Professional,0,176
CTR_010199,Renault,Captur,2020,Diesel,4157.24,White,Mixed,3,151
CTR_010201,Renault,Megane,2018,Hybrid,4806.3,Black,Personal,2,134
CTR_010207,Peugeot,308,2018,Electric,4243.98,White,Professional,1,83
CTR_010208,Peugeot,308,2018,Hybrid,4144.44,Unknown,Mixed,0,168
CTR_010209,Peugeot,3008,2012,Gasoline,4606.87,Red,Professional,0,160
CTR_010211,Peugeot,308,2020,Electric,8664.93,Gray,Personal,2,162
CTR_010217,Mercedes,ClasseA,2023,Gasoline,38978.29,Blue,Mixed,0,160
CTR_010220,Peugeot,308,2024,Hybrid,15648.22,Gray,Professional,2,135
CTR_010224,Renault,Clio,2019,Diesel,6330.78,White,Personal,1,182
CTR_010225,Volkswagen,Polo,2018,Diesel,5601.84,Red,Professional,2,147
CTR_010226,Renault,Captur,2022,Electric,9548.1,Black,Mixed,0,109
CTR_010228,BMW,Serie3,2011,Gasoline,5139.94,Black,Professional,3,135
CTR_010229,Renault,Captur,2012,Diesel,5846.49,Blue,Mixed,3,163
CTR_010230,Volkswagen,Polo,2021,Diesel,10424.98,Gray,Professional,0,136
CTR_010233,BMW,Serie3,2023,Hybrid,36527.06,Unknown,Professional,1,120
CTR_010235,Peugeot,3008,2024,Gasoline,16465.9,Red,Mixed,0,122
CTR_010237,Renault,Megane,2020,Diesel,7822.34,Gray,Personal,1,124
CTR_010239,Peugeot,208,2018,Diesel,5227.67,Black,Mixed,2,180
CTR_010243,Volkswagen,Polo,2018,Electric,5057.33,Red,Professional,3,141
CTR_010244,Peugeot,3008,2023,Hybrid,8418.145,Gray,Professional,2,149
CTR_010246,Peugeot,3008,2011,Diesel,5942.92,White,Mixed,0,111
CTR_010248,Peugeot,3008,2023,Hybrid,15439.43,Blue,Personal,0,96
CTR_010249,Renault,Captur,2019,Gasoline,4723.74,White,Professional,3,125
CTR_010252,Peugeot,208,2018,Gasoline,5473.02,Unknown,Mixed,0,170
CTR_010253,Renault,Captur,2024,Diesel,14317.0,Red,Professional,0,192
CTR_010267,Volkswagen,Golf,2023,Hybrid,19629.89,Unknown,Professional,3,135
CTR_010269,Peugeot,208,2016,Diesel,4704.57,Blue,Personal,2,102
CTR_010271,Peugeot,208,2020,Hybrid,10148.32,Red,Mixed,1,97
CTR_010272,Volkswagen,Polo,2019,Hybrid,7400.35,Blue,Personal,1,144
CTR_010282,Renault,Clio,2024,Gasoline,16865.95,Unknown,Professional,3,200
CTR_010284,Peugeot,3008,2022,Electric,11417.0,White,Professional,0,155
CTR_010285,Renault,Clio,2012,Diesel,5233.77,Blue,Personal,1,135
CTR_010290,Volkswagen,Polo,2021,Gasoline,10832.22,Red,Professional,3,95
CTR_010293,Renault,Megane,2017,Hybrid,5221.68,White,Professional,2,165
CTR_010294,Renault,Megane,2023,Hybrid,13896.41,Blue,Mixed,0,135
CTR_010295,Volkswagen,Polo,2022,Diesel,16531.07,Blue,Professional,1,95
CTR_010297,Volkswagen,Polo,2013,Diesel,5032.95,Unknown,Mixed,1,173
CTR_010299,Volkswagen,Tiguan,2018,Hybrid,6344.32,Gray,Mixed,0,180
CTR_010304,Renault,Megane,2021,Gasoline,10555.87,Black,Personal,0,190
CTR_010305,Peugeot,208,2018,Gasoline,5764.04,White,Professional,1,116
CTR_010307,Renault,Captur,2016,Diesel,4782.7,Unknown,Professional,0,175
CTR_010311,Volkswagen,Polo,2015,Gasoline,6076.85,White,Mixed,2,132
CTR_010314,Volkswagen,Tiguan,2023,Gasoline,16649.81,White,Mixed,3,133
CTR_010319,Peugeot,208,2023,Gasoline,15117.0,Black,Mixed,2,198
CTR_010321,Renault,Captur,2018,Gasoline,4750.78,Gray,Mixed,0,90
CTR_010324,Volkswagen,Golf,2024,Diesel,17488.33,White,Mixed,1,157
CTR_010325,Renault,Clio,2023,Diesel,8418.145,Blue,Mixed,0,135
CTR_010326,Peugeot,308,2020,Hybrid,7327.62,Red,Personal,3,135
CTR_010329,Volkswagen,Tiguan,2017,Gasoline,5173.85,Gray,Mixed,0,135
CTR_010330,Volkswagen,Polo,2019,Hybrid,8245.01,Red,Mixed,2,135
CTR_010334,Volkswagen,Tiguan,2019,Diesel,7970.6,Gray,Mixed,1,103
CTR_010336,Volkswagen,Golf,2013,Diesel,5207.46,Red,Personal,2,142
CTR_010338,Peugeot,308,2020,Electric,9282.98,Black,Personal,3,118
CTR_010341,Renault,Captur,2023,Gasoline,11744.79,Red,Professional,3,145
CTR_010345,Peugeot,308,2014,Hybrid,4845.55,Unknown,Mixed,1,143
CTR_010346,Renault,Captur,2018,Electric,4548.06,Red,Professional,0,138
CTR_010347,Mercedes,ClasseC,2024,Electric,34951.28,Blue,Mixed,2,123
CTR_010348,Volkswagen,Tiguan,2020,Diesel,9523.02,Red,Personal,2,142
CTR_010353,Mercedes,GLA,2019,Electric,14160.88,White,Professional,2,186
CTR_010359,Peugeot,3008,2023,Electric,12843.44,Blue,Personal,0,135
CTR_010360,Peugeot,3008,2012,Gasoline,4466.63,White,Personal,1,183
CTR_010361,Peugeot,308,2018,Electric,5034.7,Red,Professional,3,135
CTR_010363,Volkswagen,Polo,2020,Hybrid,18290.48,Unknown,Personal,2,175
CTR_010365,Peugeot,3008,2022,Electric,11056.53,Black,Personal,1,111
CTR_010367,Mercedes,ClasseA,2023,Diesel,29979.96,Unknown,Professional,0,94
CTR_010368,Peugeot,3008,2024,Hybrid,12983.71,Gray,Personal,3,135
CTR_010372,Renault,Megane,2019,Electric,5855.62,Blue,Mixed,3,137
CTR_010374,Peugeot,208,2018,Gasoline,5130.65,Red,Mixed,3,135
CTR_010375,Peugeot,308,2018,Diesel,4342.43,White,Professional,3,130
CTR_010376,Peugeot,308,2019,Hybrid,5507.54,Red,Personal,2,100
CTR_010381,Volkswagen,Tiguan,2021,Electric,11373.98,White,Mixed,3,85
CTR_010383,Renault,Clio,2020,Hybrid,8146.19,Black,Professional,2,169
CTR_010384,Peugeot,3008,2018,Diesel,8418.145,Unknown,Personal,3,98
CTR_010391,BMW,X1,2016,Diesel,4811.93,Gray,Professional,0,96
CTR_010392,Volkswagen,Golf,2020,Gasoline,8527.67,Gray,Personal,2,136
CTR_010395,Peugeot,308,2019,Hybrid,5581.31,Red,Mixed,1,188
CTR_010397,Peugeot,3008,2023,Electric,12554.82,Gray,Professional,1,139
CTR_010402,BMW,Serie1,2013,Diesel,5595.8,White,Mixed,1,111
CTR_010403,Volkswagen,Polo,2019,Gasoline,8942.5,Gray,Mixed,0,107
CTR_010406,Peugeot,3008,2015,Diesel,5209.0,Red,Mixed,0,196
CTR_010407,Volkswagen,Polo,2014,Electric,5117.96,Unknown,Mixed,1,91
CTR_010414,Peugeot,3008,2024,Electric,13086.06,Gray,Mixed,3,85
CTR_010417,Renault,Megane,2024,Hybrid,13849.83,White,Personal,1,160
CTR_010420,Renault,Clio,2020,Gasoline,12736.0,Unknown,Professional,3,135
CTR_010421,Renault,Clio,2022,Hybrid,11617.82,White,Professional,1,122
CTR_010422,Volkswagen,Polo,2013,Gasoline,5255.88,Black,Personal,0,183
CTR_010428,Renault,Clio,2023,Electric,11717.15,Unknown,Professional,3,131
CTR_010431,Peugeot,308,2020,Diesel,13385.3,Blue,Professional,3,109
CTR_010435,BMW,Serie3,2024,Electric,33895.05,Gray,Personal,0,135
CTR_010437,Peugeot,308,2020,Hybrid,6696.88,Red,Personal,0,140
CTR_010442,Mercedes,ClasseA,2023,Diesel,39153.25,Blue,Mixed,3,164
CTR_010443,Peugeot,308,2021,Hybrid,11129.28,Gray,Mixed,3,136
CTR_010446,Volkswagen,Polo,2023,Hybrid,20629.64,Unknown,Personal,1,170
CTR_010447,Peugeot,208,2023,Diesel,14726.94,White,Personal,1,135
CTR_010450,Peugeot,308,2021,Gasoline,10835.08,Black,Personal,3,135
CTR_010452,Renault,Megane,2024,Gasoline,11512.06,Red,Professional,0,113
CTR_010458,Peugeot,3008,2015,Hybrid,5563.78,Red,Mixed,1,154
CTR_010460,Volkswagen,Tiguan,2019,Electric,7370.92,Blue,Personal,3,119
CTR_010461,Volkswagen,Polo,2021,Diesel,10945.64,Unknown,Professional,1,185
CTR_010462,Peugeot,308,2021,Diesel,9684.08,Blue,Professional,3,163
CTR_010464,Peugeot,208,2011,Diesel,5140.0,Blue,Personal,1,188
CTR_010467,Peugeot,3008,2020,Diesel,7752.61,Red,Personal,3,97
CTR_010471,Renault,Clio,2018,Gasoline,8418.145,White,Mixed,3,104
CTR_010474,Volkswagen,Polo,2024,Hybrid,21713.75,Blue,Personal,0,86
CTR_010484,BMW,Serie1,2020,Gasoline,8377.48,Blue,Personal,1,189
CTR_010485,Renault,Captur,2018,Hybrid,5233.85,Unknown,Professional,1,119
CTR_010489,Peugeot,3008,2024,Hybrid,12326.71,Red,Personal,2,90
CTR_010490,Renault,Captur,2019,Electric,5485.23,Red,Mixed,1,93
CTR_010494,Renault,Megane,2024,Electric,11760.28,Unknown,Professional,3,146
CTR_010503,Renault,Megane,2021,Electric,9657.36,Unknown,Personal,0,134
CTR_010506,BMW,Serie1,2019,Gasoline,12182.48,Black,Personal,2,100
CTR_010508,Renault,Clio,2024,Electric,15312.81,Blue,Mixed,3,98
CTR_010515,Volkswagen,Tiguan,2017,Electric,5799.16,Gray,Professional,3,116
CTR_010517,Peugeot,208,2020,Electric,8331.0,White,Mixed,3,126
CTR_010523,Peugeot,308,2012,Electric,5473.31,Red,Personal,3,135
CTR_010525,Peugeot,3008,2022,Hybrid,9786.47,Blue,Professional,0,126
CTR_010526,Volkswagen,Golf,2011,Electric,8418.145,Blue,Professional,0,108
CTR_010529,Volkswagen,Tiguan,2018,Hybrid,5881.2,White,Mixed,2,135
CTR_010531,Peugeot,308,2019,Hybrid,8418.145,Red,Personal,0,134
CTR_010532,Peugeot,3008,2024,Gasoline,12342.91,Black,Mixed,0,150
CTR_010533,Renault,Clio,2018,Electric,4725.29,Black,Mixed,3,98
CTR_010534,Volkswagen,Polo,2010,Hybrid,4940.32,Blue,Mixed,0,113
CTR_010538,Renault,Clio,2013,Gasoline,4782.8,Gray,Personal,1,117
CTR_010539,Mercedes,ClasseC,2011,Hybrid,5331.0,Blue,Mixed,2,126
CTR_010541,Renault,Captur,2022,Hybrid,12292.06,Red,Personal,0,135
CTR_010542,Volkswagen,Tiguan,2021,Diesel,13658.43,Black,Mixed,0,166
CTR_010544,Renault,Captur,2024,Gasoline,14503.79,White,Mixed,0,96
CTR_010545,Mercedes,ClasseA,2024,Gasoline,34385.05,Red,Professional,3,142
CTR_010549,Volkswagen,Polo,2024,Diesel,18790.78,Gray,Mixed,2,173
CTR_010554,Renault,Megane,2023,Diesel,8418.145,Unknown,Professional,1,135
CTR_010556,Renault,Captur,2024,Diesel,16430.66,Blue,Professional,2,134
CTR_010559,Volkswagen,Tiguan,2021,Diesel,11800.48,Black,Professional,1,186
CTR_010562,Volkswagen,Tiguan,2021,Gasoline,8418.145,Unknown,Personal,2,111
CTR_010565,Peugeot,208,2018,Diesel,5179.12,Blue,Professional,0,154
CTR_010572,Peugeot,208,2023,Diesel,15310.42,Gray,Professional,0,125
CTR_010573,Peugeot,3008,2021,Gasoline,9765.89,White,Personal,0,135
CTR_010576,Renault,Captur,2020,Gasoline,6965.08,Black,Mixed,1,140
CTR_010577,Volkswagen,Polo,2020,Electric,8633.99,Unknown,Mixed,2,135
CTR_010592,Peugeot,208,2020,Gasoline,8418.145,Red,Professional,0,198
CTR_010600,Volkswagen,Golf,2018,Diesel,5980.67,Blue,Mixed,1,190
CTR_010603,Volkswagen,Golf,2020,Gasoline,12505.99,Gray,Professional,2,144
CTR_010604,Volkswagen,Tiguan,2019,Hybrid,8718.4,Gray,Personal,1,102
CTR_010607,Volkswagen,Tiguan,2021,Electric,13924.23,Black,Mixed,1,127
CTR_010611,Volkswagen,Polo,2012,Gasoline,5544.25,Black,Professional,3,120
CTR_010612,BMW,X1,2018,Hybrid,8418.145,Red,Personal,1,169
CTR_010613,Peugeot,308,2012,Gasoline,4304.06,Black,Personal,2,135
CTR_010618,Peugeot,3008,2018,Gasoline,5913.49,Red,Professional,2,127
CTR_010619,Peugeot,308,2020,Hybrid,9355.39,Blue,Personal,2,119
CTR_010620,Mercedes,GLA,2018,Gasoline,9024.9,Black,Personal,0,108
CTR_010621,Renault,Captur,2020,Hybrid,6089.88,Blue,Mixed,1,153
CTR_010623,Renault,Captur,2019,Gasoline,5452.05,Black,Personal,0,166
CTR_010624,Renault,Megane,2021,Electric,7291.35,Blue,Professional,2,93
CTR_010627,Volkswagen,Tiguan,2020,Hybrid,11377.17,Gray,Mixed,0,174
CTR_010630,Volkswagen,Polo,2022,Electric,16116.44,Black,Professional,0,135
CTR_010633,Volkswagen,Polo,2010,Diesel,5551.71,White,Personal,1,128
CTR_010635,Mercedes,ClasseA,2020,Diesel,24946.83,White,Mixed,3,185
CTR_010640,Renault,Captur,2019,Diesel,6570.85,Red,Personal,0,99
CTR_010641,Volkswagen,Polo,2023,Electric,16190.94,Gray,Professional,3,157
CTR_010643,Volkswagen,Tiguan,2024,Gasoline,19171.71,Blue,Personal,0,147
CTR_010644,Renault,Clio,2010,Diesel,5551.0,Black,Professional,1,152
CTR_010645,Mercedes,ClasseA,2020,Diesel,4776.3,Unknown,Personal,1,135
CTR_010646,Peugeot,208,2010,Diesel,5937.0,Blue,Mixed,2,142
CTR_010647,Renault,Megane,2021,Gasoline,10460.0,Blue,Professional,2,136
CTR_010648,Peugeot,3008,2020,Diesel,7506.34,Gray,Professional,1,155
CTR_010649,Peugeot,308,2024,Electric,15363.11,White,Professional,0,135
CTR_010656,Volkswagen,Golf,2013,Hybrid,5682.92,Gray,Mixed,3,135
CTR_010657,Mercedes,GLA,2016,Diesel,4955.34,Gray,Mixed,1,113
CTR_010660,Volkswagen,Golf,2019,Gasoline,7325.22,Red,Personal,0,135
CTR_010661,Peugeot,208,2016,Electric,4516.34,Red,Personal,2,135
CTR_010669,Volkswagen,Tiguan,2018,Diesel,4641.02,Unknown,Personal,0,109
CTR_010673,Peugeot,208,2016,Electric,4660.0,Blue,Professional,1,170
CTR_010674,Peugeot,308,2010,Diesel,5371.72,Blue,Mixed,2,191
CTR_010677,Peugeot,208,2020,Diesel,6423.59,Unknown,Personal,2,135
CTR_010678,Renault,Captur,2023,Hybrid,11207.71,White,Mixed,0,132
CTR_010692,Peugeot,3008,2016,Gasoline,4223.2,Red,Professional,3,156
CTR_010703,Volkswagen,Golf,2018,Gasoline,5386.03,Gray,Mixed,0,141
CTR_010704,Volkswagen,Tiguan,2019,Gasoline,7368.73,White,Personal,2,76
CTR_010710,Volkswagen,Golf,2021,Electric,14059.78,Blue,Mixed,0,135
CTR_010712,Renault,Megane,2023,Hybrid,14429.3,White,Professional,0,147
CTR_010713,Peugeot,208,2022,Hybrid,9997.04,Gray,Mixed,3,67
CTR_010714,BMW,Serie1,2024,Hybrid,31508.09,Black,Professional,3,147
CTR_010715,Peugeot,3008,2023,Gasoline,11405.62,Blue,Mixed,3,199
CTR_010716,Volkswagen,Tiguan,2013,Diesel,4374.86,Blue,Personal,0,139
CTR_010721,Peugeot,3008,2022,Hybrid,10540.74,Unknown,Mixed,1,135
CTR_010723,Peugeot,208,2015,Diesel,4562.34,Blue,Mixed,1,129
CTR_010724,Volkswagen,Polo,2022,Hybrid,15952.02,White,Professional,0,115
CTR_010728,Volkswagen,Golf,2023,Diesel,17775.6,Gray,Personal,0,174
CTR_010732,Renault,Megane,2022,Hybrid,11608.39,Black,Mixed,3,200
CTR_010734,Volkswagen,Polo,2024,Diesel,23075.91,Blue,Mixed,0,183
CTR_010735,Mercedes,ClasseA,2018,Electric,11018.02,Blue,Mixed,3,119
CTR_010740,Volkswagen,Golf,2021,Gasoline,14893.94,Red,Professional,3,102
CTR_010747,Peugeot,208,2012,Gasoline,5359.51,Black,Mixed,2,135
CTR_010752,Volkswagen,Golf,2021,Diesel,13972.01,Blue,Mixed,2,129
CTR_010753,Peugeot,308,2015,Electric,5044.49,Black,Professional,3,155
CTR_010755,Renault,Clio,2014,Hybrid,5046.44,Black,Mixed,0,153
CTR_010761,Renault,Megane,2021,Hybrid,9074.59,Blue,Mixed,3,108
CTR_010770,Peugeot,208,2011,Diesel,4983.96,Gray,Professional,0,182
CTR_010771,Peugeot,3008,2024,Electric,14753.27,Unknown,Professional,2,177
CTR_010774,BMW,Serie1,2021,Gasoline,24860.06,Gray,Personal,0,135
CTR_010775,Renault,Megane,2023,Gasoline,11766.5,Red,Mixed,1,173
CTR_010776,Peugeot,308,2021,Hybrid,8473.86,White,Professional,2,195
CTR_010777,Volkswagen,Polo,2018,Diesel,4783.68,Gray,Professional,2,142
CTR_010778,Peugeot,3008,2022,Gasoline,14443.97,Black,Personal,1,180
CTR_010783,Peugeot,3008,2024,Electric,17177.3,Gray,Mixed,1,135
CTR_010784,Renault,Clio,2019,Gasoline,5025.76,Unknown,Professional,3,174
CTR_010789,Renault,Clio,2019,Diesel,4744.78,White,Professional,3,85
CTR_010790,Renault,Megane,2022,Gasoline,13859.68,Blue,Personal,0,112
CTR_010793,Volkswagen,Polo,2020,Gasoline,10325.0,White,Mixed,0,146
CTR_010798,Renault,Megane,2021,Hybrid,7502.66,Black,Mixed,3,118
CTR_010802,Renault,Megane,2022,Gasoline,9428.35,White,Professional,2,169
CTR_010804,Peugeot,208,2019,Gasoline,6489.0,Gray,Personal,0,142
CTR_010805,Volkswagen,Golf,2020,Gasoline,8658.28,Red,Personal,1,135
CTR_010806,Peugeot,308,2019,Diesel,5839.35,Gray,Professional,0,125
CTR_010809,Volkswagen,Polo,2024,Electric,19420.66,Black,Personal,1,158
CTR_010812,Volkswagen,Tiguan,2016,Electric,5371.36,Blue,Personal,3,91
CTR_010816,Peugeot,308,2015,Hybrid,4398.81,Gray,Personal,3,134
CTR_010817,Volkswagen,Golf,2020,Diesel,12412.49,Black,Professional,2,135
CTR_010818,Volkswagen,Tiguan,2020,Diesel,8965.96,Gray,Personal,0,107
CTR_010820,Renault,Captur,2019,Electric,5820.34,White,Professional,3,146
CTR_010821,Peugeot,308,2013,Hybrid,4656.2,Red,Professional,2,136
CTR_010822,Volkswagen,Tiguan,2018,Electric,8418.145,Blue,Personal,0,181
CTR_010828,Peugeot,3008,2015,Gasoline,5077.77,Gray,Professional,3,135
CTR_010834,Renault,Megane,2020,Electric,4859.71,Gray,Mixed,1,125
CTR_010837,Volkswagen,Golf,2020,Diesel,11148.17,Blue,Mixed,1,139
CTR_010843,BMW,X1,2018,Gasoline,7967.13,White,Mixed,0,173
CTR_010847,Peugeot,308,2011,Diesel,5020.79,White,Personal,2,135
CTR_010849,Peugeot,3008,2022,Electric,10118.56,Gray,Professional,3,190
CTR_010853,Mercedes,ClasseC,2011,Electric,5899.0,Gray,Professional,2,192
CTR_010854,Peugeot,3008,2020,Diesel,6505.28,Unknown,Mixed,0,182
CTR_010855,Peugeot,308,2023,Gasoline,14547.89,Red,Professional,3,148
CTR_010857,Renault,Clio,2018,Electric,5951.77,Blue,Personal,1,199
CTR_010861,Renault,Captur,2018,Electric,5331.79,White,Mixed,0,135
CTR_010864,Peugeot,308,2021,Electric,8210.1,White,Personal,0,128
CTR_010865,Volkswagen,Tiguan,2022,Hybrid,18224.0,Blue,Mixed,0,96
CTR_010866,Peugeot,3008,2021,Diesel,10204.32,Gray,Professional,2,135
CTR_010867,Peugeot,308,2018,Electric,5794.76,Unknown,Professional,3,115
CTR_010869,Renault,Megane,2014,Gasoline,5007.61,Blue,Professional,2,163
CTR_010870,Volkswagen,Polo,2011,Electric,4571.94,Gray,Mixed,3,135
CTR_010872,Renault,Clio,2020,Gasoline,7097.21,Unknown,Professional,0,123
CTR_010880,Renault,Clio,2018,Diesel,4798.32,White,Professional,0,171
CTR_010881,Peugeot,3008,2022,Hybrid,9192.77,White,Personal,1,90
CTR_010882,Peugeot,308,2019,Electric,6419.85,Red,Mixed,0,135
CTR_010891,Volkswagen,Tiguan,2022,Diesel,16644.9,Gray,Personal,2,127
CTR_010894,BMW,Serie3,2018,Hybrid,8000.38,Black,Mixed,1,135
CTR_010897,Volkswagen,Tiguan,2019,Diesel,7187.02,White,Personal,0,135
CTR_010898,Renault,Megane,2020,Electric,7758.84,Blue,Professional,3,99
CTR_010900,Peugeot,308,2022,Gasoline,10587.84,Blue,Personal,3,103
CTR_010901,Peugeot,3008,2018,Electric,5867.0,Unknown,Mixed,0,75
CTR_010903,Volkswagen,Tiguan,2021,Hybrid,8418.145,Black,Personal,3,189
CTR_010904,Renault,Megane,2018,Diesel,5856.17,Red,Personal,2,153
CTR_010907,Peugeot,308,2019,Hybrid,6993.5,Unknown,Professional,3,91
CTR_010908,Peugeot,208,2023,Hybrid,15606.44,Unknown,Personal,2,115
CTR_010911,Volkswagen,Polo,2018,Gasoline,4652.99,White,Mixed,1,100
CTR_010915,Peugeot,208,2020,Diesel,4544.8,Blue,Professional,0,160
CTR_010916,Peugeot,208,2020,Electric,4502.64,Black,Mixed,1,102
CTR_010918,Renault,Clio,2019,Electric,6463.06,Blue,Mixed,1,100
CTR_010919,Peugeot,308,2017,Gasoline,5614.35,Unknown,Personal,0,118
CTR_010920,Peugeot,208,2021,Electric,8290.16,Red,Professional,1,135
CTR_010922,Volkswagen,Golf,2013,Electric,4282.96,Blue,Personal,0,94
CTR_010923,Volkswagen,Tiguan,2018,Gasoline,5542.0,Blue,Mixed,0,164
CTR_010924,Peugeot,208,2020,Electric,6780.82,Unknown,Professional,0,130
CTR_010925,Renault,Megane,2021,Diesel,8873.63,Black,Professional,1,151
CTR_010932,Volkswagen,Tiguan,2018,Gasoline,6372.12,Red,Professional,1,135
CTR_010935,Renault,Captur,2021,Diesel,8959.69,Black,Personal,0,112
CTR_010937,Renault,Megane,2020,Gasoline,7933.58,Black,Personal,2,185
CTR_010939,Mercedes,ClasseA,2020,Diesel,18720.6,Gray,Mixed,1,126
CTR_010940,Peugeot,208,2023,Hybrid,13159.69,Black,Mixed,3,117
CTR_010945,Volkswagen,Golf,2018,Diesel,5810.07,Black,Professional,1,135
CTR_010946,Volkswagen,Tiguan,2018,Diesel,6389.44,Black,Professional,2,135
CTR_010950,Peugeot,208,2017,Electric,5062.0,Black,Professional,0,111
CTR_010951,Volkswagen,Polo,2010,Diesel,4396.56,Unknown,Professional,2,197
CTR_010953,Renault,Captur,2018,Gasoline,4435.0,Blue,Personal,2,77
CTR_010962,Mercedes,ClasseC,2019,Diesel,16748.9,Black,Professional,3,129
CTR_010964,Volkswagen,Golf,2020,Diesel,8750.12,Gray,Mixed,0,139
CTR_010965,Renault,Clio,2024,Electric,11566.67,Blue,Mixed,2,176
CTR_010966,Renault,Megane,2017,Hybrid,4205.59,Unknown,Personal,0,74
CTR_010968,Mercedes,ClasseA,2021,Electric,24497.61,Red,Professional,1,112
CTR_010970,Mercedes,GLA,2024,Electric,37669.92,Blue,Mixed,0,135
CTR_010971,Peugeot,208,2018,Hybrid,4004.29,Unknown,Professional,1,131
CTR_010977,Mercedes,ClasseA,2022,Hybrid,28914.53,Blue,Professional,0,167
CTR_010984,BMW,Serie1,2018,Electric,9202.25,Unknown,Personal,0,139
CTR_010990,Volkswagen,Tiguan,2020,Gasoline,17106.92,Gray,Mixed,3,135
CTR_010991,Volkswagen,Golf,2021,Gasoline,13529.74,Red,Professional,1,135
CTR_010994,Peugeot,308,2020,Diesel,10577.46,Unknown,Professional,0,118
CTR_010995,Peugeot,208,2020,Hybrid,8773.19,Black,Mixed,1,135
CTR_010999,BMW,X1,2024,Diesel,33824.28,Unknown,Professional,3,135
CTR_011004,Volkswagen,Golf,2015,Electric,5288.95,Gray,Mixed,3,172
CTR_011006,Renault,Clio,2010,Hybrid,5664.99,White,Mixed,3,129
CTR_011009,Volkswagen,Golf,2021,Hybrid,14611.04,Blue,Personal,1,164
CTR_011010,Peugeot,308,2015,Gasoline,5714.03,White,Professional,0,80
CTR_011015,Renault,Clio,2022,Diesel,10617.22,Gray,Professional,2,164
CTR_011016,Peugeot,308,2023,Hybrid,14051.78,Gray,Personal,2,106
CTR_011021,Renault,Megane,2019,Gasoline,5184.86,Gray,Personal,3,135
CTR_011028,Volkswagen,Polo,2020,Electric,9157.9,Gray,Mixed,3,135
CTR_011030,Renault,Captur,2020,Electric,9419.85,Blue,Professional,1,126
CTR_011031,Volkswagen,Polo,2019,Diesel,9812.72,White,Professional,0,193
CTR_011032,Mercedes,ClasseC,2024,Hybrid,39516.6,Unknown,Mixed,0,198
CTR_011045,Volkswagen,Tiguan,2011,Diesel,4597.57,Unknown,Professional,2,130
CTR_011046,Renault,Clio,2021,Electric,8528.7,White,Personal,1,144
CTR_011048,Renault,Megane,2011,Gasoline,5176.54,Black,Professional,2,191
CTR_011049,Renault,Captur,2021,Hybrid,8418.145,Blue,Mixed,0,129
CTR_011050,Volkswagen,Golf,2012,Hybrid,4195.09,Black,Personal,0,135
CTR_011056,Renault,Clio,2020,Hybrid,8501.52,White,Mixed,0,135
CTR_011060,Mercedes,GLA,2021,Electric,28832.86,Black,Personal,0,90
CTR_011062,Peugeot,308,2024,Diesel,15523.94,White,Personal,1,158
CTR_011064,Peugeot,208,2010,Electric,4260.0,Blue,Mixed,3,153
CTR_011068,Volkswagen,Polo,2010,Diesel,5624.91,Unknown,Mixed,0,135
CTR_011079,Renault,Clio,2018,Diesel,5381.26,Red,Mixed,0,135
CTR_011081,Renault,Clio,2014,Hybrid,4994.64,Gray,Personal,2,107
CTR_011082,Volkswagen,Polo,2020,Gasoline,12005.21,Black,Professional,0,135
CTR_011083,Peugeot,308,2024,Electric,15986.73,Black,Mixed,3,135
CTR_011084,Peugeot,3008,2023,Hybrid,12083.98,Unknown,Professional,2,122
CTR_011085,Renault,Captur,2021,Hybrid,7324.33,Black,Personal,2,135
CTR_011086,Volkswagen,Polo,2023,Hybrid,19425.71,Unknown,Personal,2,167
CTR_011092,Renault,Megane,2015,Electric,4510.94,Black,Mixed,1,106
CTR_011093,Volkswagen,Polo,2019,Hybrid,7297.66,Blue,Personal,3,162
CTR_011097,Renault,Clio,2011,Gasoline,4899.43,Blue,Professional,0,105
CTR_011100,Mercedes,ClasseA,2018,Electric,12319.86,Red,Professional,1,96
CTR_011101,Volkswagen,Polo,2024,Electric,23394.56,Gray,Professional,3,165
CTR_011103,Volkswagen,Tiguan,2021,Electric,11347.31,Black,Professional,1,176
CTR_011105,BMW,Serie3,2021,Electric,25822.87,Blue,Personal,2,144
CTR_011107,Peugeot,308,2024,Gasoline,15626.0,Red,Personal,0,191
CTR_011110,Peugeot,208,2020,Electric,8909.41,Blue,Personal,1,177
CTR_011113,Volkswagen,Polo,2023,Gasoline,20051.38,Black,Personal,0,161
CTR_011115,Volkswagen,Polo,2017,Electric,4784.77,Unknown,Professional,1,113
CTR_011117,Volkswagen,Golf,2018,Hybrid,5999.02,White,Personal,1,153
CTR_011118,Renault,Clio,2022,Diesel,12540.76,Red,Mixed,3,137
CTR_011121,Renault,Clio,2018,Electric,5344.77,Red,Professional,0,155
CTR_011123,Renault,Megane,2020,Electric,4916.32,Red,Professional,0,80
CTR_011124,Renault,Captur,2016,Hybrid,4743.92,Unknown,Mixed,3,140
CTR_011125,Renault,Megane,2020,Electric,4286.63,Black,Professional,2,182
CTR_011126,Volkswagen,Polo,2024,Electric,23990.37,Blue,Mixed,1,135
CTR_011127,Peugeot,208,2022,Hybrid,12119.65,Black,Personal,0,132
CTR_011129,Volkswagen,Tiguan,2015,Electric,8418.145,Gray,Personal,1,195
CTR_011132,Peugeot,308,2023,Gasoline,10953.09,Unknown,Personal,1,126
CTR_011134,Renault,Clio,2024,Diesel,15421.95,Black,Personal,1,129
CTR_011135,Peugeot,308,2023,Hybrid,16582.26,White,Mixed,3,124
CTR_011136,Renault,Clio,2024,Hybrid,13595.66,Gray,Mixed,0,185
CTR_011140,Peugeot,3008,2018,Electric,5912.16,Black,Mixed,3,135
CTR_011141,Volkswagen,Polo,2013,Diesel,4656.96,White,Mixed,0,100
CTR_011149,Peugeot,208,2023,Gasoline,16007.2,Unknown,Professional,1,125
CTR_011150,Renault,Clio,2016,Hybrid,4525.96,Black,Personal,2,123
CTR_011152,Renault,Megane,2022,Electric,9941.75,Gray,Mixed,1,148
CTR_011153,BMW,Serie1,2020,Gasoline,23344.3,Gray,Personal,2,173
CTR_011161,Peugeot,208,2022,Diesel,10215.92,Gray,Professional,3,110
CTR_011163,Volkswagen,Tiguan,2018,Hybrid,4952.24,Red,Personal,3,129
CTR_011164,Renault,Clio,2019,Hybrid,4875.01,Gray,Personal,1,156
CTR_011166,Renault,Captur,2019,Electric,5214.69,Blue,Mixed,1,139
CTR_011167,Renault,Megane,2022,Gasoline,11820.89,Black,Professional,0,117
CTR_011168,Renault,Clio,2011,Hybrid,6396.72,Black,Personal,3,147
CTR_011176,Renault,Captur,2020,Gasoline,5860.9,Black,Professional,0,99
CTR_011178,Renault,Megane,2024,Hybrid,12640.56,Red,Mixed,2,135
CTR_011185,Volkswagen,Polo,2014,Hybrid,4050.78,Gray,Personal,3,81
CTR_011187,Peugeot,308,2024,Gasoline,17167.46,White,Mixed,0,170
CTR_011188,Renault,Captur,2019,Diesel,4925.16,White,Mixed,3,135
CTR_011189,Renault,Captur,2019,Electric,6206.36,Gray,Personal,2,149
CTR_011192,Peugeot,208,2010,Electric,4066.61,Black,Personal,2,158
CTR_011194,Peugeot,3008,2010,Gasoline,4796.77,Gray,Professional,0,71
CTR_011195,Peugeot,308,2022,Hybrid,10755.0,Red,Mixed,0,120
CTR_011196,Mercedes,ClasseC,2014,Gasoline,4658.0,Unknown,Personal,1,128
CTR_011199,Peugeot,3008,2021,Hybrid,9869.48,White,Professional,0,192
CTR_011209,Renault,Megane,2023,Diesel,11784.0,Blue,Professional,2,194
CTR_011216,Mercedes,GLA,2020,Electric,19994.88,Blue,Professional,0,95
CTR_011223,Renault,Megane,2018,Gasoline,4378.41,Gray,Professional,0,115
CTR_011224,Volkswagen,Polo,2012,Gasoline,4829.01,Black,Professional,0,125
CTR_011227,Peugeot,3008,2021,Gasoline,10525.79,Black,Mixed,2,80
CTR_011234,Renault,Megane,2023,Gasoline,11448.17,Gray,Personal,0,100
CTR_011236,Volkswagen,Polo,2013,Gasoline,5714.17,White,Mixed,0,132
CTR_011237,Volkswagen,Tiguan,2015,Gasoline,4765.49,Gray,Personal,2,110
CTR_011239,Volkswagen,Golf,2023,Diesel,20040.3,Gray,Mixed,2,127
CTR_011246,Volkswagen,Polo,2012,Gasoline,5231.53,Red,Professional,2,193
CTR_011247,Peugeot,308,2016,Gasoline,4847.55,Gray,Personal,3,112
CTR_011250,Peugeot,208,2022,Electric,9280.68,Blue,Mixed,3,111
CTR_011251,Volkswagen,Polo,2020,Hybrid,8846.52,Gray,Professional,3,200
CTR_011253,Volkswagen,Golf,2010,Gasoline,5311.37,Gray,Professional,3,98
CTR_011259,Renault,Clio,2024,Gasoline,16116.0,White,Mixed,0,138
CTR_011262,Renault,Captur,2013,Gasoline,5913.66,Unknown,Personal,0,135
CTR_011270,Renault,Megane,2023,Gasoline,15881.19,Black,Personal,2,136
CTR_011271,Mercedes,GLA,2018,Hybrid,10187.89,Red,Mixed,0,87
CTR_011274,Renault,Megane,2021,Diesel,8087.42,Blue,Mixed,3,139
CTR_011277,Renault,Megane,2024,Gasoline,15341.28,Blue,Mixed,1,93
CTR_011278,Renault,Captur,2018,Electric,5881.11,Black,Personal,3,128
CTR_011279,Peugeot,3008,2017,Electric,4266.69,Unknown,Personal,3,140
CTR_011285,Renault,Megane,2017,Diesel,5230.68,Gray,Personal,3,111
CTR_011293,Mercedes,GLA,2018,Diesel,12707.07,White,Professional,2,126
CTR_011295,Volkswagen,Tiguan,2018,Electric,5582.05,Black,Mixed,2,134
CTR_011296,Volkswagen,Tiguan,2017,Electric,5684.73,Black,Mixed,2,130
CTR_011298,Renault,Captur,2015,Diesel,4233.51,Red,Mixed,1,183
CTR_011299,Renault,Megane,2018,Electric,5554.06,White,Professional,1,136
CTR_011302,Renault,Megane,2018,Hybrid,4779.21,Unknown,Professional,2,109
CTR_011305,Renault,Megane,2010,Hybrid,8418.145,Unknown,Mixed,3,132
CTR_011306,Renault,Captur,2020,Diesel,6677.66,Blue,Professional,0,165
CTR_011307,Peugeot,308,2012,Diesel,5383.8,Black,Mixed,0,135
CTR_011309,Volkswagen,Golf,2018,Gasoline,6052.71,Red,Professional,2,189
CTR_011312,Peugeot,3008,2016,Gasoline,4838.67,Blue,Mixed,0,135
CTR_011317,Renault,Megane,2024,Gasoline,8418.145,Black,Personal,0,106
CTR_011318,Renault,Megane,2023,Diesel,9858.41,Gray,Professional,0,154
CTR_011323,Renault,Captur,2022,Diesel,11381.43,Unknown,Mixed,2,124
CTR_011332,Volkswagen,Polo,2019,Gasoline,9307.9,Unknown,Personal,1,121
CTR_011333,Volkswagen,Tiguan,2018,Gasoline,6400.76,Gray,Mixed,2,116
CTR_011337,Peugeot,208,2022,Electric,11695.11,Blue,Personal,2,126
CTR_011339,Volkswagen,Golf,2018,Gasoline,6486.49,Blue,Professional,1,200
CTR_011340,Peugeot,208,2020,Hybrid,6576.75,Unknown,Mixed,2,184
CTR_011347,Renault,Captur,2023,Gasoline,12534.27,Gray,Professional,2,103
CTR_011353,Renault,Captur,2024,Hybrid,16695.34,Unknown,Personal,3,153
CTR_011355,Renault,Captur,2018,Hybrid,5983.11,Red,Professional,3,178
CTR_011358,Volkswagen,Tiguan,2018,Hybrid,6001.32,Red,Professional,2,146
CTR_011362,Peugeot,208,2010,Electric,4335.3,Blue,Professional,0,155
CTR_011364,Peugeot,208,2023,Electric,11156.24,Gray,Mixed,0,135
CTR_011366,Renault,Megane,2021,Gasoline,11521.45,White,Mixed,1,135
CTR_011367,Peugeot,208,2020,Gasoline,8987.65,Unknown,Personal,0,135
CTR_011369,Peugeot,3008,2018,Gasoline,4630.8,Red,Mixed,0,120
CTR_011371,Peugeot,3008,2022,Gasoline,13367.0,Unknown,Professional,3,156
CTR_011376,Renault,Megane,2011,Hybrid,4261.0,Unknown,Mixed,1,174
CTR_011380,Renault,Captur,2018,Diesel,4588.98,Black,Professional,0,110
CTR_011382,Peugeot,208,2024,Diesel,8418.145,Red,Personal,3,90
CTR_011383,Peugeot,208,2016,Electric,4341.34,White,Personal,0,135
CTR_011384,Volkswagen,Polo,2024,Gasoline,23912.51,Red,Personal,0,154
CTR_011390,Volkswagen,Golf,2024,Hybrid,17780.54,Black,Mixed,0,99
CTR_011391,Volkswagen,Polo,2024,Gasoline,17962.56,Gray,Professional,0,192
CTR_011395,Volkswagen,Golf,2023,Hybrid,17421.16,Black,Professional,1,197
CTR_011403,Renault,Megane,2023,Gasoline,13692.45,White,Mixed,3,192
CTR_011405,Volkswagen,Golf,2018,Hybrid,4749.9,Blue,Mixed,3,133
CTR_011408,Volkswagen,Tiguan,2018,Electric,5975.08,Blue,Personal,2,199
CTR_011415,Renault,Clio,2019,Diesel,4702.59,White,Professional,3,117
CTR_011417,Peugeot,208,2020,Hybrid,4189.44,Blue,Personal,1,95
CTR_011425,Renault,Clio,2014,Diesel,4082.79,White,Personal,1,135
CTR_011429,Renault,Megane,2019,Diesel,5699.95,Red,Mixed,0,113
CTR_011432,BMW,X1,2022,Electric,25918.71,Gray,Personal,2,128
CTR_011435,BMW,Serie1,2022,Electric,24550.26,Gray,Personal,0,141
CTR_011437,Renault,Clio,2024,Diesel,14151.82,Blue,Mixed,1,181
CTR_011438,Renault,Captur,2024,Gasoline,14010.35,White,Personal,0,135
CTR_011440,Peugeot,308,2024,Diesel,14843.29,Black,Mixed,3,131
CTR_011441,Volkswagen,Polo,2018,Hybrid,4866.29,Black,Mixed,0,135
CTR_011444,BMW,Serie3,2021,Electric,25956.68,Red,Personal,3,135
CTR_011445,Peugeot,208,2021,Hybrid,10060.89,White,Personal,3,174
CTR_011446,Peugeot,3008,2018,Diesel,8418.145,Red,Personal,1,148
CTR_011451,Volkswagen,Golf,2018,Gasoline,8418.145,Unknown,Mixed,3,89
CTR_011452,Renault,Megane,2019,Gasoline,6192.67,Gray,Personal,3,182
CTR_011453,Peugeot,308,2013,Diesel,6108.11,Blue,Personal,2,135
CTR_011454,Renault,Clio,2021,Hybrid,9769.05,White,Personal,1,129
CTR_011457,Volkswagen,Polo,2019,Gasoline,9822.44,Black,Professional,3,135
CTR_011458,Renault,Captur,2021,Diesel,9311.96,Blue,Mixed,2,161
CTR_011464,Renault,Clio,2020,Diesel,6664.9,Black,Personal,2,103
CTR_011465,Peugeot,3008,2024,Hybrid,15560.58,Unknown,Mixed,3,124
CTR_011466,Peugeot,208,2012,Hybrid,5019.0,Unknown,Personal,2,135
CTR_011473,Peugeot,3008,2020,Gasoline,8418.145,Red,Professional,0,135
CTR_011475,Volkswagen,Golf,2022,Gasoline,17348.15,White,Personal,0,159
CTR_011476,Renault,Clio,2023,Electric,13536.99,Gray,Professional,2,180
CTR_011478,Renault,Megane,2021,Diesel,10680.0,Blue,Personal,3,137
CTR_011480,Peugeot,3008,2016,Electric,4830.51,White,Professional,3,109
CTR_011484,Renault,Captur,2020,Gasoline,8418.145,Unknown,Mixed,2,135
CTR_011485,Volkswagen,Tiguan,2011,Electric,5558.25,White,Mixed,3,153
CTR_011487,Volkswagen,Polo,2018,Gasoline,6343.54,Unknown,Professional,1,161
CTR_011488,Renault,Clio,2021,Hybrid,9634.32,Black,Professional,0,185
CTR_011489,Mercedes,ClasseA,2022,Diesel,28564.26,White,Professional,0,113
CTR_011491,Peugeot,3008,2021,Hybrid,8616.66,Red,Personal,0,132
CTR_011492,Renault,Captur,2020,Diesel,6616.97,Gray,Professional,0,198
CTR_011494,Peugeot,308,2022,Gasoline,11705.45,Red,Mixed,1,194
CTR_011496,Volkswagen,Tiguan,2018,Gasoline,6450.43,Gray,Mixed,2,122
CTR_011502,Volkswagen,Tiguan,2016,Diesel,4898.16,Black,Personal,1,130
CTR_011503,Volkswagen,Polo,2022,Electric,15801.0,Black,Professional,3,90
CTR_011509,Peugeot,208,2021,Diesel,10497.8,Unknown,Mixed,3,191
CTR_011515,Peugeot,3008,2022,Hybrid,14322.01,Black,Personal,3,153
CTR_011517,Peugeot,308,2022,Hybrid,12077.09,Unknown,Mixed,3,107
CTR_011518,Renault,Captur,2018,Diesel,8418.145,Blue,Personal,3,118
CTR_011519,Renault,Megane,2023,Hybrid,14722.86,Blue,Mixed,1,182
CTR_011520,Volkswagen,Polo,2019,Diesel,9159.73,Gray,Mixed,0,113
CTR_011521,Volkswagen,Tiguan,2014,Diesel,5466.84,Gray,Personal,2,135
CTR_011522,Volkswagen,Tiguan,2022,Diesel,17218.21,Gray,Personal,0,190
CTR_011523,BMW,Serie3,2023,Hybrid,36958.71,Black,Mixed,3,93
CTR_011524,Renault,Captur,2012,Diesel,5011.44,Red,Professional,2,84
CTR_011525,Renault,Clio,2024,Electric,16666.08,Unknown,Professional,1,135
CTR_011526,BMW,Serie1,2021,Electric,25208.16,Blue,Mixed,1,105
CTR_011527,Renault,Captur,2018,Diesel,4888.38,Black,Mixed,1,109
CTR_011530,Volkswagen,Golf,2016,Hybrid,5909.87,Red,Personal,1,135
CTR_011535,Peugeot,208,2022,Diesel,10862.91,Unknown,Mixed,0,135
CTR_011540,Renault,Megane,2021,Hybrid,8039.17,Gray,Mixed,1,171
CTR_011552,Volkswagen,Polo,2013,Hybrid,5354.18,White,Professional,0,117
CTR_011554,Volkswagen,Golf,2020,Diesel,9521.5,Unknown,Mixed,1,135
CTR_011555,Renault,Megane,2021,Gasoline,7621.89,Gray,Mixed,2,163
CTR_011557,Renault,Captur,2021,Electric,10646.0,Red,Mixed,0,135
CTR_011558,Mercedes,ClasseC,2013,Electric,4563.3,Gray,Professional,3,140
CTR_011559,Volkswagen,Polo,2018,Gasoline,4554.0,White,Professional,3,194
CTR_011564,Volkswagen,Tiguan,2018,Electric,5543.2,Red,Professional,0,150
CTR_011567,Renault,Clio,2015,Gasoline,5734.69,Gray,Mixed,0,100
CTR_011570,Renault,Megane,2020,Gasoline,4666.63,Unknown,Mixed,0,130
CTR_011571,BMW,X1,2018,Electric,9483.75,Gray,Mixed,0,134
CTR_011573,BMW,X1,2020,Diesel,8418.145,Blue,Mixed,2,200
CTR_011577,Renault,Captur,2022,Diesel,9984.97,Gray,Professional,1,108
CTR_011579,Peugeot,3008,2024,Gasoline,17792.48,Gray,Mixed,2,135
CTR_011582,Volkswagen,Golf,2022,Hybrid,17493.45,Blue,Professional,0,91
CTR_011583,Volkswagen,Golf,2022,Gasoline,16658.0,Blue,Professional,1,108
CTR_011589,Peugeot,208,2023,Gasoline,8418.145,Red,Personal,3,99
CTR_011593,Renault,Captur,2024,Gasoline,14948.35,Gray,Professional,0,98
CTR_011595,Peugeot,3008,2014,Electric,8418.145,White,Professional,0,101
CTR_011596,Peugeot,308,2020,Hybrid,6606.43,Blue,Mixed,2,188
CTR_011597,Renault,Megane,2021,Hybrid,9093.28,Red,Mixed,1,145
CTR_011601,Renault,Clio,2021,Gasoline,9302.1,Blue,Mixed,2,188
CTR_011606,Peugeot,308,2019,Hybrid,7132.37,Black,Professional,0,135
CTR_011609,Volkswagen,Tiguan,2023,Electric,17256.28,White,Personal,2,108
CTR_011612,Renault,Megane,2022,Hybrid,12416.78,Unknown,Mixed,3,141
CTR_011613,Peugeot,3008,2023,Hybrid,15788.97,Black,Professional,3,135
CTR_011615,Peugeot,208,2022,Diesel,12970.93,Blue,Professional,0,109
CTR_011617,Peugeot,208,2018,Hybrid,4797.96,Gray,Mixed,1,178
CTR_011620,Peugeot,3008,2011,Gasoline,5506.88,Gray,Personal,3,131
CTR_011625,Volkswagen,Tiguan,2011,Hybrid,5090.92,White,Personal,0,195
CTR_011627,Peugeot,208,2015,Hybrid,4397.63,Gray,Personal,0,135
CTR_011628,Renault,Captur,2020,Electric,7632.85,Red,Personal,0,135
CTR_011631,Renault,Captur,2022,Electric,8810.0,White,Personal,0,135
CTR_011636,Peugeot,208,2018,Hybrid,4652.87,Black,Personal,3,186
CTR_011637,Volkswagen,Polo,2021,Gasoline,13766.46,White,Mixed,0,187
CTR_011638,Renault,Clio,2013,Gasoline,5827.71,Red,Professional,1,190
CTR_011640,Volkswagen,Polo,2024,Diesel,18563.0,Blue,Mixed,3,183
CTR_011641,Volkswagen,Tiguan,2021,Electric,12958.83,Blue,Mixed,1,134
CTR_011643,Renault,Megane,2011,Diesel,4937.62,Black,Mixed,0,115
CTR_011647,Renault,Clio,2014,Diesel,4217.53,Red,Personal,2,135
CTR_011653,Renault,Megane,2018,Gasoline,5520.56,Black,Personal,2,188
CTR_011662,Peugeot,3008,2014,Gasoline,5038.74,Red,Mixed,0,124
CTR_011663,Renault,Megane,2020,Hybrid,8495.2,White,Professional,3,135
CTR_011664,Volkswagen,Tiguan,2020,Diesel,11795.47,Gray,Professional,0,135
CTR_011668,Renault,Clio,2019,Electric,8418.145,Blue,Mixed,0,182
CTR_011673,Renault,Megane,2021,Hybrid,8288.43,Gray,Mixed,1,135
CTR_011679,Volkswagen,Golf,2010,Gasoline,5073.97,Black,Personal,0,132
CTR_011682,Peugeot,308,2022,Hybrid,9690.67,Red,Professional,2,159
CTR_011683,Volkswagen,Polo,2020,Hybrid,9364.66,Unknown,Mixed,2,124
CTR_011689,Volkswagen,Polo,2018,Electric,6319.25,Unknown,Personal,0,138
CTR_011700,Volkswagen,Polo,2015,Diesel,8418.145,Blue,Professional,2,154
CTR_011702,Peugeot,3008,2017,Hybrid,5092.48,Red,Professional,2,164
CTR_011708,Renault,Megane,2021,Diesel,8579.97,Black,Mixed,3,170
CTR_011713,Peugeot,308,2020,Gasoline,6866.9,Blue,Professional,1,111
CTR_011715,BMW,Serie3,2019,Electric,16630.73,Red,Personal,1,101
CTR_011716,Volkswagen,Tiguan,2022,Hybrid,17176.75,Red,Personal,0,161
CTR_011721,Peugeot,208,2024,Gasoline,13600.1,White,Professional,3,148
CTR_011723,Renault,Captur,2010,Gasoline,5570.56,Red,Professional,0,124
CTR_011724,BMW,Serie3,2013,Diesel,4012.84,Red,Professional,0,112
CTR_011731,Renault,Megane,2015,Gasoline,4555.13,White,Professional,0,135
CTR_011736,Renault,Captur,2020,Electric,8418.145,White,Personal,1,139
CTR_011737,Volkswagen,Tiguan,2024,Diesel,19392.66,White,Mixed,1,85
CTR_011739,Renault,Megane,2021,Diesel,9454.28,Black,Personal,3,153
CTR_011743,Peugeot,3008,2019,Hybrid,5211.15,White,Personal,1,135
CTR_011744,Peugeot,3008,2010,Hybrid,4478.15,Unknown,Personal,3,171
CTR_011745,Volkswagen,Tiguan,2011,Diesel,4785.41,Red,Mixed,2,107
CTR_011746,Volkswagen,Golf,2014,Hybrid,5261.55,Unknown,Personal,0,126
CTR_011748,Volkswagen,Golf,2022,Diesel,14049.22,Gray,Personal,1,135
CTR_011750,Peugeot,3008,2020,Hybrid,8116.0,White,Professional,3,130
CTR_011752,BMW,Serie1,2020,Diesel,17102.54,Gray,Personal,2,182
CTR_011757,Renault,Captur,2022,Hybrid,9609.46,Unknown,Professional,3,135
CTR_011761,Volkswagen,Golf,2016,Electric,5710.0,Black,Professional,3,115
CTR_011762,BMW,Serie3,2021,Electric,23486.6,Unknown,Mixed,3,155
CTR_011763,Renault,Megane,2024,Electric,8418.145,Black,Professional,3,122
CTR_011767,Renault,Clio,2024,Hybrid,12911.22,White,Personal,0,101
CTR_011771,Peugeot,208,2020,Gasoline,7933.76,Gray,Mixed,2,107
CTR_011774,Renault,Clio,2023,Diesel,10120.12,Unknown,Mixed,0,135
CTR_011776,Renault,Clio,2021,Electric,9606.1,White,Professional,1,135
CTR_011777,Peugeot,3008,2012,Electric,5590.95,Red,Personal,3,127
CTR_011779,Mercedes,ClasseC,2020,Gasoline,24722.16,Red,Personal,0,148
CTR_011784,Peugeot,208,2021,Hybrid,10892.59,Red,Personal,2,135
CTR_011785,Peugeot,208,2024,Gasoline,13875.0,Unknown,Mixed,3,135
CTR_011789,Peugeot,3008,2012,Gasoline,5113.21,Unknown,Personal,3,76
CTR_011791,Renault,Megane,2014,Diesel,5183.75,Unknown,Personal,0,162
CTR_011792,Volkswagen,Polo,2012,Electric,4113.57,Unknown,Mixed,0,68
CTR_011795,Volkswagen,Polo,2020,Diesel,16581.26,White,Mixed,0,133
CTR_011796,Volkswagen,Polo,2018,Diesel,5209.81,White,Mixed,0,175
CTR_011798,Peugeot,208,2019,Gasoline,6586.62,Blue,Mixed,0,115
CTR_011801,Peugeot,3008,2022,Electric,10422.03,Unknown,Professional,1,116
CTR_011802,Volkswagen,Tiguan,2024,Hybrid,22993.0,Unknown,Personal,3,186
CTR_011804,Renault,Captur,2020,Hybrid,7702.21,Black,Professional,3,178
CTR_011807,Renault,Megane,2019,Diesel,5528.63,Unknown,Professional,2,135
CTR_011808,Volkswagen,Golf,2016,Hybrid,5081.12,Blue,Professional,2,135
CTR_011809,Renault,Clio,2022,Diesel,9922.56,White,Mixed,2,160
CTR_011812,Peugeot,208,2019,Electric,7137.4,Black,Mixed,0,95
CTR_011814,Renault,Clio,2010,Hybrid,4351.91,Black,Personal,3,135
CTR_011816,Volkswagen,Golf,2022,Gasoline,17391.21,Blue,Personal,3,135
CTR_011820,Renault,Clio,2023,Gasoline,14517.72,Black,Professional,3,134
CTR_011823,Peugeot,308,2021,Gasoline,10412.0,White,Mixed,2,184
CTR_011826,Volkswagen,Polo,2021,Gasoline,15971.29,White,Mixed,3,154
CTR_011829,Mercedes,ClasseA,2013,Gasoline,4272.45,Blue,Professional,2,186
CTR_011832,Mercedes,GLA,2018,Diesel,12074.32,Gray,Mixed,3,185
CTR_011843,Peugeot,308,2014,Electric,5552.54,White,Mixed,2,135
CTR_011846,Renault,Megane,2018,Hybrid,6566.15,Blue,Personal,3,91
CTR_011850,Volkswagen,Polo,2014,Electric,5495.12,Blue,Personal,2,130
CTR_011851,Volkswagen,Golf,2017,Gasoline,5903.51,Black,Professional,2,101
CTR_011858,Volkswagen,Tiguan,2013,Electric,5699.47,White,Professional,3,184
CTR_011865,Mercedes,ClasseA,2018,Hybrid,12883.05,Black,Personal,1,110
CTR_011868,BMW,Serie3,2016,Hybrid,5833.84,Unknown,Mixed,0,169
CTR_011869,Renault,Clio,2023,Gasoline,12473.55,White,Professional,0,102
CTR_011871,Peugeot,308,2021,Hybrid,10410.32,Unknown,Mixed,3,135
CTR_011873,Mercedes,GLA,2019,Hybrid,13593.34,Red,Professional,2,187
CTR_011876,Peugeot,208,2021,Gasoline,8418.145,Red,Mixed,0,73
CTR_011880,Renault,Captur,2022,Hybrid,12254.75,Gray,Professional,2,135
CTR_011884,Volkswagen,Tiguan,2021,Gasoline,16770.3,Black,Professional,1,110
CTR_011886,Volkswagen,Tiguan,2016,Hybrid,4223.0,Gray,Professional,1,142
CTR_011887,Volkswagen,Polo,2019,Electric,8418.145,Unknown,Professional,1,119
CTR_011889,Volkswagen,Tiguan,2014,Gasoline,5469.2,Gray,Mixed,1,130
CTR_011893,Renault,Clio,2024,Gasoline,14090.05,White,Mixed,2,177
CTR_011894,Renault,Clio,2012,Diesel,4465.92,White,Mixed,3,127
CTR_011900,Peugeot,208,2024,Hybrid,12250.31,Blue,Professional,0,189
CTR_011901,Peugeot,308,2019,Gasoline,7083.59,Red,Mixed,3,126
CTR_011906,Renault,Captur,2022,Electric,9519.95,Black,Professional,0,173
CTR_011909,Mercedes,ClasseC,2018,Diesel,10299.0,Blue,Professional,3,159
CTR_011914,Peugeot,308,2019,Electric,6342.68,Gray,Mixed,3,111
CTR_011915,Volkswagen,Tiguan,2013,Gasoline,4857.26,White,Mixed,1,99
CTR_011917,Volkswagen,Tiguan,2011,Gasoline,4846.94,Unknown,Professional,0,112
CTR_011918,Peugeot,208,2019,Gasoline,4998.25,Black,Mixed,2,135
CTR_011919,Renault,Megane,2018,Gasoline,6582.13,Gray,Personal,0,136
CTR_011921,Volkswagen,Golf,2012,Diesel,4568.0,White,Mixed,0,137
CTR_011924,Volkswagen,Polo,2018,Gasoline,4726.44,Blue,Mixed,3,91
CTR_011925,Renault,Megane,2018,Hybrid,8418.145,Blue,Mixed,2,169
CTR_011927,Volkswagen,Golf,2019,Electric,8807.06,Unknown,Mixed,3,108
CTR_011928,Volkswagen,Polo,2022,Gasoline,12314.16,Blue,Personal,3,131
CTR_011929,Volkswagen,Tiguan,2020,Hybrid,7261.59,Gray,Mixed,3,186
CTR_011931,Mercedes,ClasseC,2021,Gasoline,22470.31,Red,Professional,0,195
CTR_011932,Renault,Captur,2018,Diesel,5577.51,Black,Personal,1,125
CTR_011934,Volkswagen,Tiguan,2020,Gasoline,8418.145,Unknown,Professional,3,135
CTR_011938,Volkswagen,Polo,2017,Hybrid,4470.46,Red,Professional,3,94
CTR_011940,Renault,Captur,2024,Diesel,16726.27,Gray,Mixed,2,144
CTR_011947,Mercedes,ClasseC,2011,Diesel,5404.22,Gray,Personal,0,95
CTR_011948,Renault,Megane,2023,Diesel,11766.39,Black,Professional,0,140
CTR_011951,Peugeot,208,2024,Electric,16523.15,Unknown,Personal,0,188
CTR_011953,Volkswagen,Polo,2020,Diesel,10260.53,Red,Mixed,1,187
CTR_011955,Renault,Megane,2019,Hybrid,4956.37,Unknown,Personal,3,95
CTR_011956,BMW,Serie1,2017,Electric,5573.06,Unknown,Personal,2,156
CTR_011959,Renault,Captur,2019,Electric,6209.33,Blue,Mixed,3,156
CTR_011961,Peugeot,208,2019,Electric,5228.0,Blue,Professional,0,127
CTR_011968,Volkswagen,Polo,2023,Diesel,17498.15,Red,Mixed,2,188
CTR_011970,Mercedes,ClasseC,2020,Hybrid,17632.75,Red,Personal,1,108
CTR_011971,Renault,Megane,2021,Diesel,10188.17,Red,Personal,0,109
CTR_011973,Renault,Captur,2022,Diesel,11996.84,Unknown,Personal,0,93
CTR_011977,Peugeot,208,2020,Electric,5881.6,White,Professional,1,135
CTR_011979,Volkswagen,Polo,2020,Diesel,12147.29,Black,Personal,1,162
CTR_011982,BMW,Serie1,2021,Diesel,21503.55,Blue,Mixed,0,125
CTR_011986,Volkswagen,Tiguan,2024,Hybrid,17055.81,Black,Professional,2,76
CTR_011987,Volkswagen,Tiguan,2013,Hybrid,5951.26,Unknown,Personal,2,166
CTR_011988,Renault,Captur,2018,Gasoline,5026.15,Unknown,Mixed,3,94
CTR_011991,Volkswagen,Tiguan,2012,Hybrid,4951.03,Gray,Personal,0,139
CTR_011992,Renault,Clio,2020,Gasoline,6610.52,Unknown,Professional,1,135
CTR_011994,BMW,Serie3,2017,Diesel,5757.64,Black,Personal,3,90
CTR_011996,Volkswagen,Tiguan,2024,Electric,21157.93,Black,Mixed,0,135
CTR_011998,Renault,Captur,2011,Hybrid,4946.38,Blue,Professional,0,128
CTR_012001,Renault,Captur,2018,Diesel,5820.82,Unknown,Mixed,0,131
CTR_012003,Renault,Captur,2018,Diesel,8418.145,White,Professional,0,135
CTR_012006,Volkswagen,Polo,2019,Hybrid,6523.59,Gray,Personal,1,176
CTR_012007,Renault,Megane,2021,Gasoline,9112.57,Blue,Personal,3,145
CTR_012010,Volkswagen,Golf,2015,Gasoline,8418.145,Red,Personal,1,121
CTR_012014,Renault,Captur,2019,Hybrid,4927.43,Black,Professional,1,135
CTR_012016,Renault,Megane,2013,Electric,5234.35,Black,Personal,2,133
CTR_012018,Renault,Megane,2024,Electric,12731.57,Gray,Professional,2,166
CTR_012027,Renault,Megane,2022,Hybrid,10093.03,Gray,Professional,0,173
CTR_012028,Renault,Megane,2023,Electric,10021.75,Black,Professional,3,183
CTR_012030,Peugeot,208,2020,Electric,8386.3,Gray,Personal,0,135
CTR_012037,Peugeot,208,2020,Electric,9491.97,Unknown,Personal,2,143
CTR_012043,BMW,X1,2015,Gasoline,5545.83,Unknown,Mixed,0,135
CTR_012044,Peugeot,308,2017,Diesel,5941.09,Black,Professional,0,98
CTR_012048,Volkswagen,Golf,2018,Hybrid,6356.85,Gray,Personal,3,195
CTR_012050,Peugeot,308,2020,Diesel,4415.21,Red,Mixed,3,188
CTR_012053,Peugeot,208,2018,Electric,4461.11,Red,Personal,1,167
CTR_012054,BMW,Serie3,2021,Electric,8418.145,White,Mixed,2,136
CTR_012055,Volkswagen,Golf,2014,Gasoline,5553.81,Black,Personal,3,128
CTR_012057,Mercedes,ClasseC,2023,Hybrid,29892.43,Gray,Personal,1,162
CTR_012059,Peugeot,308,2013,Electric,4013.26,Red,Professional,0,100
CTR_012061,Peugeot,3008,2020,Diesel,4802.76,Red,Personal,0,92
CTR_012062,Volkswagen,Tiguan,2013,Hybrid,5389.35,White,Mixed,0,135
CTR_012063,Peugeot,3008,2012,Hybrid,5733.33,Unknown,Mixed,0,107
CTR_012065,BMW,Serie3,2011,Gasoline,4330.66,Gray,Mixed,0,114
CTR_012066,Renault,Captur,2022,Hybrid,11981.0,White,Professional,2,135
CTR_012068,Peugeot,308,2018,Gasoline,5368.91,Red,Professional,0,135
CTR_012071,Volkswagen,Tiguan,2020,Gasoline,8418.145,Red,Mixed,1,144
CTR_012073,BMW,Serie1,2018,Electric,11263.27,White,Mixed,2,192
CTR_012075,Peugeot,3008,2022,Gasoline,13374.43,Black,Professional,1,129
CTR_012077,Peugeot,308,2018,Diesel,4531.61,Blue,Mixed,3,135
CTR_012079,Volkswagen,Tiguan,2023,Gasoline,15126.79,White,Mixed,0,195
CTR_012081,Volkswagen,Tiguan,2024,Electric,23741.01,Red,Personal,0,135
CTR_012082,Peugeot,3008,2013,Diesel,4450.35,Gray,Personal,0,135
CTR_012084,Peugeot,308,2022,Hybrid,13444.7,Gray,Personal,0,91
CTR_012088,Renault,Clio,2024,Electric,12410.86,Blue,Mixed,0,138
CTR_012091,Volkswagen,Polo,2020,Hybrid,10142.62,Blue,Mixed,1,102
CTR_012092,Peugeot,208,2010,Electric,4616.7,Black,Personal,3,88
CTR_012094,Renault,Clio,2023,Electric,10613.47,Black,Professional,3,92
CTR_012097,Volkswagen,Tiguan,2022,Hybrid,14303.06,Blue,Mixed,3,135
CTR_012099,BMW,X1,2013,Electric,5078.5,Black,Personal,0,125
CTR_012101,Volkswagen,Golf,2021,Gasoline,10720.39,Gray,Personal,2,144
CTR_012104,BMW,X1,2024,Hybrid,8418.145,Blue,Personal,3,200
CTR_012105,Peugeot,3008,2015,Gasoline,5600.76,Black,Professional,2,194
CTR_012112,Peugeot,208,2019,Hybrid,6713.96,White,Mixed,3,114
CTR_012113,Renault,Captur,2012,Hybrid,5372.9,Unknown,Personal,1,76
CTR_012119,Peugeot,308,2023,Gasoline,8418.145,Black,Professional,2,135
CTR_012134,Volkswagen,Tiguan,2013,Gasoline,8418.145,Red,Professional,3,93
CTR_012137,Renault,Megane,2012,Gasoline,5703.7,Red,Mixed,2,109
CTR_012139,BMW,Serie3,2020,Diesel,31996.4,Unknown,Mixed,1,127
CTR_012140,Volkswagen,Tiguan,2021,Diesel,12702.47,Unknown,Mixed,0,97
CTR_012141,Volkswagen,Golf,2021,Hybrid,11279.17,Red,Personal,2,97
CTR_012143,Peugeot,3008,2024,Electric,13534.74,Red,Professional,1,185
CTR_012144,Renault,Clio,2020,Gasoline,6519.0,Unknown,Mixed,3,135
CTR_012146,Volkswagen,Golf,2020,Hybrid,5653.89,Red,Mixed,2,135
CTR_012147,Mercedes,GLA,2015,Diesel,4501.63,White,Personal,2,66
CTR_012149,Peugeot,208,2016,Diesel,5092.63,Unknown,Mixed,1,116
CTR_012153,Renault,Clio,2024,Gasoline,16190.0,Red,Professional,0,139
CTR_012158,Volkswagen,Tiguan,2018,Hybrid,6148.09,Gray,Mixed,0,123
CTR_012159,Renault,Megane,2020,Hybrid,5908.47,White,Mixed,2,144
CTR_012165,Renault,Captur,2018,Gasoline,4951.49,Gray,Mixed,1,100
CTR_012167,Volkswagen,Golf,2020,Diesel,9537.25,Red,Personal,2,76
CTR_012169,Volkswagen,Golf,2018,Hybrid,6982.91,Red,Mixed,2,97
CTR_012173,Volkswagen,Golf,2022,Diesel,12383.43,White,Mixed,2,100
CTR_012176,Volkswagen,Polo,2011,Diesel,4413.99,Blue,Mixed,1,130
CTR_012180,Peugeot,3008,2012,Diesel,5094.67,Black,Personal,2,135
CTR_012181,Renault,Clio,2010,Electric,4155.68,Unknown,Mixed,1,126
CTR_012184,Renault,Clio,2023,Gasoline,11804.62,Gray,Professional,3,108
CTR_012185,Volkswagen,Golf,2021,Gasoline,14048.09,Red,Mixed,1,88
CTR_012189,Peugeot,308,2020,Gasoline,6902.42,Blue,Professional,0,102
CTR_012197,Volkswagen,Polo,2023,Hybrid,19391.46,Unknown,Personal,0,174
CTR_012198,Volkswagen,Tiguan,2024,Gasoline,20232.11,White,Mixed,0,179
CTR_012201,Peugeot,308,2018,Hybrid,4689.45,Red,Mixed,0,135
CTR_012202,Peugeot,208,2018,Hybrid,4737.61,Red,Personal,0,185
CTR_012203,Peugeot,3008,2020,Gasoline,7263.16,Unknown,Professional,1,143
CTR_012204,Mercedes,ClasseC,2024,Diesel,35996.5,Red,Personal,0,113
CTR_012207,Peugeot,308,2018,Electric,5462.45,Black,Personal,1,124
CTR_012216,Renault,Megane,2021,Electric,10260.08,Blue,Personal,1,126
CTR_012217,Volkswagen,Tiguan,2020,Hybrid,13774.84,White,Professional,1,130
CTR_012219,Volkswagen,Polo,2023,Gasoline,18224.23,White,Mixed,1,173
CTR_012224,Renault,Megane,2021,Electric,8418.145,White,Professional,0,108
CTR_012226,Volkswagen,Golf,2023,Hybrid,14624.94,White,Professional,1,117
CTR_012231,Volkswagen,Golf,2019,Hybrid,9485.98,White,Mixed,0,179
CTR_012232,Volkswagen,Golf,2018,Hybrid,6488.17,Black,Personal,1,124
CTR_012234,Peugeot,208,2019,Hybrid,4995.08,Red,Professional,0,198
CTR_012235,Peugeot,308,2011,Gasoline,5644.66,White,Personal,3,139
CTR_012236,Volkswagen,Tiguan,2010,Diesel,4205.01,White,Mixed,2,154
CTR_012240,Volkswagen,Tiguan,2019,Electric,9051.21,Blue,Professional,2,135
CTR_012243,Peugeot,3008,2022,Gasoline,13285.56,Gray,Personal,1,195
CTR_012244,Renault,Captur,2014,Gasoline,4306.17,Unknown,Personal,2,112
CTR_012245,Peugeot,308,2024,Gasoline,12883.4,White,Professional,0,183
CTR_012248,Peugeot,308,2021,Hybrid,11238.04,Gray,Mixed,3,135
CTR_012249,Peugeot,3008,2014,Hybrid,4602.86,White,Mixed,2,196
CTR_012250,Volkswagen,Tiguan,2019,Electric,7912.5,Blue,Mixed,2,143
CTR_012251,Volkswagen,Golf,2015,Diesel,4608.88,Blue,Personal,3,180
CTR_012254,Peugeot,208,2018,Electric,5498.67,Unknown,Personal,3,135
CTR_012258,Renault,Clio,2022,Hybrid,9410.38,Black,Professional,3,107
CTR_012263,BMW,X1,2024,Electric,8418.145,Blue,Mixed,3,126
CTR_012265,Peugeot,3008,2014,Gasoline,5700.0,Black,Mixed,0,168
CTR_012272,Peugeot,308,2023,Hybrid,15537.18,Black,Professional,3,158
CTR_012274,Peugeot,208,2016,Diesel,4705.47,Red,Professional,3,91
CTR_012277,Renault,Clio,2023,Electric,10417.65,Red,Personal,1,135
CTR_012279,Peugeot,308,2020,Gasoline,8766.22,Red,Mixed,1,180
CTR_012280,BMW,X1,2020,Gasoline,15366.26,Unknown,Professional,3,97
CTR_012284,Renault,Captur,2020,Gasoline,15564.01,Blue,Personal,3,149
CTR_012286,BMW,X1,2021,Electric,26502.66,Gray,Professional,3,171
CTR_012288,Renault,Captur,2023,Diesel,12702.21,Red,Personal,3,175
CTR_012290,Volkswagen,Polo,2024,Diesel,23515.92,Gray,Mixed,2,163
CTR_012294,Renault,Clio,2014,Gasoline,4644.79,Blue,Personal,0,122
CTR_012295,Volkswagen,Tiguan,2015,Diesel,4186.66,Black,Professional,0,151
CTR_012296,Volkswagen,Golf,2023,Hybrid,20990.49,Red,Mixed,2,74
CTR_012298,Volkswagen,Tiguan,2022,Hybrid,14842.18,White,Mixed,1,135
CTR_012299,Peugeot,208,2020,Diesel,7592.18,White,Mixed,3,123
CTR_012300,Peugeot,208,2022,Hybrid,9528.26,Red,Professional,3,136
CTR_012301,Peugeot,3008,2022,Gasoline,12510.6,Gray,Mixed,1,193
CTR_012304,Renault,Clio,2019,Diesel,6093.06,Red,Professional,2,152
CTR_012307,Peugeot,308,2018,Electric,4290.59,Unknown,Professional,1,166
CTR_012311,Peugeot,308,2010,Gasoline,8418.145,Red,Professional,2,185
CTR_012312,Peugeot,308,2020,Hybrid,6291.21,Blue,Professional,2,135
CTR_012316,Peugeot,208,2019,Gasoline,6935.35,Unknown,Mixed,0,109
CTR_012317,Volkswagen,Polo,2021,Hybrid,11491.98,Gray,Mixed,0,135
CTR_012319,Peugeot,308,2021,Electric,11239.84,Red,Personal,1,161
CTR_012324,Peugeot,308,2023,Electric,14933.35,Blue,Personal,0,68
CTR_012328,Peugeot,208,2022,Diesel,11059.86,Gray,Personal,1,117
CTR_012332,Volkswagen,Polo,2019,Gasoline,6425.06,Unknown,Personal,0,112
CTR_012337,Renault,Clio,2019,Gasoline,4686.69,Blue,Mixed,3,130
CTR_012338,Peugeot,208,2022,Electric,9843.6,White,Professional,0,103
CTR_012339,BMW,Serie1,2023,Gasoline,25942.18,Red,Mixed,1,135
CTR_012342,Peugeot,3008,2011,Gasoline,4512.41,Blue,Professional,3,135
CTR_012344,Peugeot,208,2018,Electric,4309.17,Unknown,Personal,3,175
CTR_012346,BMW,Serie1,2020,Gasoline,32818.43,Black,Personal,1,126
CTR_012348,Renault,Captur,2014,Electric,5053.47,White,Mixed,1,95
CTR_012350,Volkswagen,Tiguan,2011,Gasoline,8418.145,White,Personal,3,186
CTR_012352,Renault,Clio,2023,Electric,10523.71,Red,Mixed,0,187
CTR_012355,Peugeot,208,2020,Gasoline,6892.42,Blue,Professional,0,111
CTR_012359,Volkswagen,Polo,2022,Gasoline,16947.69,Blue,Professional,0,139
CTR_012360,BMW,X1,2023,Hybrid,32451.83,White,Mixed,0,141
CTR_012362,Volkswagen,Tiguan,2019,Electric,6708.63,Unknown,Professional,0,147
CTR_012366,Peugeot,208,2022,Gasoline,8418.145,White,Personal,3,190
CTR_012375,Renault,Clio,2020,Diesel,8418.145,Red,Mixed,1,161
CTR_012376,Volkswagen,Golf,2019,Diesel,8168.47,Unknown,Personal,1,133
CTR_012382,Renault,Clio,2021,Gasoline,8396.99,Black,Personal,2,148
CTR_012384,Volkswagen,Golf,2021,Electric,10720.0,Black,Professional,0,153
CTR_012386,Peugeot,208,2013,Electric,4716.4,Black,Professional,1,76
CTR_012393,Renault,Clio,2019,Gasoline,5203.57,White,Professional,2,96
CTR_012395,Volkswagen,Tiguan,2020,Diesel,8418.145,Black,Mixed,0,135
CTR_012397,Peugeot,308,2017,Gasoline,5567.52,Unknown,Mixed,1,120
CTR_012400,Peugeot,308,2023,Hybrid,12752.97,Blue,Personal,1,198
CTR_012405,Renault,Clio,2020,Electric,8414.27,Black,Professional,3,135
CTR_012407,Renault,Clio,2016,Gasoline,4315.93,Blue,Mixed,0,181
CTR_012410,Peugeot,208,2010,Electric,4635.0,Black,Professional,1,177
CTR_012412,Peugeot,3008,2020,Gasoline,7110.59,Black,Professional,2,135
CTR_012416,Renault,Captur,2020,Gasoline,6303.36,Red,Professional,0,170
CTR_012421,Volkswagen,Golf,2013,Electric,5517.01,White,Professional,0,105
CTR_012423,Volkswagen,Tiguan,2019,Hybrid,6853.83,White,Mixed,0,96
CTR_012425,Volkswagen,Golf,2010,Gasoline,4714.89,Unknown,Personal,0,94
CTR_012427,Renault,Clio,2018,Gasoline,5886.37,Black,Mixed,1,135
CTR_012430,Peugeot,3008,2011,Electric,5102.97,White,Personal,3,155
CTR_012431,Mercedes,ClasseC,2015,Gasoline,4073.47,Unknown,Mixed,3,131
CTR_012433,Volkswagen,Tiguan,2012,Diesel,4115.69,Unknown,Professional,1,170
CTR_012437,Volkswagen,Polo,2024,Electric,17885.45,White,Professional,1,92
CTR_012440,Volkswagen,Polo,2018,Diesel,5871.0,Red,Personal,3,167
CTR_012441,Mercedes,ClasseA,2020,Hybrid,18680.57,Gray,Personal,0,173
CTR_012445,Volkswagen,Polo,2019,Diesel,9120.0,Unknown,Mixed,2,144
CTR_012447,Peugeot,208,2019,Electric,6310.61,Blue,Professional,2,168
CTR_012448,Peugeot,3008,2021,Diesel,8834.81,Red,Professional,3,176
CTR_012449,BMW,Serie1,2023,Diesel,29493.28,Black,Personal,1,124
CTR_012450,Peugeot,3008,2017,Electric,8418.145,Gray,Personal,2,97
CTR_012455,Volkswagen,Polo,2018,Electric,8418.145,Red,Professional,2,147
CTR_012456,Renault,Clio,2018,Electric,5259.0,Gray,Personal,1,143
CTR_012459,Peugeot,208,2018,Diesel,4403.35,Black,Mixed,2,113
CTR_012460,Renault,Captur,2024,Diesel,12835.82,Unknown,Professional,0,135
CTR_012461,Volkswagen,Polo,2020,Electric,8674.58,Unknown,Professional,1,133
CTR_012462,Peugeot,308,2021,Electric,9123.98,White,Professional,1,135
CTR_012464,Peugeot,208,2024,Electric,12386.0,White,Professional,2,135
CTR_012467,Volkswagen,Polo,2020,Electric,12268.87,White,Professional,2,135
CTR_012469,Peugeot,308,2019,Gasoline,6350.35,White,Mixed,0,119
CTR_012470,Renault,Megane,2012,Gasoline,4324.91,Gray,Mixed,0,134
CTR_012471,Volkswagen,Tiguan,2020,Diesel,8466.42,Black,Professional,2,192
CTR_012472,Renault,Captur,2011,Diesel,4136.0,Gray,Mixed,0,116
CTR_012476,Peugeot,308,2021,Hybrid,8444.97,Blue,Personal,2,75
CTR_012483,Volkswagen,Tiguan,2018,Hybrid,6094.77,Red,Professional,2,191
CTR_012487,Volkswagen,Golf,2016,Hybrid,4023.72,Gray,Mixed,1,134
CTR_012488,Peugeot,308,2021,Gasoline,10469.84,Black,Personal,3,139
CTR_012491,Renault,Captur,2024,Gasoline,14543.53,Black,Mixed,3,135
CTR_012492,Renault,Captur,2018,Electric,5027.82,Blue,Mixed,1,104
CTR_012494,Volkswagen,Golf,2019,Electric,9309.71,Blue,Personal,3,97
CTR_012496,Volkswagen,Golf,2020,Hybrid,11771.09,White,Mixed,0,168
CTR_012497,Renault,Megane,2017,Diesel,5321.3,White,Mixed,0,132
CTR_012502,Volkswagen,Tiguan,2019,Electric,6421.44,Unknown,Mixed,0,123
CTR_012504,Peugeot,208,2021,Diesel,10408.61,Black,Professional,3,133
CTR_012505,Volkswagen,Polo,2021,Gasoline,10484.36,Gray,Personal,1,127
CTR_012507,Renault,Clio,2023,Diesel,11226.25,Red,Personal,2,159
CTR_012508,Volkswagen,Tiguan,2024,Hybrid,19944.28,Gray,Professional,2,113
CTR_012509,Renault,Megane,2021,Diesel,7524.04,Unknown,Personal,1,156
CTR_012511,Volkswagen,Golf,2022,Gasoline,16289.97,Blue,Mixed,2,188
CTR_012513,Renault,Clio,2012,Diesel,4642.74,Blue,Mixed,0,135
CTR_012515,Peugeot,308,2022,Gasoline,10769.17,Red,Mixed,0,135
CTR_012519,Peugeot,3008,2024,Hybrid,15889.95,Red,Personal,2,123
CTR_012520,Renault,Megane,2019,Electric,5372.06,Black,Mixed,1,115
CTR_012521,Renault,Clio,2018,Diesel,4449.14,Blue,Personal,3,96
CTR_012523,Peugeot,3008,2017,Hybrid,4353.52,Gray,Professional,0,153
CTR_012525,Peugeot,208,2021,Electric,10460.32,Gray,Mixed,0,110
CTR_012532,Renault,Clio,2020,Hybrid,8009.7,Black,Personal,1,118
CTR_012533,Volkswagen,Polo,2024,Hybrid,17565.6,Gray,Professional,3,161
CTR_012537,Volkswagen,Golf,2018,Hybrid,5194.57,Gray,Professional,3,141
CTR_012541,Renault,Megane,2020,Diesel,14570.16,Blue,Professional,2,119
CTR_012543,Volkswagen,Tiguan,2022,Electric,18144.11,White,Mixed,3,152
CTR_012544,Renault,Clio,2020,Hybrid,7528.42,Red,Professional,2,154
CTR_012545,Mercedes,ClasseC,2017,Electric,7057.78,Gray,Personal,0,104
CTR_012546,Volkswagen,Polo,2011,Electric,5496.0,Black,Mixed,0,127
CTR_012559,Volkswagen,Golf,2021,Hybrid,12265.27,White,Mixed,1,112
CTR_012567,Renault,Captur,2023,Electric,10094.66,Red,Professional,2,113
CTR_012568,Peugeot,208,2023,Gasoline,14470.92,Red,Professional,0,181
CTR_012570,Renault,Captur,2015,Electric,4271.0,Unknown,Personal,3,69
CTR_012572,Peugeot,308,2018,Electric,4581.0,Red,Professional,1,188
CTR_012578,Peugeot,208,2017,Hybrid,4631.09,Gray,Professional,2,140
CTR_012580,Renault,Clio,2018,Hybrid,4698.18,Black,Professional,2,135
CTR_012582,Peugeot,308,2021,Gasoline,9468.22,Red,Mixed,2,161
CTR_012584,Renault,Captur,2010,Diesel,5003.22,White,Mixed,2,173
CTR_012585,Mercedes,GLA,2021,Diesel,25431.29,Red,Professional,1,135
CTR_012589,Volkswagen,Golf,2014,Hybrid,4325.7,Black,Personal,3,135
CTR_012590,Mercedes,GLA,2022,Hybrid,32209.44,Black,Mixed,1,122
CTR_012599,Renault,Megane,2014,Hybrid,5580.45,Red,Mixed,1,96
CTR_012600,Volkswagen,Tiguan,2010,Electric,4923.48,White,Professional,0,135
CTR_012602,Renault,Megane,2010,Electric,6244.3,Black,Mixed,0,141
CTR_012603,Volkswagen,Tiguan,2022,Diesel,14861.0,Unknown,Mixed,0,173
CTR_012604,Peugeot,308,2019,Gasoline,6163.97,Unknown,Professional,3,160
CTR_012605,Renault,Captur,2011,Hybrid,4139.1,Blue,Professional,2,148
CTR_012613,Volkswagen,Polo,2023,Hybrid,15113.79,Red,Personal,3,194
CTR_012614,Renault,Clio,2024,Diesel,15497.07,Blue,Personal,2,172
CTR_012615,Peugeot,308,2023,Electric,11875.66,Red,Personal,2,148
CTR_012617,Renault,Clio,2023,Diesel,10318.13,White,Personal,0,196
CTR_012618,Mercedes,ClasseC,2019,Gasoline,16436.78,Unknown,Personal,2,135
CTR_012619,Volkswagen,Tiguan,2021,Electric,10723.29,White,Personal,0,143
CTR_012620,Volkswagen,Polo,2024,Hybrid,21472.59,Black,Professional,1,109
CTR_012624,BMW,Serie3,2010,Diesel,5378.35,Blue,Professional,2,107
CTR_012628,Peugeot,208,2023,Electric,12952.15,Gray,Mixed,3,103
CTR_012629,Volkswagen,Golf,2019,Gasoline,8594.45,Red,Mixed,2,150
CTR_012630,Mercedes,GLA,2018,Electric,12541.19,White,Mixed,3,181
CTR_012631,Renault,Megane,2022,Hybrid,9353.31,Black,Mixed,1,169
CTR_012637,Renault,Clio,2022,Gasoline,11276.41,Red,Mixed,3,112
CTR_012639,Peugeot,208,2017,Diesel,5384.69,Blue,Mixed,2,128
CTR_012641,Volkswagen,Tiguan,2022,Hybrid,13342.26,Gray,Mixed,1,135
CTR_012643,Renault,Captur,2017,Gasoline,5453.75,White,Professional,2,135
CTR_012644,Renault,Megane,2010,Electric,5439.0,White,Mixed,3,135
CTR_012654,Volkswagen,Tiguan,2022,Diesel,13116.1,Blue,Mixed,3,187
CTR_012657,BMW,Serie1,2024,Gasoline,35688.39,Unknown,Personal,2,114
CTR_012658,Renault,Clio,2014,Diesel,5882.3,Red,Personal,1,91
CTR_012659,BMW,Serie1,2022,Diesel,22036.97,Unknown,Professional,2,101
CTR_012660,Volkswagen,Golf,2011,Diesel,4457.89,White,Mixed,0,112
CTR_012661,Peugeot,3008,2011,Electric,5157.6,Red,Professional,0,100
CTR_012662,Peugeot,308,2024,Diesel,17812.2,White,Mixed,1,114
CTR_012663,Renault,Clio,2014,Diesel,4514.29,Red,Professional,1,198
CTR_012664,Peugeot,3008,2023,Gasoline,14872.6,Black,Mixed,2,199
CTR_012667,BMW,X1,2020,Gasoline,33142.0,Black,Personal,1,136
CTR_012668,Renault,Captur,2022,Hybrid,10012.18,White,Mixed,2,138
CTR_012670,Renault,Clio,2016,Diesel,5992.11,Unknown,Professional,2,159
CTR_012671,Renault,Captur,2020,Diesel,8203.74,Unknown,Personal,0,179
CTR_012675,Volkswagen,Polo,2020,Diesel,9353.88,Blue,Mixed,0,120
CTR_012676,Renault,Captur,2010,Electric,4371.3,Unknown,Personal,0,142
CTR_012677,Volkswagen,Polo,2010,Diesel,4168.16,Unknown,Personal,3,135
CTR_012678,Renault,Megane,2022,Electric,10566.0,White,Professional,1,135
CTR_012680,Mercedes,GLA,2013,Gasoline,4669.02,Black,Personal,1,192
CTR_012681,Renault,Captur,2024,Hybrid,8418.145,White,Personal,1,139
CTR_012683,Peugeot,3008,2019,Diesel,6418.92,Blue,Professional,1,118
CTR_012685,Peugeot,308,2018,Electric,5982.09,White,Personal,1,179
CTR_012691,Peugeot,308,2022,Diesel,10046.41,Unknown,Personal,0,199
CTR_012695,BMW,X1,2024,Electric,33964.9,Gray,Personal,3,136
CTR_012696,Renault,Clio,2022,Gasoline,9667.38,Blue,Personal,3,95
CTR_012698,Mercedes,ClasseA,2018,Diesel,11975.11,Unknown,Personal,0,172
CTR_012700,Peugeot,3008,2010,Diesel,4100.86,Gray,Personal,1,135
CTR_012702,Peugeot,3008,2020,Electric,8632.51,Black,Mixed,0,99
CTR_012704,Peugeot,3008,2011,Electric,5735.57,Red,Professional,3,135
CTR_012706,Volkswagen,Polo,2021,Gasoline,15210.5,Blue,Personal,2,123
CTR_012707,Volkswagen,Golf,2017,Diesel,4241.74,White,Personal,2,155
CTR_012710,Volkswagen,Polo,2023,Electric,20971.4,Gray,Personal,0,200
CTR_012711,Peugeot,3008,2020,Gasoline,7526.49,White,Mixed,0,152
CTR_012712,Volkswagen,Golf,2023,Diesel,18533.35,Unknown,Mixed,3,145
CTR_012714,Renault,Clio,2013,Diesel,4000.1,Black,Mixed,0,135
CTR_012715,Renault,Megane,2024,Diesel,13273.45,White,Personal,3,135
CTR_012723,Peugeot,308,2024,Gasoline,14117.38,Blue,Personal,3,97
CTR_012724,Renault,Megane,2019,Hybrid,5608.53,Blue,Mixed,3,180
CTR_012725,Volkswagen,Tiguan,2010,Hybrid,4265.18,White,Mixed,0,107
CTR_012726,Renault,Clio,2021,Diesel,9641.63,Gray,Personal,0,146
CTR_012729,Volkswagen,Tiguan,2017,Hybrid,5191.41,White,Mixed,2,140
CTR_012733,Peugeot,3008,2020,Diesel,13274.93,Red,Personal,1,121
CTR_012736,Peugeot,208,2020,Gasoline,8418.145,White,Professional,2,160
CTR_012737,Peugeot,308,2019,Gasoline,4813.42,White,Personal,3,90
CTR_012740,Peugeot,308,2014,Diesel,4671.84,Gray,Mixed,3,135
CTR_012741,Volkswagen,Tiguan,2018,Diesel,5066.26,Blue,Mixed,3,135
CTR_012743,Peugeot,308,2020,Diesel,13517.01,Blue,Mixed,3,142
CTR_012748,Volkswagen,Polo,2022,Electric,17561.47,Unknown,Professional,1,141
CTR_012750,Peugeot,208,2023,Gasoline,14033.05,Unknown,Mixed,1,135
CTR_012754,Renault,Megane,2021,Gasoline,7338.58,Black,Personal,2,135
CTR_012755,Renault,Captur,2022,Hybrid,12186.62,Unknown,Professional,0,135
CTR_012757,Volkswagen,Tiguan,2020,Gasoline,9422.73,Black,Personal,0,135
CTR_012759,Volkswagen,Golf,2021,Electric,10804.86,Black,Mixed,1,130
CTR_012760,Renault,Megane,2020,Hybrid,5351.62,Gray,Mixed,0,141
CTR_012762,Volkswagen,Tiguan,2022,Diesel,17624.17,Blue,Professional,1,135
CTR_012763,BMW,X1,2019,Gasoline,8418.145,White,Professional,3,140
CTR_012765,Peugeot,308,2020,Gasoline,8192.06,Gray,Professional,3,135
CTR_012769,BMW,Serie3,2023,Electric,8418.145,Blue,Personal,0,120
CTR_012770,Renault,Megane,2022,Electric,11161.67,Unknown,Professional,0,106
CTR_012772,Renault,Megane,2023,Gasoline,8418.145,Black,Professional,2,77
CTR_012778,Volkswagen,Polo,2016,Electric,5934.19,Black,Professional,3,137
CTR_012780,Renault,Captur,2019,Diesel,4734.98,Unknown,Personal,3,105
CTR_012781,BMW,Serie1,2014,Diesel,4315.99,White,Mixed,0,144
CTR_012783,Volkswagen,Polo,2022,Hybrid,12437.66,Blue,Personal,1,135
CTR_012789,Peugeot,208,2022,Hybrid,12745.19,White,Personal,3,149
CTR_012791,Volkswagen,Polo,2013,Diesel,4187.91,Unknown,Professional,3,116
CTR_012793,Renault,Captur,2024,Hybrid,8418.145,Black,Professional,3,185
CTR_012795,Renault,Captur,2022,Hybrid,9387.04,Gray,Mixed,0,116
CTR_012796,Mercedes,ClasseA,2018,Hybrid,10543.83,Gray,Mixed,0,135
CTR_012797,Volkswagen,Tiguan,2019,Hybrid,8850.5,Blue,Mixed,1,135
CTR_012800,Renault,Clio,2018,Gasoline,5900.38,Red,Mixed,3,107
CTR_012812,Renault,Captur,2019,Diesel,6448.67,Blue,Personal,2,153
CTR_012813,Peugeot,3008,2024,Electric,17046.99,White,Mixed,2,135
CTR_012817,Volkswagen,Polo,2018,Hybrid,5415.13,Gray,Professional,0,113
CTR_012819,Volkswagen,Polo,2023,Gasoline,19724.8,Unknown,Professional,2,101
CTR_012820,Volkswagen,Golf,2016,Electric,5554.3,White,Professional,2,185
CTR_012822,Mercedes,ClasseC,2018,Electric,10068.94,White,Personal,0,194
CTR_012825,Renault,Captur,2022,Gasoline,9628.76,Black,Mixed,2,185
CTR_012828,Renault,Megane,2014,Electric,4997.99,White,Mixed,0,131
CTR_012830,Renault,Clio,2022,Electric,12612.56,White,Personal,1,97
CTR_012832,Volkswagen,Polo,2011,Gasoline,4215.8,Red,Mixed,0,91
CTR_012834,Volkswagen,Golf,2024,Diesel,23907.2,Unknown,Personal,2,179
CTR_012835,Renault,Captur,2022,Gasoline,9188.4,Unknown,Personal,2,93
CTR_012837,Renault,Clio,2020,Hybrid,7238.1,Red,Personal,0,148
CTR_012842,BMW,Serie3,2018,Gasoline,9031.57,White,Professional,3,135
CTR_012843,Volkswagen,Golf,2021,Electric,12389.14,Blue,Personal,2,135
CTR_012845,Renault,Captur,2024,Electric,16563.87,Gray,Personal,1,192
CTR_012849,Volkswagen,Tiguan,2010,Gasoline,5263.6,Black,Personal,0,107
CTR_012850,BMW,X1,2020,Electric,16725.89,Gray,Professional,3,91
CTR_012851,BMW,Serie3,2021,Electric,25905.78,Unknown,Mixed,0,190
CTR_012852,Renault,Megane,2020,Electric,7140.67,Unknown,Personal,3,108
CTR_012855,Peugeot,208,2022,Diesel,13421.72,Gray,Personal,1,193
CTR_012862,Peugeot,308,2022,Electric,10728.97,Unknown,Professional,3,181
CTR_012863,Renault,Clio,2023,Gasoline,12736.29,Blue,Professional,3,117
CTR_012873,Peugeot,3008,2021,Gasoline,10941.78,Gray,Professional,1,77
CTR_012874,Volkswagen,Polo,2014,Diesel,5917.69,Blue,Professional,2,160
CTR_012876,Peugeot,208,2013,Electric,5598.34,Gray,Mixed,3,100
CTR_012880,Volkswagen,Golf,2012,Diesel,5871.07,White,Mixed,0,127
CTR_012882,Renault,Captur,2020,Hybrid,4927.55,White,Professional,3,134
CTR_012889,Peugeot,208,2019,Electric,7298.28,Black,Personal,2,118
CTR_012890,Renault,Clio,2018,Gasoline,4189.3,White,Professional,3,135
CTR_012893,Renault,Megane,2012,Hybrid,5187.63,White,Professional,1,148
CTR_012894,Renault,Megane,2022,Gasoline,8569.47,Black,Professional,0,159
CTR_012895,Peugeot,3008,2015,Diesel,4972.1,Blue,Personal,1,111
CTR_012896,Volkswagen,Tiguan,2023,Electric,18765.54,White,Mixed,1,112
CTR_012899,Volkswagen,Tiguan,2013,Gasoline,4343.12,Gray,Personal,0,185
CTR_012900,Peugeot,3008,2018,Gasoline,4400.28,Unknown,Professional,1,135
CTR_012902,Peugeot,208,2019,Electric,4948.12,Blue,Mixed,1,118
CTR_012906,Renault,Clio,2018,Hybrid,5494.78,White,Mixed,0,109
CTR_012908,Volkswagen,Tiguan,2018,Hybrid,5483.4,Unknown,Mixed,1,167
CTR_012909,Renault,Megane,2020,Electric,8409.71,Gray,Personal,0,149
CTR_012917,Peugeot,208,2011,Gasoline,4724.52,Red,Personal,0,174
CTR_012918,Peugeot,308,2022,Gasoline,11104.77,Blue,Mixed,1,135
CTR_012923,BMW,X1,2024,Gasoline,34928.89,White,Professional,0,104
CTR_012930,Renault,Clio,2023,Electric,14098.57,Blue,Mixed,3,107
CTR_012935,Renault,Megane,2022,Diesel,9755.55,Red,Personal,0,141
CTR_012936,Volkswagen,Polo,2022,Diesel,12473.6,Unknown,Mixed,1,134
CTR_012950,Volkswagen,Tiguan,2014,Gasoline,5254.38,Gray,Personal,0,178
CTR_012953,Volkswagen,Golf,2023,Diesel,19892.93,Red,Professional,3,123
CTR_012955,Volkswagen,Tiguan,2022,Gasoline,15542.04,Blue,Personal,2,126
CTR_012956,Renault,Clio,2023,Hybrid,11435.32,Blue,Personal,2,135
CTR_012958,Mercedes,ClasseA,2022,Gasoline,31986.51,Black,Personal,0,135
CTR_012964,Peugeot,208,2018,Diesel,5982.01,Black,Professional,3,102
CTR_012965,Renault,Megane,2023,Electric,12684.88,Gray,Mixed,1,161
CTR_012968,Volkswagen,Polo,2019,Diesel,7408.69,Gray,Personal,1,135
CTR_012973,Renault,Megane,2018,Gasoline,4487.23,Gray,Personal,0,152
CTR_012974,Renault,Megane,2021,Diesel,10745.64,Blue,Professional,1,182
CTR_012975,Renault,Clio,2022,Hybrid,12131.4,Gray,Professional,0,142
CTR_012978,Peugeot,3008,2017,Electric,4558.97,Red,Professional,2,135
CTR_012982,Renault,Captur,2024,Hybrid,12669.7,Red,Mixed,0,173
CTR_012983,Volkswagen,Polo,2021,Diesel,14354.79,White,Professional,3,135
CTR_012985,Renault,Clio,2021,Diesel,10724.35,Black,Personal,0,185
CTR_012990,Renault,Clio,2018,Electric,4931.21,Unknown,Professional,0,174
CTR_012993,Volkswagen,Golf,2022,Gasoline,13541.77,Blue,Mixed,3,135
CTR_012994,Mercedes,GLA,2020,Hybrid,18556.46,Black,Professional,1,179
CTR_012995,Volkswagen,Golf,2024,Electric,22378.81,Red,Personal,0,131
CTR_012996,Peugeot,308,2021,Electric,10003.27,Red,Professional,3,133
CTR_012999,Volkswagen,Polo,2020,Diesel,21070.01,Black,Professional,2,111
CTR_013001,Peugeot,308,2014,Hybrid,8418.145,Black,Personal,2,135
CTR_013002,Volkswagen,Golf,2020,Electric,8418.145,Black,Professional,0,92
CTR_013005,Renault,Megane,2023,Electric,9908.44,White,Mixed,0,103
CTR_013009,Renault,Clio,2022,Hybrid,12407.1,White,Professional,0,159
CTR_013016,Peugeot,308,2023,Diesel,12434.35,White,Personal,1,96
CTR_013018,Mercedes,ClasseA,2024,Gasoline,44127.62,Unknown,Professional,0,135
CTR_013019,Peugeot,3008,2018,Gasoline,5768.92,Black,Personal,1,135
CTR_013020,Volkswagen,Golf,2023,Hybrid,18293.0,Blue,Professional,0,135
CTR_013026,Peugeot,308,2020,Hybrid,11054.61,Black,Mixed,1,135
CTR_013027,Mercedes,GLA,2024,Diesel,32618.69,Blue,Personal,3,175
CTR_013036,Peugeot,3008,2020,Hybrid,8418.145,Red,Mixed,1,145
CTR_013046,Renault,Captur,2010,Hybrid,4643.25,Gray,Mixed,3,110
CTR_013048,Renault,Clio,2022,Diesel,10922.37,Black,Personal,0,135
CTR_013049,Renault,Captur,2018,Gasoline,8418.145,Unknown,Professional,1,152
CTR_013051,Volkswagen,Polo,2023,Diesel,19086.15,Gray,Professional,3,97
CTR_013055,Volkswagen,Polo,2024,Gasoline,22959.36,Unknown,Professional,2,169
CTR_013056,Volkswagen,Polo,2024,Gasoline,16374.77,Gray,Personal,2,155
CTR_013057,Renault,Clio,2018,Electric,5210.01,Unknown,Personal,2,198
CTR_013058,Renault,Clio,2021,Diesel,7845.4,Unknown,Mixed,1,85
CTR_013059,Peugeot,208,2018,Gasoline,5945.08,White,Personal,2,123
CTR_013060,Volkswagen,Polo,2021,Hybrid,12334.65,Unknown,Mixed,1,90
CTR_013061,Renault,Megane,2014,Gasoline,5247.71,Blue,Mixed,2,135
CTR_013062,BMW,X1,2020,Gasoline,17119.52,Black,Mixed,2,135
CTR_013064,Peugeot,208,2015,Hybrid,4440.35,Blue,Mixed,3,127
CTR_013065,Volkswagen,Golf,2014,Gasoline,5375.75,Gray,Personal,2,149
CTR_013066,Volkswagen,Golf,2022,Hybrid,17870.7,Blue,Personal,1,100
CTR_013067,Renault,Megane,2019,Electric,4613.23,White,Personal,3,120
CTR_013068,Volkswagen,Polo,2021,Diesel,14465.23,Black,Personal,2,145
CTR_013069,Volkswagen,Polo,2018,Diesel,5245.17,Black,Personal,1,125
CTR_013078,Renault,Clio,2024,Electric,11877.17,Unknown,Professional,1,135
CTR_013079,Volkswagen,Golf,2022,Diesel,16496.71,Black,Professional,2,133
CTR_013080,Peugeot,308,2024,Diesel,12494.82,Gray,Mixed,3,169
CTR_013083,Renault,Clio,2015,Diesel,6001.02,Unknown,Personal,3,107
CTR_013084,Renault,Megane,2019,Gasoline,5456.19,Blue,Mixed,1,98
CTR_013087,Peugeot,308,2022,Gasoline,9871.21,Black,Mixed,2,180
CTR_013097,Volkswagen,Polo,2023,Electric,15186.63,Blue,Personal,3,130
CTR_013101,Peugeot,3008,2020,Diesel,14510.51,Unknown,Personal,1,128
CTR_013102,Volkswagen,Tiguan,2019,Hybrid,9050.48,Unknown,Personal,1,84
CTR_013107,Renault,Captur,2013,Gasoline,8418.145,Gray,Personal,0,135
CTR_013109,Peugeot,208,2020,Electric,8489.04,Gray,Mixed,3,135
CTR_013118,Renault,Megane,2020,Electric,8293.8,White,Personal,2,120
CTR_013120,Volkswagen,Polo,2014,Electric,5342.82,Gray,Mixed,0,150
CTR_013125,Renault,Captur,2024,Electric,12139.0,White,Mixed,0,101
CTR_013128,Renault,Captur,2019,Diesel,5325.08,Blue,Personal,1,163
CTR_013129,Peugeot,3008,2024,Electric,17875.72,Black,Professional,3,193
CTR_013130,Renault,Clio,2024,Gasoline,13711.54,White,Personal,2,187
CTR_013135,Renault,Clio,2020,Electric,8514.37,White,Personal,3,182
CTR_013136,BMW,Serie3,2020,Gasoline,28757.09,Red,Mixed,3,105
CTR_013139,Peugeot,3008,2021,Diesel,10512.94,Black,Mixed,1,167
CTR_013140,Volkswagen,Polo,2013,Hybrid,4380.42,Black,Personal,3,174
CTR_013141,Renault,Megane,2019,Hybrid,5305.96,Black,Professional,0,162
CTR_013144,Volkswagen,Golf,2010,Diesel,5464.77,Red,Mixed,0,110
CTR_013145,Volkswagen,Polo,2024,Electric,8418.145,Gray,Professional,0,132
CTR_013149,Peugeot,208,2024,Diesel,17175.64,White,Mixed,1,98
CTR_013150,Volkswagen,Golf,2018,Gasoline,4950.38,White,Mixed,3,97
CTR_013151,Volkswagen,Tiguan,2020,Gasoline,8794.59,Gray,Professional,1,195
CTR_013153,Volkswagen,Tiguan,2017,Gasoline,4078.89,Unknown,Professional,3,136
CTR_013161,Renault,Megane,2022,Gasoline,9787.95,Black,Mixed,3,109
CTR_013162,Volkswagen,Golf,2013,Gasoline,5260.99,Unknown,Personal,0,128
CTR_013164,Peugeot,208,2021,Gasoline,11443.37,White,Personal,2,96
CTR_013165,Volkswagen,Tiguan,2016,Diesel,8418.145,White,Professional,3,119
CTR_013169,Volkswagen,Tiguan,2018,Gasoline,5463.69,White,Personal,1,147
CTR_013170,Volkswagen,Polo,2023,Diesel,8418.145,Gray,Personal,1,118
CTR_013173,Renault,Captur,2020,Diesel,12815.25,Gray,Mixed,3,199
CTR_013175,Peugeot,308,2016,Diesel,5418.19,Red,Professional,0,147
CTR_013177,Volkswagen,Golf,2020,Electric,13987.57,Red,Professional,0,135
CTR_013179,Renault,Captur,2020,Gasoline,10841.39,Black,Professional,0,135
CTR_013180,BMW,Serie1,2024,Electric,39395.13,White,Personal,2,118
CTR_013184,Peugeot,3008,2011,Hybrid,5168.99,Red,Mixed,1,141
CTR_013186,BMW,Serie1,2019,Electric,8418.145,White,Personal,0,104
CTR_013187,Volkswagen,Tiguan,2020,Hybrid,12435.09,Red,Mixed,0,132
CTR_013193,BMW,Serie1,2014,Gasoline,4607.71,Gray,Mixed,2,135
CTR_013198,Renault,Megane,2011,Gasoline,5928.38,Black,Professional,0,129
CTR_013202,Volkswagen,Tiguan,2020,Gasoline,16140.04,Unknown,Mixed,1,94
CTR_013203,Renault,Captur,2013,Hybrid,5706.3,White,Mixed,0,118
CTR_013208,Peugeot,3008,2018,Hybrid,5379.17,White,Personal,2,135
CTR_013210,Peugeot,3008,2024,Hybrid,14141.22,Black,Professional,0,186
CTR_013211,Volkswagen,Golf,2023,Gasoline,20683.55,Gray,Personal,0,126
CTR_013220,Renault,Captur,2018,Diesel,5166.29,Red,Mixed,2,135
CTR_013221,Volkswagen,Golf,2020,Gasoline,6338.67,Gray,Personal,0,93
CTR_013223,Renault,Megane,2014,Electric,5593.88,Red,Professional,0,135
CTR_013227,Renault,Captur,2024,Gasoline,12605.73,Blue,Professional,1,103
CTR_013228,Peugeot,308,2021,Hybrid,8712.43,Red,Mixed,0,186
CTR_013229,Volkswagen,Golf,2020,Diesel,10284.42,Unknown,Personal,0,135
CTR_013231,Mercedes,GLA,2018,Electric,13139.93,Unknown,Personal,0,186
CTR_013232,Volkswagen,Polo,2021,Diesel,10559.8,Blue,Mixed,3,193
CTR_013234,Renault,Megane,2022,Gasoline,9302.1,Black,Professional,0,145
CTR_013235,Peugeot,3008,2018,Gasoline,5249.05,White,Mixed,3,121
CTR_013237,Renault,Megane,2021,Hybrid,9507.28,Blue,Professional,2,168
CTR_013239,Volkswagen,Polo,2020,Diesel,17311.85,Black,Personal,0,150
CTR_013241,Peugeot,3008,2016,Gasoline,8418.145,Unknown,Professional,2,105
CTR_013243,Renault,Megane,2024,Electric,12190.28,Gray,Professional,2,106
CTR_013244,Peugeot,3008,2023,Hybrid,11522.77,Black,Professional,0,135
CTR_013248,Volkswagen,Golf,2022,Electric,16024.13,Black,Personal,2,181
CTR_013250,Renault,Clio,2021,Diesel,8678.53,Unknown,Professional,2,182
CTR_013251,Peugeot,3008,2010,Hybrid,4052.02,White,Professional,3,135
CTR_013260,Volkswagen,Polo,2018,Gasoline,6541.94,Gray,Personal,1,167
CTR_013262,Peugeot,3008,2021,Diesel,7968.54,Gray,Mixed,1,171
CTR_013270,BMW,Serie3,2013,Hybrid,4312.63,Unknown,Professional,0,182
CTR_013271,Renault,Captur,2010,Electric,5794.21,Unknown,Mixed,3,136
CTR_013283,Peugeot,3008,2024,Electric,13651.87,White,Mixed,2,86
CTR_013284,Renault,Megane,2020,Diesel,8205.08,Blue,Mixed,0,179
CTR_013286,Renault,Megane,2011,Electric,4341.43,Blue,Mixed,0,135
CTR_013288,Renault,Captur,2022,Electric,8717.07,Blue,Mixed,0,113
CTR_013291,Mercedes,GLA,2021,Gasoline,8418.145,Blue,Professional,0,135
CTR_013293,Volkswagen,Polo,2012,Diesel,5484.03,Red,Mixed,1,135
CTR_013296,Renault,Clio,2021,Electric,9542.73,Gray,Professional,0,156
CTR_013304,Renault,Captur,2020,Diesel,6728.52,Red,Mixed,3,183
CTR_013305,Peugeot,3008,2022,Diesel,12008.67,White,Mixed,0,91
CTR_013309,Renault,Megane,2019,Gasoline,5969.56,Blue,Personal,1,146
CTR_013311,Renault,Megane,2012,Hybrid,5129.37,White,Mixed,3,116
CTR_013313,Renault,Captur,2013,Electric,5871.05,Red,Personal,0,155
CTR_013320,Peugeot,3008,2010,Diesel,5587.24,Black,Mixed,3,115
CTR_013324,Peugeot,3008,2020,Gasoline,8785.84,Blue,Personal,1,196
CTR_013325,Peugeot,308,2023,Diesel,12808.72,Unknown,Personal,0,122
CTR_013329,Volkswagen,Tiguan,2020,Diesel,11165.02,Unknown,Professional,3,130
CTR_013330,Mercedes,ClasseA,2018,Gasoline,9781.41,Black,Professional,2,161
CTR_013332,Mercedes,ClasseA,2023,Electric,32327.05,Blue,Mixed,0,115
CTR_013333,Volkswagen,Tiguan,2020,Gasoline,10410.07,Gray,Mixed,1,145
CTR_013334,Renault,Megane,2024,Electric,15771.0,Red,Personal,1,185
CTR_013336,Renault,Captur,2016,Diesel,4673.86,Blue,Professional,0,135
CTR_013339,Volkswagen,Polo,2014,Gasoline,4879.63,Blue,Professional,0,106
CTR_013341,Peugeot,308,2014,Diesel,5914.0,Blue,Personal,2,114
CTR_013343,Peugeot,3008,2018,Electric,4568.2,Red,Personal,3,153
CTR_013344,Volkswagen,Golf,2022,Hybrid,15917.84,Black,Mixed,0,158
CTR_013345,BMW,X1,2020,Electric,5175.74,Gray,Personal,2,154
CTR_013347,Renault,Clio,2024,Electric,13505.39,Black,Personal,1,179
CTR_013348,Volkswagen,Polo,2023,Hybrid,16403.83,Blue,Personal,0,67
CTR_013349,Peugeot,308,2019,Gasoline,4831.37,Blue,Professional,0,102
CTR_013350,Volkswagen,Polo,2018,Gasoline,6369.96,Black,Mixed,2,168
CTR_013352,Volkswagen,Tiguan,2021,Diesel,11936.88,Blue,Personal,2,142
CTR_013354,Peugeot,308,2021,Hybrid,8646.43,Blue,Mixed,1,135
CTR_013357,Peugeot,208,2022,Gasoline,13190.24,Black,Mixed,3,135
CTR_013361,Peugeot,308,2019,Diesel,5351.09,Blue,Professional,3,144
CTR_013362,Renault,Clio,2024,Gasoline,13470.0,White,Personal,1,138
CTR_013364,Renault,Clio,2017,Gasoline,5898.86,Blue,Professional,3,104
CTR_013365,Mercedes,ClasseA,2020,Gasoline,17308.0,White,Personal,1,66
CTR_013369,Peugeot,208,2014,Hybrid,5876.87,Red,Mixed,3,147
CTR_013371,Peugeot,208,2023,Hybrid,12620.33,Blue,Professional,3,176
CTR_013373,Renault,Megane,2023,Gasoline,13753.69,Unknown,Professional,1,180
CTR_013374,Peugeot,308,2023,Diesel,12439.14,White,Mixed,2,153
CTR_013375,Renault,Clio,2023,Hybrid,11903.83,Unknown,Professional,1,133
CTR_013378,Volkswagen,Polo,2020,Hybrid,10141.16,Unknown,Mixed,0,157
CTR_013379,Renault,Megane,2019,Gasoline,6600.85,Gray,Personal,1,147
CTR_013381,Renault,Clio,2018,Electric,5610.56,Blue,Mixed,0,94
CTR_013383,Volkswagen,Tiguan,2011,Electric,4433.75,Gray,Personal,0,92
CTR_013385,Peugeot,308,2024,Hybrid,15669.07,Black,Mixed,1,134
CTR_013388,Peugeot,3008,2018,Gasoline,5778.94,Red,Personal,1,172
CTR_013389,Volkswagen,Golf,2020,Gasoline,9211.82,Unknown,Personal,1,135
CTR_013390,Peugeot,3008,2020,Hybrid,7293.17,Gray,Professional,3,135
CTR_013391,Volkswagen,Polo,2021,Diesel,13165.89,White,Mixed,3,121
CTR_013397,Renault,Captur,2022,Gasoline,12713.77,Red,Mixed,0,106
CTR_013400,Renault,Megane,2018,Diesel,4930.72,Black,Professional,0,90
CTR_013404,Renault,Megane,2021,Electric,9262.31,White,Professional,0,192
CTR_013405,Renault,Megane,2023,Diesel,10522.8,Red,Professional,3,184
CTR_013407,Renault,Clio,2016,Gasoline,5516.31,Gray,Mixed,2,169
CTR_013408,Volkswagen,Tiguan,2021,Electric,11365.74,White,Personal,2,135
CTR_013409,Renault,Captur,2023,Diesel,11472.0,Blue,Personal,3,133
CTR_013411,Volkswagen,Golf,2018,Electric,6069.43,Unknown,Personal,3,135
CTR_013412,BMW,Serie1,2020,Gasoline,21723.02,Gray,Personal,2,95
CTR_013416,Volkswagen,Polo,2020,Hybrid,9646.21,White,Personal,2,105
CTR_013420,Renault,Captur,2020,Diesel,14046.36,Unknown,Mixed,0,161
CTR_013422,Peugeot,308,2024,Hybrid,16768.23,White,Personal,1,113
CTR_013429,Peugeot,208,2016,Hybrid,5754.71,Gray,Professional,1,119
CTR_013433,Volkswagen,Tiguan,2021,Diesel,11154.93,Gray,Mixed,3,135
CTR_013434,Renault,Megane,2020,Hybrid,9304.91,Red,Personal,0,164
CTR_013436,Volkswagen,Polo,2015,Hybrid,5054.84,Black,Professional,1,104
CTR_013438,Volkswagen,Tiguan,2022,Gasoline,14448.54,White,Professional,1,159
CTR_013441,Peugeot,3008,2018,Gasoline,5854.56,Blue,Personal,2,175
CTR_013442,Peugeot,208,2014,Hybrid,5943.28,Blue,Mixed,1,106
CTR_013443,Renault,Captur,2020,Diesel,8703.71,Gray,Mixed,3,136
CTR_013444,Renault,Captur,2022,Diesel,8418.145,White,Mixed,1,109
CTR_013448,Peugeot,208,2018,Electric,8418.145,Blue,Mixed,0,141
CTR_013449,Renault,Captur,2018,Gasoline,4517.59,Black,Professional,3,135
CTR_013451,Renault,Clio,2021,Hybrid,8418.145,Black,Professional,1,142
CTR_013452,Volkswagen,Polo,2015,Gasoline,5966.41,Blue,Mixed,2,124
CTR_013455,Peugeot,208,2020,Electric,8558.86,White,Personal,0,74
CTR_013460,Volkswagen,Golf,2018,Hybrid,6151.02,Unknown,Personal,0,142
CTR_013465,Peugeot,308,2019,Diesel,5418.23,Gray,Mixed,0,130
CTR_013466,Peugeot,208,2024,Gasoline,14518.69,Unknown,Professional,0,195
CTR_013472,Peugeot,208,2020,Gasoline,14055.18,Black,Personal,1,198
CTR_013473,Peugeot,308,2010,Hybrid,4604.0,Blue,Mixed,0,159
CTR_013474,Peugeot,208,2019,Gasoline,6554.64,Red,Mixed,2,135
CTR_013475,Peugeot,308,2024,Gasoline,12599.12,Unknown,Professional,0,138
CTR_013481,Volkswagen,Golf,2022,Electric,13165.89,Black,Personal,1,110
CTR_013482,Renault,Clio,2023,Diesel,11887.0,Black,Personal,2,156
CTR_013483,Volkswagen,Polo,2018,Gasoline,5158.11,Red,Mixed,0,135
CTR_013484,Renault,Clio,2014,Electric,5806.74,Red,Mixed,3,187
CTR_013486,Volkswagen,Golf,2021,Hybrid,11266.27,Red,Professional,2,106
CTR_013499,Renault,Megane,2020,Diesel,12593.52,Black,Professional,0,169
CTR_013504,Renault,Clio,2024,Electric,12197.28,Blue,Personal,0,148
CTR_013506,Mercedes,ClasseA,2012,Electric,5716.0,Blue,Professional,0,178
CTR_013508,Peugeot,208,2023,Electric,11626.87,Blue,Mixed,2,106
CTR_013509,BMW,Serie1,2024,Hybrid,32929.09,Red,Mixed,2,133
CTR_013511,Peugeot,208,2023,Hybrid,14093.96,Red,Personal,3,138
CTR_013512,Renault,Captur,2021,Electric,7446.23,Red,Personal,1,144
CTR_013515,Renault,Megane,2021,Diesel,10094.87,Blue,Professional,0,96
CTR_013519,Peugeot,308,2018,Hybrid,5412.5,Unknown,Professional,0,124
CTR_013522,Volkswagen,Golf,2016,Electric,4522.08,Gray,Personal,0,135
CTR_013523,Volkswagen,Tiguan,2023,Gasoline,8418.145,White,Mixed,2,188
CTR_013525,Renault,Clio,2019,Electric,5868.96,White,Personal,2,167
CTR_013526,Peugeot,3008,2021,Gasoline,11314.4,White,Mixed,0,191
CTR_013527,BMW,X1,2020,Hybrid,19141.02,Red,Mixed,0,196
CTR_013529,Mercedes,GLA,2019,Electric,8418.145,White,Personal,2,97
CTR_013541,Peugeot,208,2020,Gasoline,9532.79,White,Professional,0,144
CTR_013543,Volkswagen,Golf,2019,Hybrid,7838.77,Blue,Professional,0,182
CTR_013544,Renault,Clio,2020,Gasoline,7374.0,Black,Personal,0,182
CTR_013549,Volkswagen,Polo,2019,Electric,8060.96,Black,Professional,2,183
CTR_013551,Volkswagen,Tiguan,2020,Gasoline,9834.46,Gray,Personal,2,193
CTR_013552,Peugeot,3008,2022,Gasoline,13095.53,Red,Mixed,1,111
CTR_013554,Volkswagen,Golf,2018,Hybrid,5219.45,Red,Personal,1,135
CTR_013558,Renault,Megane,2010,Hybrid,8418.145,Gray,Personal,2,130
CTR_013560,Renault,Clio,2023,Diesel,8418.145,Red,Personal,2,129
CTR_013561,Peugeot,308,2020,Diesel,4869.0,Unknown,Professional,3,135
CTR_013565,Peugeot,3008,2023,Gasoline,14157.74,Unknown,Mixed,0,86
CTR_013567,Peugeot,308,2011,Diesel,5515.71,Black,Personal,1,135
CTR_013572,Renault,Clio,2019,Gasoline,6285.94,Blue,Mixed,3,120
CTR_013573,Volkswagen,Tiguan,2020,Hybrid,11385.19,White,Mixed,0,135
CTR_013584,Renault,Megane,2024,Hybrid,13813.83,Blue,Mixed,2,191
CTR_013587,Renault,Captur,2018,Electric,4074.94,Unknown,Personal,0,195
CTR_013589,Volkswagen,Golf,2022,Diesel,15348.91,Gray,Mixed,0,126
CTR_013590,Renault,Clio,2019,Electric,4603.54,Black,Personal,2,125
CTR_013591,Peugeot,308,2020,Electric,9255.32,Gray,Mixed,0,155
CTR_013592,Volkswagen,Tiguan,2022,Gasoline,14457.98,Gray,Professional,3,110
CTR_013594,Peugeot,208,2019,Gasoline,6008.0,Gray,Professional,1,137
CTR_013599,Renault,Megane,2022,Gasoline,9063.35,Unknown,Mixed,3,138
CTR_013601,Renault,Megane,2019,Electric,6710.42,White,Professional,1,135
CTR_013602,Volkswagen,Polo,2019,Gasoline,7975.05,Red,Professional,3,121
CTR_013603,Volkswagen,Polo,2018,Gasoline,5148.17,Gray,Professional,1,188
CTR_013605,Peugeot,3008,2018,Electric,4386.1,Blue,Mixed,0,90
CTR_013606,Volkswagen,Polo,2018,Diesel,5935.84,Red,Personal,3,128
CTR_013607,Peugeot,308,2018,Diesel,4872.6,Gray,Professional,1,99
CTR_013611,BMW,X1,2016,Electric,4634.66,White,Mixed,0,124
CTR_013615,Volkswagen,Tiguan,2012,Gasoline,4019.29,Red,Professional,0,112
CTR_013619,Volkswagen,Tiguan,2019,Gasoline,6516.47,Unknown,Personal,1,97
CTR_013620,Volkswagen,Tiguan,2021,Electric,13791.3,White,Personal,2,141
CTR_013625,Volkswagen,Golf,2018,Diesel,6112.05,Red,Personal,2,140
CTR_013628,Peugeot,308,2021,Gasoline,10939.74,Unknown,Mixed,2,135
CTR_013633,Volkswagen,Tiguan,2022,Hybrid,16741.45,Unknown,Professional,3,154
CTR_013636,Peugeot,208,2019,Gasoline,6176.26,Blue,Professional,1,103
CTR_013638,Volkswagen,Golf,2023,Gasoline,18029.38,Blue,Mixed,2,100
CTR_013639,Volkswagen,Golf,2023,Electric,19327.23,White,Mixed,1,143
CTR_013641,Peugeot,308,2018,Hybrid,8418.145,Blue,Personal,3,135
CTR_013642,Volkswagen,Tiguan,2017,Diesel,4669.03,White,Personal,0,93
CTR_013644,Volkswagen,Polo,2024,Hybrid,16842.56,White,Mixed,2,76
CTR_013647,Renault,Captur,2022,Diesel,11796.9,Red,Mixed,3,153
CTR_013649,Peugeot,3008,2016,Electric,4446.21,Unknown,Professional,0,196
CTR_013651,Peugeot,208,2023,Diesel,14737.88,Black,Professional,3,135
CTR_013653,Renault,Megane,2019,Diesel,5864.53,Unknown,Professional,3,126
CTR_013657,Volkswagen,Polo,2019,Electric,8300.02,Black,Professional,0,174
CTR_013661,Volkswagen,Polo,2018,Diesel,6389.09,Blue,Mixed,0,93
CTR_013663,Volkswagen,Polo,2023,Hybrid,18945.83,Red,Personal,3,156
CTR_013665,Peugeot,208,2015,Electric,5090.22,Gray,Professional,2,82
CTR_013670,Renault,Megane,2010,Diesel,4601.8,Black,Personal,2,161
CTR_013671,Volkswagen,Polo,2022,Diesel,18156.59,Unknown,Professional,2,154
CTR_013674,Volkswagen,Tiguan,2013,Diesel,5677.08,Unknown,Mixed,1,132
CTR_013676,Renault,Captur,2023,Diesel,11581.95,White,Professional,0,129
CTR_013677,Peugeot,3008,2017,Hybrid,5612.46,Black,Personal,2,123
CTR_013679,Volkswagen,Polo,2014,Electric,4240.38,Blue,Personal,2,179
CTR_013686,Peugeot,3008,2019,Hybrid,5394.59,Gray,Mixed,0,166
CTR_013692,Peugeot,3008,2017,Gasoline,5915.1,Gray,Professional,1,168
CTR_013693,Renault,Megane,2023,Gasoline,14142.89,Gray,Mixed,0,95
CTR_013696,Mercedes,ClasseC,2018,Electric,11674.9,Blue,Personal,1,127
CTR_013697,Peugeot,3008,2018,Electric,5398.26,White,Mixed,0,146
CTR_013699,Renault,Captur,2022,Hybrid,8893.0,Black,Mixed,2,129
CTR_013700,Peugeot,208,2018,Hybrid,4664.75,Red,Mixed,2,183
CTR_013712,Renault,Clio,2024,Hybrid,13005.58,Unknown,Personal,1,189
CTR_013724,Mercedes,ClasseA,2020,Hybrid,4065.34,Gray,Mixed,3,97
CTR_013726,Peugeot,308,2010,Gasoline,5408.2,Unknown,Professional,2,154
CTR_013729,BMW,Serie1,2024,Electric,32305.76,Black,Mixed,3,112
CTR_013730,Peugeot,308,2018,Diesel,5266.19,Black,Personal,2,91
CTR_013732,Renault,Clio,2024,Electric,11352.45,Unknown,Professional,2,164
CTR_013733,Renault,Clio,2018,Gasoline,4003.29,Red,Mixed,3,130
CTR_013743,Renault,Megane,2024,Diesel,12152.04,Gray,Personal,3,119
CTR_013744,Renault,Clio,2015,Diesel,5405.77,Gray,Professional,3,124
CTR_013748,Renault,Captur,2019,Electric,5833.34,White,Professional,3,167
CTR_013750,Mercedes,GLA,2023,Hybrid,30988.0,Black,Professional,1,192
CTR_013755,Peugeot,208,2010,Gasoline,5046.75,Unknown,Professional,0,177
CTR_013756,BMW,Serie3,2021,Hybrid,23468.22,Gray,Personal,2,135
CTR_013758,Renault,Clio,2020,Hybrid,6583.24,Unknown,Personal,3,160
CTR_013760,Volkswagen,Polo,2021,Gasoline,14143.62,Black,Professional,1,135
CTR_013761,Volkswagen,Tiguan,2022,Diesel,12985.87,White,Personal,3,125
CTR_013765,Peugeot,3008,2020,Gasoline,7083.12,White,Mixed,3,173
CTR_013767,Volkswagen,Golf,2020,Gasoline,9998.5,Unknown,Mixed,1,87
CTR_013768,Peugeot,3008,2024,Hybrid,12631.74,Gray,Professional,2,122
CTR_013771,Volkswagen,Golf,2018,Electric,5724.0,Black,Personal,2,142
CTR_013772,Volkswagen,Tiguan,2014,Electric,5814.19,Unknown,Mixed,0,135
CTR_013774,Peugeot,208,2019,Electric,6088.84,White,Mixed,2,106
CTR_013776,Renault,Megane,2020,Diesel,8691.29,Black,Mixed,1,145
CTR_013780,Peugeot,3008,2022,Gasoline,10256.89,Red,Professional,3,178
CTR_013782,Peugeot,3008,2021,Electric,9493.5,Blue,Mixed,1,72
CTR_013784,Renault,Captur,2021,Electric,8418.145,Gray,Professional,1,185
CTR_013787,Renault,Clio,2020,Hybrid,6721.23,Gray,Professional,2,105
CTR_013788,Renault,Megane,2024,Diesel,13316.08,Black,Mixed,3,180
CTR_013789,Peugeot,308,2019,Electric,4877.79,Red,Professional,0,110
CTR_013791,Volkswagen,Golf,2018,Hybrid,5671.7,Blue,Personal,0,69
CTR_013793,Volkswagen,Polo,2020,Diesel,5482.82,Blue,Mixed,0,176
CTR_013796,Renault,Captur,2020,Gasoline,8339.36,Unknown,Mixed,0,135
CTR_013797,Mercedes,GLA,2024,Hybrid,37189.68,Blue,Mixed,2,125
CTR_013799,Mercedes,ClasseC,2016,Hybrid,5100.81,Black,Mixed,1,108
CTR_013800,Peugeot,308,2022,Gasoline,13191.15,Red,Personal,0,184
CTR_013803,Renault,Captur,2011,Hybrid,5599.74,White,Professional,0,190
CTR_013804,BMW,Serie3,2011,Hybrid,4928.15,Blue,Personal,1,160
CTR_013805,Mercedes,ClasseC,2019,Hybrid,13855.02,Unknown,Mixed,0,135
CTR_013808,Renault,Captur,2019,Gasoline,5730.6,Gray,Mixed,0,113
CTR_013810,Renault,Captur,2024,Hybrid,16742.3,Red,Mixed,3,141
CTR_013813,Peugeot,208,2016,Gasoline,5515.0,Unknown,Personal,2,135
CTR_013814,Mercedes,ClasseA,2023,Hybrid,44110.17,White,Personal,2,125
CTR_013815,Renault,Clio,2014,Hybrid,4377.52,Gray,Mixed,1,125
CTR_013820,Renault,Captur,2018,Diesel,5807.78,Blue,Personal,0,174
CTR_013825,Volkswagen,Polo,2020,Electric,8418.145,White,Mixed,1,112
CTR_013829,Mercedes,ClasseC,2023,Diesel,40299.94,Unknown,Professional,1,135
CTR_013832,Peugeot,208,2016,Diesel,4478.24,Red,Personal,3,155
CTR_013833,Peugeot,308,2020,Diesel,8182.87,Blue,Mixed,1,76
CTR_013836,Renault,Megane,2024,Hybrid,12841.09,Red,Personal,0,135
CTR_013838,Volkswagen,Polo,2019,Electric,6832.95,Unknown,Personal,3,135
CTR_013840,Volkswagen,Tiguan,2012,Gasoline,4494.2,Red,Personal,1,101
CTR_013844,Renault,Captur,2023,Diesel,12186.59,Gray,Mixed,1,185
CTR_013847,Renault,Megane,2022,Hybrid,12426.08,Unknown,Professional,0,167
CTR_013848,BMW,Serie3,2019,Gasoline,13378.0,Unknown,Professional,0,107
CTR_013851,Volkswagen,Golf,2023,Diesel,8418.145,Black,Personal,2,135
CTR_013860,Renault,Megane,2024,Diesel,8418.145,Blue,Personal,3,147
CTR_013861,Renault,Megane,2018,Gasoline,4419.74,Gray,Professional,3,135
CTR_013863,Renault,Megane,2010,Electric,4104.06,Black,Personal,3,128
CTR_013864,Renault,Megane,2023,Diesel,11684.93,White,Professional,3,121
CTR_013865,Renault,Clio,2019,Gasoline,5340.73,Blue,Mixed,0,138
CTR_013868,Volkswagen,Polo,2019,Hybrid,9510.85,Blue,Personal,0,193
CTR_013872,Renault,Captur,2020,Diesel,6715.76,Red,Personal,3,132
CTR_013873,Volkswagen,Tiguan,2018,Hybrid,5821.61,Black,Mixed,1,74
CTR_013875,Peugeot,308,2019,Diesel,6765.18,Gray,Mixed,3,186
CTR_013876,Volkswagen,Tiguan,2024,Electric,20104.18,Gray,Personal,1,108
CTR_013880,Peugeot,308,2019,Gasoline,6471.77,Unknown,Professional,0,102
CTR_013882,Peugeot,208,2011,Diesel,5948.78,White,Mixed,0,153
CTR_013889,Volkswagen,Polo,2020,Hybrid,5206.1,White,Mixed,3,98
CTR_013895,Renault,Clio,2021,Hybrid,7433.97,Unknown,Mixed,1,135
CTR_013896,Volkswagen,Polo,2015,Gasoline,4860.63,White,Professional,0,200
CTR_013897,Peugeot,308,2020,Diesel,7926.78,Gray,Mixed,1,155
CTR_013898,Volkswagen,Golf,2020,Hybrid,5159.97,Unknown,Professional,0,183
CTR_013902,Renault,Captur,2010,Electric,5477.13,Black,Personal,3,106
CTR_013904,Volkswagen,Polo,2020,Hybrid,12056.03,Blue,Mixed,1,131
CTR_013908,Mercedes,ClasseA,2022,Diesel,30402.01,White,Personal,2,189
CTR_013910,BMW,Serie1,2018,Gasoline,8402.15,Blue,Professional,3,104
CTR_013911,Volkswagen,Polo,2012,Electric,4806.82,Blue,Personal,3,116
CTR_013912,BMW,X1,2019,Hybrid,12070.07,Red,Professional,3,135
CTR_013917,Volkswagen,Tiguan,2022,Hybrid,13268.4,Gray,Personal,1,135
CTR_013924,Peugeot,308,2011,Electric,4003.4,Unknown,Personal,1,135
CTR_013925,Mercedes,ClasseA,2019,Electric,18750.16,Blue,Mixed,2,135
CTR_013927,Volkswagen,Golf,2022,Gasoline,16691.18,Red,Professional,2,196
CTR_013929,BMW,Serie3,2020,Gasoline,15290.01,Gray,Mixed,2,175
CTR_013930,Peugeot,3008,2019,Electric,7008.26,Black,Personal,3,135
CTR_013931,Mercedes,ClasseA,2019,Electric,18370.29,Gray,Mixed,2,176
CTR_013932,Volkswagen,Tiguan,2020,Hybrid,12105.14,Red,Professional,3,117
CTR_013933,Peugeot,3008,2022,Electric,10520.13,Blue,Personal,1,85
CTR_013934,Renault,Megane,2013,Hybrid,4159.79,Unknown,Mixed,3,181
CTR_013936,Peugeot,3008,2011,Electric,4135.47,White,Mixed,3,180
CTR_013937,Peugeot,308,2010,Hybrid,8418.145,Blue,Mixed,0,119
CTR_013938,Renault,Captur,2021,Hybrid,9535.12,Blue,Mixed,0,146
CTR_013953,Volkswagen,Tiguan,2020,Gasoline,9060.41,Black,Mixed,1,135
CTR_013955,Peugeot,308,2019,Diesel,7029.98,Gray,Mixed,1,135
CTR_013956,Peugeot,308,2024,Gasoline,14658.99,Gray,Mixed,0,75
CTR_013958,Peugeot,208,2022,Diesel,12701.64,Black,Mixed,2,114
CTR_013959,Volkswagen,Tiguan,2018,Hybrid,5905.06,Black,Mixed,0,193
CTR_013962,Renault,Megane,2020,Gasoline,7715.79,Black,Mixed,0,91
CTR_013965,Volkswagen,Golf,2024,Hybrid,19517.83,Red,Mixed,2,103
CTR_013974,Renault,Captur,2022,Diesel,10192.91,Gray,Professional,0,154
CTR_013976,Volkswagen,Golf,2019,Hybrid,6918.15,White,Mixed,2,163
CTR_013983,Peugeot,208,2022,Electric,9442.76,White,Professional,1,185
CTR_013989,Peugeot,208,2022,Electric,13351.64,Unknown,Mixed,0,110
CTR_013991,Volkswagen,Tiguan,2018,Electric,6578.04,Gray,Professional,3,105
CTR_013993,Peugeot,308,2023,Gasoline,13946.05,Red,Mixed,3,139
CTR_013994,Volkswagen,Polo,2018,Hybrid,8418.145,Blue,Mixed,0,144
CTR_013995,Volkswagen,Golf,2018,Hybrid,4536.2,White,Professional,0,115
CTR_014001,Volkswagen,Polo,2021,Gasoline,12532.0,Unknown,Mixed,3,190
CTR_014003,Renault,Clio,2023,Electric,13103.43,White,Professional,3,171
CTR_014005,Peugeot,3008,2024,Hybrid,13801.72,Unknown,Professional,3,107
CTR_014008,Renault,Captur,2013,Electric,8418.145,Blue,Professional,0,124
CTR_014010,Peugeot,208,2020,Electric,5933.58,White,Personal,1,128
CTR_014014,Renault,Captur,2024,Hybrid,13971.54,Unknown,Mixed,0,159
CTR_014026,Volkswagen,Polo,2021,Diesel,14043.47,Unknown,Professional,0,109
CTR_014030,Renault,Megane,2023,Hybrid,12318.82,Gray,Personal,0,158
CTR_014031,Renault,Captur,2022,Hybrid,12109.49,White,Professional,1,139
CTR_014033,Volkswagen,Tiguan,2018,Diesel,5561.42,Red,Personal,0,73
CTR_014035,Peugeot,3008,2019,Hybrid,4876.59,Gray,Personal,0,135
CTR_014037,Volkswagen,Tiguan,2024,Electric,17131.0,White,Professional,1,94
CTR_014038,Peugeot,3008,2020,Electric,5436.32,Red,Personal,3,118
CTR_014042,Peugeot,308,2017,Gasoline,4903.72,Unknown,Professional,0,135
CTR_014043,Renault,Captur,2018,Electric,4922.43,Black,Mixed,3,82
CTR_014046,Peugeot,208,2020,Hybrid,5956.01,Red,Professional,3,135
CTR_014047,Volkswagen,Golf,2020,Diesel,11767.01,Gray,Personal,0,135
CTR_014049,Renault,Clio,2021,Electric,7587.04,Blue,Professional,3,194
CTR_014053,Volkswagen,Tiguan,2024,Hybrid,19470.04,White,Personal,2,143
CTR_014054,Renault,Megane,2014,Hybrid,5122.65,Unknown,Professional,3,135
CTR_014056,BMW,Serie1,2019,Diesel,11409.81,Black,Mixed,2,116
CTR_014065,Renault,Captur,2018,Hybrid,4729.22,Gray,Professional,0,170
CTR_014070,Peugeot,208,2022,Diesel,13533.25,Red,Personal,2,102
CTR_014071,Volkswagen,Tiguan,2011,Diesel,5502.61,Red,Mixed,3,182
CTR_014072,BMW,Serie3,2020,Gasoline,17269.27,Unknown,Personal,1,118
CTR_014073,Renault,Clio,2019,Electric,5067.13,Black,Mixed,2,149
CTR_014074,Peugeot,208,2016,Hybrid,4566.3,Red,Mixed,1,113
CTR_014079,Volkswagen,Tiguan,2023,Electric,21903.24,Unknown,Mixed,3,190
CTR_014082,Peugeot,3008,2020,Hybrid,8418.145,Red,Mixed,2,172
CTR_014083,Renault,Clio,2013,Electric,5686.35,Red,Mixed,2,168
CTR_014088,Volkswagen,Polo,2022,Diesel,17685.16,White,Mixed,0,136
CTR_014089,Volkswagen,Golf,2020,Diesel,10251.07,Red,Professional,2,154
CTR_014095,Renault,Clio,2013,Gasoline,5890.54,Red,Personal,1,119
CTR_014096,Renault,Clio,2024,Electric,12879.73,Black,Mixed,0,122
CTR_014099,Volkswagen,Tiguan,2014,Electric,8418.145,Black,Mixed,2,135
CTR_014100,Peugeot,308,2019,Electric,5057.52,Blue,Mixed,1,135
CTR_014102,Volkswagen,Tiguan,2019,Hybrid,7186.57,White,Personal,0,188
CTR_014105,Volkswagen,Tiguan,2022,Diesel,16857.73,Black,Professional,1,103
CTR_014106,Renault,Megane,2023,Gasoline,11845.87,White,Mixed,1,70
CTR_014108,Volkswagen,Golf,2022,Electric,13060.83,Blue,Mixed,2,111
CTR_014112,Volkswagen,Tiguan,2018,Diesel,4719.75,Blue,Mixed,1,192
CTR_014113,Peugeot,3008,2020,Electric,11355.5,White,Personal,2,101
CTR_014114,Volkswagen,Golf,2018,Gasoline,5688.15,Unknown,Mixed,0,153
CTR_014115,Peugeot,3008,2024,Diesel,16767.33,Blue,Personal,3,128
CTR_014119,Peugeot,208,2024,Diesel,16288.85,Blue,Personal,1,130
CTR_014121,Renault,Megane,2020,Electric,7766.94,Unknown,Professional,1,126
CTR_014122,Volkswagen,Tiguan,2023,Diesel,16029.29,White,Mixed,3,132
CTR_014128,Volkswagen,Tiguan,2018,Electric,6034.03,Blue,Personal,0,179
CTR_014130,BMW,X1,2022,Diesel,23201.29,Blue,Personal,3,81
CTR_014140,Renault,Clio,2019,Diesel,6279.22,Unknown,Professional,1,167
CTR_014142,Renault,Megane,2022,Hybrid,11309.71,Red,Mixed,3,113
CTR_014143,Renault,Captur,2021,Hybrid,8418.145,Black,Mixed,0,114
CTR_014144,Volkswagen,Golf,2017,Gasoline,5288.51,Blue,Personal,2,100
CTR_014145,Volkswagen,Golf,2012,Gasoline,4199.43,Gray,Personal,1,181
CTR_014146,Renault,Captur,2015,Diesel,5096.04,Blue,Professional,1,179
CTR_014148,Renault,Clio,2020,Gasoline,7138.18,Gray,Professional,2,122
CTR_014152,Renault,Captur,2024,Electric,14072.6,Unknown,Personal,1,125
CTR_014153,Volkswagen,Tiguan,2022,Hybrid,14213.02,Blue,Personal,0,135
CTR_014156,Peugeot,308,2018,Electric,4936.35,Unknown,Personal,0,142
CTR_014157,Volkswagen,Tiguan,2024,Gasoline,23066.0,Red,Professional,2,175
CTR_014160,Renault,Megane,2015,Gasoline,4689.71,Gray,Personal,0,177
CTR_014161,Renault,Megane,2016,Hybrid,4089.87,Black,Personal,0,143
CTR_014170,Renault,Megane,2023,Gasoline,11119.94,Gray,Mixed,1,101
CTR_014171,Peugeot,208,2018,Gasoline,4908.73,Red,Personal,3,135
CTR_014172,Peugeot,3008,2016,Diesel,8418.145,Red,Mixed,3,134
CTR_014175,Volkswagen,Golf,2023,Hybrid,17087.12,Red,Mixed,2,189
CTR_014176,Renault,Megane,2019,Hybrid,6331.61,Black,Personal,1,140
CTR_014178,Volkswagen,Tiguan,2011,Gasoline,5830.35,Unknown,Personal,2,135
CTR_014179,Renault,Megane,2021,Electric,8912.69,White,Personal,0,135
CTR_014180,Peugeot,208,2021,Diesel,7971.38,Gray,Personal,3,189
CTR_014182,Renault,Captur,2021,Hybrid,8676.82,Blue,Personal,3,185
CTR_014183,Volkswagen,Polo,2011,Hybrid,8418.145,Red,Personal,0,141
CTR_014184,Volkswagen,Golf,2012,Hybrid,4566.0,Unknown,Professional,2,120
CTR_014186,Peugeot,3008,2018,Electric,5665.8,Gray,Professional,2,135
CTR_014188,Renault,Captur,2019,Diesel,5679.05,Blue,Professional,0,198
CTR_014195,Peugeot,208,2022,Electric,12898.38,Red,Professional,1,144
CTR_014198,Volkswagen,Golf,2016,Hybrid,5971.25,White,Mixed,1,132
CTR_014201,Peugeot,3008,2018,Gasoline,5090.46,Gray,Professional,3,135
CTR_014202,Volkswagen,Tiguan,2020,Gasoline,12115.01,Gray,Personal,1,164
CTR_014203,Volkswagen,Tiguan,2023,Hybrid,18891.6,Gray,Mixed,3,135
CTR_014204,Volkswagen,Golf,2016,Electric,4203.64,Gray,Professional,3,135
CTR_014210,Peugeot,3008,2020,Hybrid,7543.84,White,Professional,3,112
CTR_014211,Volkswagen,Polo,2023,Diesel,18718.94,White,Mixed,1,162
CTR_014212,Renault,Clio,2023,Hybrid,14664.68,White,Personal,3,190
CTR_014213,Renault,Megane,2019,Electric,6407.89,White,Personal,3,135
CTR_014215,Renault,Clio,2018,Gasoline,5274.58,Blue,Professional,3,118
CTR_014216,Renault,Clio,2011,Diesel,4180.19,Blue,Mixed,1,135
CTR_014217,Renault,Megane,2024,Diesel,11997.68,Gray,Personal,1,155
CTR_014222,Renault,Megane,2024,Hybrid,13038.6,Black,Professional,1,132
CTR_014225,Renault,Captur,2020,Diesel,6680.26,Blue,Professional,0,113
CTR_014227,Volkswagen,Polo,2021,Diesel,11374.62,White,Mixed,1,135
CTR_014229,Peugeot,3008,2023,Hybrid,13819.32,Blue,Personal,2,179
CTR_014230,Peugeot,3008,2012,Diesel,4859.42,White,Professional,2,152
CTR_014233,Peugeot,208,2010,Gasoline,5369.98,Blue,Personal,1,71
CTR_014234,Mercedes,ClasseA,2017,Diesel,6110.64,White,Professional,3,182
CTR_014237,Volkswagen,Polo,2024,Electric,8418.145,Gray,Personal,2,196
CTR_014239,Peugeot,208,2023,Gasoline,14813.14,Gray,Mixed,3,147
CTR_014240,Renault,Captur,2023,Gasoline,10332.83,Blue,Professional,2,117
CTR_014241,Renault,Megane,2023,Hybrid,14728.11,Unknown,Mixed,1,95
CTR_014242,Peugeot,308,2014,Gasoline,5311.26,Black,Mixed,1,135
CTR_014246,Volkswagen,Tiguan,2024,Diesel,16977.3,Blue,Mixed,0,135
CTR_014247,Peugeot,208,2018,Gasoline,5244.82,Black,Mixed,0,147
CTR_014249,Renault,Captur,2013,Electric,4563.75,Unknown,Professional,1,132
CTR_014262,Volkswagen,Polo,2019,Electric,8019.92,Black,Professional,3,135
CTR_014264,Volkswagen,Polo,2023,Diesel,16127.68,Gray,Professional,0,129
CTR_014266,Peugeot,208,2020,Diesel,8426.38,White,Personal,0,135
CTR_014269,Renault,Captur,2020,Electric,7242.35,Red,Professional,3,135
CTR_014274,Volkswagen,Polo,2011,Diesel,6128.92,White,Personal,2,165
CTR_014275,Renault,Megane,2017,Diesel,8418.145,Blue,Personal,0,124
CTR_014281,Volkswagen,Golf,2020,Gasoline,11049.7,Unknown,Mixed,0,108
CTR_014283,Mercedes,ClasseA,2018,Hybrid,12041.52,Black,Personal,2,135
CTR_014285,Volkswagen,Tiguan,2020,Hybrid,10306.47,Red,Professional,1,144
CTR_014287,Mercedes,ClasseC,2022,Electric,34757.0,Red,Mixed,3,152
CTR_014290,Volkswagen,Polo,2023,Gasoline,15112.4,White,Personal,3,164
CTR_014291,Renault,Captur,2019,Gasoline,6178.85,Unknown,Mixed,3,122
CTR_014295,Mercedes,ClasseA,2022,Hybrid,25924.97,Red,Professional,1,148
CTR_014296,Peugeot,208,2022,Electric,9835.0,Black,Personal,2,100
CTR_014299,Volkswagen,Tiguan,2024,Gasoline,17611.9,White,Mixed,0,135
CTR_014301,Volkswagen,Polo,2018,Diesel,6556.89,Red,Professional,2,137
CTR_014302,Volkswagen,Golf,2021,Diesel,13511.74,Blue,Professional,0,194
CTR_014308,Renault,Clio,2024,Gasoline,13696.96,Black,Mixed,3,98
CTR_014309,Peugeot,3008,2021,Hybrid,8887.54,White,Professional,2,135
CTR_014310,Volkswagen,Tiguan,2021,Gasoline,13377.0,Blue,Mixed,1,92
CTR_014311,Renault,Megane,2021,Diesel,7684.77,Unknown,Personal,2,132
CTR_014314,Peugeot,208,2011,Diesel,5257.32,Unknown,Personal,1,135
CTR_014316,BMW,Serie3,2018,Hybrid,8418.145,Unknown,Professional,1,93
CTR_014319,Volkswagen,Golf,2019,Hybrid,6862.3,Red,Personal,0,173
CTR_014323,Mercedes,GLA,2014,Electric,5415.85,White,Mixed,2,96
CTR_014330,Peugeot,208,2024,Diesel,17243.82,Gray,Professional,3,135
CTR_014332,Renault,Clio,2023,Hybrid,10228.56,Black,Personal,0,95
CTR_014333,Peugeot,308,2019,Diesel,6333.04,Unknown,Mixed,3,173
CTR_014335,Mercedes,ClasseC,2018,Gasoline,9237.34,White,Professional,1,189
CTR_014339,Peugeot,208,2012,Hybrid,5757.94,Unknown,Mixed,2,189
CTR_014341,Peugeot,308,2015,Electric,4783.33,Unknown,Personal,1,129
CTR_014344,Renault,Clio,2024,Gasoline,15350.0,Unknown,Mixed,0,139
CTR_014346,Volkswagen,Golf,2023,Hybrid,15296.18,Gray,Personal,0,107
CTR_014349,Volkswagen,Tiguan,2023,Gasoline,20143.91,Red,Professional,2,129
CTR_014358,Renault,Megane,2024,Gasoline,13603.35,White,Professional,1,122
CTR_014363,Peugeot,208,2022,Gasoline,10072.39,Gray,Personal,2,124
CTR_014364,Peugeot,208,2024,Diesel,15434.7,Unknown,Mixed,3,183
CTR_014366,Volkswagen,Golf,2020,Diesel,8418.145,Unknown,Professional,2,113
CTR_014368,Renault,Clio,2015,Diesel,4574.1,Black,Professional,2,118
CTR_014371,Volkswagen,Golf,2023,Diesel,14886.4,Blue,Mixed,3,135
CTR_014372,Volkswagen,Polo,2024,Gasoline,17711.18,Blue,Professional,0,107
CTR_014373,Renault,Captur,2019,Hybrid,6267.21,White,Mixed,2,170
CTR_014378,Mercedes,ClasseC,2021,Hybrid,25841.44,Red,Professional,2,135
CTR_014385,BMW,Serie3,2018,Gasoline,9231.36,Gray,Professional,3,135
CTR_014386,Volkswagen,Golf,2022,Electric,8418.145,Gray,Mixed,0,123
CTR_014387,Volkswagen,Polo,2022,Hybrid,17008.12,Blue,Mixed,1,135
CTR_014390,Renault,Captur,2022,Hybrid,8418.145,Blue,Professional,2,190
CTR_014391,Peugeot,308,2023,Electric,11144.67,Unknown,Personal,3,135
CTR_014395,Volkswagen,Golf,2023,Hybrid,15377.77,Red,Personal,3,136
CTR_014398,BMW,X1,2010,Gasoline,5350.34,Blue,Personal,1,193
CTR_014403,BMW,X1,2023,Diesel,31576.98,Unknown,Professional,2,155
CTR_014406,Renault,Clio,2014,Gasoline,5961.56,Unknown,Personal,2,135
CTR_014409,Peugeot,208,2015,Diesel,4026.99,Unknown,Personal,3,107
CTR_014412,Peugeot,208,2021,Electric,12151.57,Blue,Professional,0,185
CTR_014415,Renault,Megane,2021,Gasoline,7219.14,White,Mixed,2,135
CTR_014418,Mercedes,ClasseA,2014,Gasoline,4849.52,Red,Personal,0,138
CTR_014419,Renault,Megane,2020,Hybrid,8493.11,Red,Personal,2,135
CTR_014420,Renault,Clio,2023,Gasoline,13100.67,Gray,Personal,3,142
CTR_014422,Peugeot,208,2011,Gasoline,5166.6,Black,Personal,2,97
CTR_014424,BMW,Serie3,2021,Electric,20728.95,Blue,Personal,1,109
CTR_014425,Volkswagen,Tiguan,2015,Electric,5932.26,Blue,Mixed,2,108
CTR_014426,Volkswagen,Golf,2010,Electric,4770.09,Red,Personal,0,141
CTR_014429,Renault,Clio,2016,Gasoline,4993.75,Unknown,Mixed,3,85
CTR_014432,Peugeot,3008,2020,Gasoline,5887.09,White,Mixed,0,173
CTR_014433,Volkswagen,Golf,2014,Hybrid,4252.6,Blue,Professional,3,154
CTR_014438,Renault,Captur,2022,Electric,10314.62,Black,Professional,3,136
CTR_014441,Volkswagen,Polo,2024,Hybrid,16314.74,Blue,Mixed,0,140
CTR_014443,Volkswagen,Polo,2018,Gasoline,6550.03,Black,Professional,3,172
CTR_014446,Mercedes,ClasseA,2020,Diesel,19320.2,Blue,Mixed,3,120
CTR_014449,Peugeot,3008,2024,Electric,15802.82,Black,Mixed,0,135
CTR_014453,Renault,Clio,2023,Gasoline,14145.96,Unknown,Personal,3,135
CTR_014454,Mercedes,GLA,2023,Hybrid,39682.03,Blue,Personal,1,166
CTR_014456,Renault,Megane,2024,Diesel,16090.99,Blue,Professional,2,128
CTR_014457,Volkswagen,Tiguan,2015,Gasoline,5440.62,Red,Personal,0,131
CTR_014459,Renault,Clio,2022,Gasoline,9336.57,Blue,Personal,0,68
CTR_014461,Volkswagen,Golf,2021,Diesel,12116.73,Blue,Personal,0,135
CTR_014467,Renault,Captur,2014,Hybrid,5024.06,Blue,Mixed,0,196
CTR_014469,Volkswagen,Tiguan,2018,Gasoline,5234.77,Blue,Professional,3,160
CTR_014470,Volkswagen,Tiguan,2019,Hybrid,9456.75,Black,Personal,0,80
CTR_014474,Peugeot,3008,2020,Electric,8757.33,White,Mixed,0,139
CTR_014480,Volkswagen,Polo,2024,Electric,22391.0,Gray,Professional,0,189
CTR_014483,Renault,Megane,2024,Hybrid,13222.0,Blue,Professional,0,177
CTR_014484,Volkswagen,Tiguan,2021,Hybrid,14104.77,White,Mixed,1,104
CTR_014486,Volkswagen,Golf,2012,Hybrid,5228.11,Unknown,Professional,0,116
CTR_014487,Renault,Clio,2015,Electric,4750.43,Red,Mixed,2,135
CTR_014491,Volkswagen,Tiguan,2022,Gasoline,8418.145,Blue,Professional,2,135
CTR_014493,Renault,Clio,2018,Diesel,5577.67,Gray,Personal,1,124
CTR_014495,Renault,Captur,2024,Gasoline,14542.08,Unknown,Personal,2,113
CTR_014500,Peugeot,3008,2024,Diesel,12221.97,Gray,Professional,1,90
CTR_014501,Peugeot,3008,2019,Diesel,4852.0,Blue,Professional,1,99
CTR_014502,Renault,Megane,2024,Diesel,15915.04,Gray,Personal,3,135
CTR_014503,Peugeot,208,2022,Electric,9529.58,White,Personal,1,181
CTR_014511,BMW,X1,2021,Gasoline,22573.48,Unknown,Mixed,2,160
CTR_014517,Peugeot,208,2023,Diesel,13773.74,White,Personal,0,169
CTR_014519,Renault,Captur,2020,Diesel,8491.28,Unknown,Mixed,1,188
CTR_014521,Renault,Captur,2017,Diesel,5029.05,Red,Mixed,3,178
CTR_014522,Peugeot,3008,2020,Electric,7529.91,Black,Professional,3,119
CTR_014526,Volkswagen,Golf,2010,Gasoline,4521.34,Gray,Mixed,3,111
CTR_014527,Peugeot,3008,2020,Gasoline,8418.145,White,Professional,0,91
CTR_014530,Volkswagen,Golf,2019,Diesel,7110.58,Red,Personal,2,135
CTR_014532,Peugeot,208,2018,Electric,5630.28,Blue,Professional,2,135
CTR_014535,Mercedes,ClasseA,2022,Electric,33523.64,White,Personal,3,116
CTR_014538,Volkswagen,Polo,2021,Electric,10659.55,Black,Mixed,0,111
CTR_014543,Renault,Megane,2018,Hybrid,4959.2,Blue,Mixed,0,138
CTR_014547,BMW,Serie1,2020,Gasoline,16757.27,White,Professional,0,135
CTR_014548,Volkswagen,Polo,2019,Gasoline,8479.0,White,Professional,0,105
CTR_014551,Renault,Megane,2022,Hybrid,12603.47,Black,Personal,2,172
CTR_014556,Peugeot,3008,2021,Diesel,10101.84,Black,Professional,1,183
CTR_014557,Renault,Megane,2013,Electric,5491.4,Black,Professional,1,131
CTR_014559,Volkswagen,Polo,2019,Diesel,7674.01,Black,Professional,0,159
CTR_014560,Volkswagen,Golf,2018,Hybrid,4553.22,Gray,Personal,3,145
CTR_014563,BMW,Serie3,2022,Diesel,25728.57,White,Professional,2,148
CTR_014565,Volkswagen,Tiguan,2018,Electric,5624.18,Red,Mixed,0,153
CTR_014569,Volkswagen,Golf,2021,Electric,12762.0,White,Professional,0,132
CTR_014570,Renault,Clio,2017,Diesel,4467.09,Red,Professional,0,131
CTR_014571,Peugeot,308,2018,Hybrid,4949.99,Black,Mixed,0,133
CTR_014576,Mercedes,GLA,2022,Hybrid,33050.79,Unknown,Professional,3,181
CTR_014577,Renault,Captur,2018,Electric,4622.95,Black,Mixed,3,153
CTR_014580,Renault,Clio,2021,Electric,9440.27,Red,Mixed,0,135
CTR_014583,Renault,Megane,2023,Gasoline,10611.14,Black,Professional,1,109
CTR_014585,Peugeot,3008,2022,Gasoline,10387.89,Unknown,Professional,3,167
CTR_014587,Renault,Captur,2020,Gasoline,8398.0,Red,Professional,0,135
CTR_014588,Renault,Clio,2013,Electric,5253.24,White,Professional,1,188
CTR_014590,Peugeot,3008,2018,Gasoline,4171.0,Blue,Professional,0,113
CTR_014591,Volkswagen,Polo,2021,Diesel,11594.94,White,Professional,2,131
CTR_014610,Renault,Captur,2020,Diesel,8718.42,Black,Mixed,2,96
CTR_014611,Peugeot,3008,2018,Hybrid,4540.21,Unknown,Personal,2,101
CTR_014616,BMW,X1,2016,Diesel,5161.02,White,Mixed,0,190
CTR_014620,Renault,Megane,2014,Gasoline,8418.145,Red,Professional,1,96
CTR_014621,BMW,X1,2015,Hybrid,4804.73,Gray,Professional,2,186
CTR_014622,Volkswagen,Golf,2020,Gasoline,8460.52,Red,Professional,1,111
CTR_014625,Volkswagen,Golf,2022,Diesel,13888.77,Red,Professional,1,186
CTR_014626,Peugeot,3008,2020,Gasoline,9214.45,Unknown,Personal,1,156
CTR_014629,BMW,Serie3,2024,Gasoline,28268.67,Gray,Professional,2,186
CTR_014634,Volkswagen,Golf,2019,Gasoline,8690.19,Gray,Professional,0,115
CTR_014635,Peugeot,3008,2019,Diesel,6942.6,Red,Personal,3,112
CTR_014638,Mercedes,ClasseC,2022,Hybrid,33590.62,White,Mixed,2,93
CTR_014640,Renault,Clio,2022,Diesel,9887.75,Red,Professional,1,135
CTR_014641,Renault,Captur,2022,Hybrid,11799.82,Red,Mixed,1,135
CTR_014642,Renault,Captur,2024,Gasoline,16058.27,White,Mixed,0,118
CTR_014643,Peugeot,208,2021,Hybrid,11425.76,Black,Mixed,1,177
CTR_014647,BMW,X1,2015,Diesel,4194.06,Gray,Mixed,2,153
CTR_014651,Volkswagen,Golf,2019,Electric,7477.71,Red,Personal,3,181
CTR_014655,Renault,Captur,2010,Gasoline,5911.62,White,Mixed,3,192
CTR_014657,Peugeot,3008,2024,Hybrid,17235.75,Unknown,Professional,3,169
CTR_014661,Peugeot,3008,2023,Electric,11674.48,Black,Mixed,0,135
CTR_014662,Volkswagen,Tiguan,2020,Hybrid,9504.33,Red,Professional,0,185
CTR_014663,Volkswagen,Polo,2019,Gasoline,7068.81,Black,Personal,0,135
CTR_014664,Peugeot,3008,2022,Hybrid,9523.63,Blue,Personal,1,175
CTR_014666,Peugeot,308,2023,Electric,8418.145,Black,Personal,1,122
CTR_014671,Peugeot,3008,2021,Electric,9752.82,Blue,Professional,3,154
CTR_014675,Volkswagen,Polo,2022,Diesel,13617.16,Red,Professional,2,187
CTR_014676,Renault,Captur,2022,Diesel,12462.75,Gray,Personal,1,131
CTR_014677,Peugeot,308,2018,Diesel,4808.0,Gray,Mixed,0,182
CTR_014680,Renault,Captur,2023,Diesel,13025.68,Gray,Personal,0,174
CTR_014681,Peugeot,308,2023,Diesel,13896.04,Gray,Mixed,3,135
CTR_014682,Peugeot,208,2020,Electric,6960.08,Red,Professional,3,121
CTR_014686,Volkswagen,Polo,2010,Gasoline,5173.7,Blue,Mixed,3,76
CTR_014687,Peugeot,3008,2018,Gasoline,4727.97,Gray,Personal,0,108
CTR_014692,Volkswagen,Polo,2024,Gasoline,21560.07,Blue,Mixed,3,164
CTR_014694,Peugeot,208,2022,Hybrid,10249.55,Blue,Personal,0,91
CTR_014699,BMW,Serie3,2018,Diesel,8567.01,White,Mixed,2,190
CTR_014700,Volkswagen,Tiguan,2020,Gasoline,9359.23,White,Personal,3,135
CTR_014704,Volkswagen,Tiguan,2019,Electric,9394.0,Red,Mixed,3,142
CTR_014705,Volkswagen,Golf,2020,Electric,11852.79,Black,Mixed,0,110
CTR_014706,Volkswagen,Tiguan,2023,Hybrid,19915.44,Unknown,Mixed,0,173
CTR_014709,Volkswagen,Polo,2015,Hybrid,6117.53,Gray,Mixed,3,172
CTR_014713,Peugeot,3008,2020,Gasoline,8227.29,Red,Professional,3,110
CTR_014714,Peugeot,208,2018,Gasoline,4196.8,Gray,Personal,0,177
CTR_014717,Volkswagen,Tiguan,2015,Hybrid,4649.3,Unknown,Personal,2,118
CTR_014722,Peugeot,308,2021,Gasoline,9837.58,Blue,Personal,3,192
CTR_014725,BMW,Serie3,2024,Electric,29480.5,Blue,Professional,2,74
CTR_014728,Volkswagen,Polo,2018,Gasoline,4547.46,Blue,Professional,0,142
CTR_014730,Peugeot,208,2015,Electric,4186.86,Gray,Personal,2,107
CTR_014731,Volkswagen,Polo,2018,Electric,4722.08,Black,Mixed,2,136
CTR_014737,BMW,X1,2024,Electric,29533.54,Black,Mixed,3,100
CTR_014738,Renault,Captur,2020,Electric,4380.34,Blue,Mixed,2,105
CTR_014740,Renault,Captur,2017,Hybrid,4998.19,Blue,Professional,1,91
CTR_014741,Renault,Megane,2021,Electric,8191.06,White,Professional,3,152
CTR_014742,Peugeot,308,2023,Hybrid,16611.65,Gray,Professional,1,135
CTR_014757,Peugeot,308,2018,Diesel,5752.28,Red,Mixed,1,139
CTR_014759,Peugeot,308,2018,Electric,5840.5,White,Personal,3,178
CTR_014762,Renault,Captur,2023,Gasoline,8418.145,White,Personal,0,139
CTR_014763,Peugeot,3008,2018,Gasoline,5548.08,Gray,Personal,1,138
CTR_014766,Peugeot,308,2016,Gasoline,5181.97,Black,Professional,1,114
CTR_014768,Renault,Clio,2020,Diesel,6244.41,Black,Mixed,1,135
CTR_014770,Volkswagen,Tiguan,2020,Gasoline,10964.51,Blue,Mixed,2,135
CTR_014772,Volkswagen,Tiguan,2019,Diesel,8418.145,White,Mixed,0,127
CTR_014775,Peugeot,308,2021,Electric,9016.09,Unknown,Personal,1,135
CTR_014776,Peugeot,208,2024,Electric,16480.05,White,Personal,1,119
CTR_014778,Peugeot,208,2020,Hybrid,8656.49,Black,Mixed,0,188
CTR_014780,Volkswagen,Tiguan,2022,Electric,16072.99,Black,Mixed,0,161
CTR_014781,Peugeot,308,2010,Hybrid,5766.55,Blue,Personal,3,169
CTR_014782,Renault,Clio,2023,Hybrid,10569.68,Gray,Personal,0,135
CTR_014783,Peugeot,3008,2024,Diesel,17060.0,Red,Professional,0,145
CTR_014791,Peugeot,3008,2020,Electric,11904.93,White,Mixed,2,110
CTR_014792,Peugeot,308,2023,Gasoline,15077.9,White,Professional,1,122
CTR_014801,Renault,Megane,2023,Diesel,12481.04,White,Personal,3,98
CTR_014806,Volkswagen,Polo,2020,Gasoline,11919.17,White,Mixed,2,135
CTR_014807,Peugeot,308,2021,Electric,11125.22,Black,Professional,1,66
CTR_014808,Mercedes,ClasseC,2016,Hybrid,5754.81,Gray,Mixed,2,171
CTR_014809,Renault,Megane,2016,Electric,4535.36,Blue,Personal,3,144
CTR_014816,Renault,Captur,2024,Diesel,15367.01,White,Mixed,0,180
CTR_014817,Volkswagen,Polo,2020,Diesel,4182.0,Black,Mixed,2,135
CTR_014818,Peugeot,3008,2014,Diesel,4171.96,Unknown,Personal,0,142
CTR_014819,Renault,Clio,2022,Diesel,10688.54,Gray,Mixed,3,80
CTR_014827,Volkswagen,Tiguan,2018,Hybrid,4560.11,Unknown,Personal,3,157
CTR_014828,BMW,Serie1,2023,Diesel,29983.84,White,Mixed,1,135
CTR_014829,Volkswagen,Tiguan,2011,Gasoline,5581.5,Unknown,Personal,1,76
CTR_014831,Renault,Captur,2023,Gasoline,14239.33,Black,Mixed,0,172
CTR_014832,Renault,Captur,2018,Gasoline,4509.56,Unknown,Mixed,1,180
CTR_014833,Volkswagen,Polo,2023,Electric,14621.94,Blue,Mixed,0,118
CTR_014834,Renault,Captur,2018,Diesel,5261.31,Gray,Professional,2,135
CTR_014837,Renault,Captur,2014,Hybrid,4529.67,Gray,Mixed,3,91
CTR_014842,Peugeot,308,2020,Hybrid,6313.16,Unknown,Personal,0,126
CTR_014845,Volkswagen,Tiguan,2010,Gasoline,4262.4,Black,Personal,0,127
CTR_014846,Peugeot,208,2022,Electric,13398.9,Unknown,Mixed,1,181
CTR_014850,Peugeot,3008,2021,Electric,11040.29,Blue,Mixed,3,135
CTR_014852,Renault,Clio,2020,Hybrid,9063.83,Unknown,Mixed,3,117
CTR_014857,Mercedes,GLA,2017,Gasoline,5989.05,Red,Mixed,1,101
CTR_014860,Volkswagen,Tiguan,2017,Electric,5429.05,Unknown,Mixed,2,199
CTR_014865,Renault,Megane,2018,Gasoline,5914.03,White,Professional,0,91
CTR_014866,Renault,Clio,2019,Gasoline,5751.38,Black,Professional,1,141
CTR_014867,Volkswagen,Golf,2018,Electric,5226.14,Black,Personal,1,107
CTR_014870,Renault,Captur,2011,Gasoline,5598.66,Black,Professional,1,101
CTR_014871,Renault,Captur,2020,Gasoline,11976.7,Gray,Personal,1,94
CTR_014875,Volkswagen,Tiguan,2018,Electric,5773.0,Black,Personal,1,137
CTR_014882,BMW,X1,2022,Electric,27038.49,Unknown,Mixed,3,137
CTR_014892,BMW,X1,2016,Diesel,4434.84,Gray,Mixed,0,116
CTR_014897,Peugeot,3008,2019,Diesel,4801.6,Red,Personal,2,159
CTR_014905,BMW,X1,2013,Electric,5997.67,Unknown,Personal,2,135
CTR_014918,Peugeot,308,2018,Gasoline,4833.66,Gray,Mixed,3,135
CTR_014920,Peugeot,3008,2019,Electric,5481.16,Black,Mixed,1,199
CTR_014926,Renault,Megane,2013,Gasoline,5531.76,Gray,Personal,2,143
CTR_014928,Peugeot,308,2018,Hybrid,5185.05,Black,Professional,2,99
CTR_014930,Peugeot,208,2020,Diesel,5760.92,Red,Mixed,0,135
CTR_014934,Renault,Captur,2022,Diesel,11836.37,White,Mixed,2,135
CTR_014935,Mercedes,ClasseA,2018,Hybrid,10222.33,White,Professional,0,76
CTR_014936,Volkswagen,Tiguan,2017,Hybrid,5184.49,Blue,Mixed,0,143
CTR_014938,Renault,Megane,2019,Electric,5606.05,Unknown,Personal,2,121
CTR_014942,Volkswagen,Golf,2021,Gasoline,15130.03,Blue,Mixed,2,95
CTR_014946,Renault,Megane,2021,Electric,8026.62,Unknown,Personal,2,100
CTR_014947,Peugeot,308,2018,Diesel,4567.67,White,Mixed,1,143
CTR_014951,Peugeot,3008,2015,Gasoline,5840.86,Unknown,Personal,3,135
CTR_014952,Peugeot,3008,2022,Hybrid,11207.62,Blue,Mixed,3,135
CTR_014953,Peugeot,308,2016,Diesel,4914.51,White,Mixed,0,135
CTR_014954,Renault,Megane,2012,Diesel,5736.42,Red,Personal,1,135
CTR_014957,Peugeot,208,2013,Gasoline,4592.1,Gray,Mixed,0,135
CTR_014959,Peugeot,3008,2021,Electric,10356.09,White,Mixed,0,125
CTR_014961,Mercedes,ClasseA,2015,Electric,5443.05,Red,Personal,0,171
CTR_014962,Peugeot,308,2018,Electric,4884.8,Red,Personal,2,95
CTR_014964,Peugeot,308,2020,Electric,7281.96,Red,Personal,2,128
CTR_014965,Peugeot,208,2020,Gasoline,8569.57,Gray,Mixed,0,103
CTR_014967,Peugeot,3008,2018,Diesel,4511.85,Red,Personal,1,135
CTR_014970,Renault,Megane,2023,Gasoline,13893.56,White,Mixed,0,135
CTR_014973,Renault,Megane,2024,Hybrid,13531.0,White,Personal,0,163
CTR_014975,Renault,Captur,2016,Hybrid,4036.75,Gray,Professional,1,112
CTR_014977,Peugeot,208,2024,Hybrid,15415.63,Red,Mixed,0,135
CTR_014980,BMW,Serie3,2021,Hybrid,19661.98,Red,Mixed,0,134
CTR_014982,Peugeot,208,2020,Gasoline,8418.145,White,Mixed,0,135
CTR_014986,Volkswagen,Tiguan,2023,Gasoline,19770.0,White,Professional,0,124
CTR_014988,Peugeot,3008,2024,Hybrid,13140.08,Gray,Personal,1,90
